rank,ingredient_name,frequency
1,olive oil,2732
2,butter,2045
3,flour,1669
4,eggs,1494
5,garlic,1201
6,onion,1170
7,caster sugar,1104
8,milk,1029
9,golden caster sugar,997
10,garlic clove,917
11,coriander,851
12,lemon,841
13,vegetable oil,816
14,icing sugar,799
15,double cream,797
16,egg,749
17,spring onions,672
18,vanilla extract,621
19,self-raising flour,610
20,garlic cloves crushed,606
21,red onion,603
22,unsalted butter,597
23,sunflower oil,568
24,powder,560
25,cinnamon,529
26,red chilli,473
27,parsley,471
28,onions,460
29,ginger,438
30,cumin,413
31,paprika,407
32,rapeseed oil,400
33,tomato purée,399
34,parmesan,374
35,carrots,364
36,chopped tomatoes,352
37,turmeric,346
38,honey,336
39,bay,329
40,lemon juice,327
41,dark chocolate,325
42,cornflour,322
43,extra virgin olive oil,321
44,mint,320
45,sugar,318
46,soy sauce,316
47,chilli flakes,315
48,light brown soft sugar,302
49,dijon mustard,298
50,cherry tomatoes,297
51,lime,289
52,basil,284
53,thyme,281
54,red wine vinegar,277
55,white wine vinegar,271
56,chicken stock,269
57,vegetable stock,265
58,cumin seeds,255
59,cocoa powder,254
60,crème fraîche,246
61,maple syrup,241
62,clear honey,229
63,bicarbonate,229
64,sesame oil,227
65,tomatoes,219
66,carrot,215
67,oregano,211
68,cucumber,203
69,light muscovado sugar,201
70,sesame seeds,199
71,1 lemon,197
72,shallots,196
73,mayonnaise,194
74,egg yolks,193
75,red onions,192
76,white wine,192
77,natural yogurt,190
78,oil,188
79,balsamic vinegar,188
80,red pepper,186
81,salt,181
82,celery sticks,181
83,potatoes,179
84,chickpeas,178
85,almonds,176
86,frozen peas,176
87,flat-leaf parsley,175
88,rocket,174
89,wholegrain mustard,172
90,baby spinach,169
91,coconut milk,168
92,ice,166
93,orange,166
94,greek yogurt,165
95,extra-virgin olive oil,164
96,golden syrup,163
97,capers,162
98,soured cream,162
99,cinnamon stick,161
100,juice,161
101,bay leaf,158
102,salted butter,157
103,flaked almonds,155
104,red wine,154
105,feta,154
106,dill,149
107,spinach,149
108,mixed spice,148
109,thyme sprigs,147
110,coriander leaves,143
111,fennel seeds,141
112,pine nuts,136
113,white chocolate,134
114,fish sauce,131
115,nutmeg,131
116,limes,130
117,breadcrumbs,130
118,garam masala,129
119,egg whites,129
120,green chilli,125
121,grated parmesan,125
122,red peppers,123
123,vegetable,122
124,cider vinegar,122
125,cayenne pepper,122
126,star anise,119
127,chilli powder,118
128,coriander seeds,116
129,basmati rice,115
130,sage,114
131,egg yolk,113
132,mature cheddar,112
133,coriander roughly chopped,111
134,pomegranate seeds,111
135,strong white bread flour,109
136,watercress,109
137,lime juice,109
138,lemons,107
139,cheddar,107
140,worcestershire sauce,107
141,thumb-sized piece ginger,107
142,vanilla bean paste,106
143,new potatoes,106
144,chicken,105
145,mascarpone,103
146,radishes,102
147,courgettes,101
148,rice,101
149,demerara sugar,100
150,tahini,99
151,sherry vinegar,99
152,leeks,98
153,beef stock,97
154,sweet potatoes,97
155,light soy sauce,96
156,mint leaves,96
157,brandy,95
158,passata,94
159,black peppercorns,94
160,cold butter,93
161,cranberries,92
162,rosemary sprigs,91
163,raisins,91
164,zest 1 lemon,90
165,granulated sugar,90
166,strawberries,89
167,red chillies,89
168,room temperature,88
169,potato,88
170,green chillies,87
171,desiccated coconut,87
172,chopped tomato,86
173,crusty bread,86
174,curry powder,86
175,chopped parsley,86
176,spaghetti,85
177,harissa,85
178,almond,85
179,celery stick,84
180,black beans,84
181,cardamom pods,84
182,spring onion,83
183,streaky bacon,83
184,basil leaves,81
185,green beans,81
186,raspberries,81
187,walnuts,81
188,frac12,80
189,chives,80
190,pot double cream,80
191,buttermilk,79
192,vegetable bouillon powder,78
193,fennel bulb,77
194,feta cheese,77
195,milk chocolate,76
196,porridge oats,76
197,pumpkin seeds,75
198,thumb-sized piece,74
199,vodka,74
200,chopped coriander,74
201,chipotle paste,74
202,semi-skimmed milk,73
203,ricotta,72
204,chestnut mushrooms,72
205,garlic cloves grated,71
206,mushrooms,71
207,vanilla pod,71
208,chicken breasts,71
209,1 lime,71
210,egg white,70
211,garlic granules,70
212,black olives,70
213,pistachios,70
214,salmon,69
215,sweet chilli sauce,69
216,soft cheese,69
217,soft brown sugar,69
218,tarragon,69
219,pecans,67
220,apples,67
221,mozzarella,67
222,black pepper,67
223,boneless,66
224,full-fat milk,66
225,brown sugar,66
226,sea salt flakes,66
227,sultanas,65
228,couscous,65
229,butter beans,65
230,red cabbage,65
231,apple cider vinegar,65
232,courgette,65
233,pesto,65
234,sachet fast-action dried yeast,64
235,rice vinegar,64
236,skinless chicken breasts,64
237,aubergines,64
238,salad,64
239,avocado,64
240,frozen pea,63
241,coconut oil,63
242,thyme sprigs leaves,63
243,dark muscovado sugar,63
244,panko breadcrumbs,62
245,cannellini beans,62
246,small pieces,62
247,ready-rolled puff pastry,61
248,new potato,61
249,1  lemon,61
250,lemon wedges,61
251,leek,61
252,blueberries,60
253,broccoli,60
254,shallot finely chopped,60
255,mango chutney,60
256,heaped tbsp,59
257,hazelnuts,59
258,maris piper potatoes,59
259,tomato ketchup,59
260,aubergine,58
261,dry white wine,58
262,olive,58
263,floury potatoes,58
264,garlic bulb,58
265,breadcrumb,58
266,grating,57
267,cooked beetroot,57
268,english mustard,57
269,little gem lettuces,57
270,apple,57
271,apricots,57
272,sea salt,56
273,rice wine vinegar,56
274,ripe tomatoes,56
275,pasta,56
276,wholemeal flour,56
277,sunflower,56
278,butternut squash,56
279,digestive biscuits,56
280,allspice,55
281,tomato,55
282,rosemary,55
283,gruyère,55
284,cherry tomato,55
285,dark soy sauce,54
286,hot vegetable stock,54
287,thyme leaves,54
288,sweet smoked paprika,53
289,molasses,53
290,pancetta,52
291,small chunks,52
292,orange juice,52
293,english mustard powder,52
294,red,51
295,gin,51
296,sweetcorn,51
297,cocoa,50
298,tsp,50
299,kale,50
300,cauliflower,50
301,beef mince,50
302,your choice,50
303,ketchup,49
304,skinless,49
305,large chunks,48
306,green pepper,48
307,red lentils,48
308,celery,48
309,parsnips,48
310,finely grated zest,48
311,zest 1 orange,47
312,sweet potato,47
313,single cream,47
314,juice ½ lemon,46
315,plum tomatoes,46
316,apricot jam,46
317,coconut cream,46
318,prosciutto,46
319,lime wedges,46
320,cooked rice,46
321,cream cheese,45
322,porcini mushrooms,45
323,rosemary sprig,45
324,chickpea,45
325,white cabbage,45
326,pine nut,45
327,carton double cream,45
328,nigella seeds,45
329,roasted red peppers,44
330,quinoa,44
331,soft butter,44
332,shallot,44
333,almond extract,44
334,green salad,44
335,pork sausages,44
336,cinnamon sticks,44
337,brown basmati rice,44
338,full-fat soft cheese,43
339,pork mince,43
340,yogurt,43
341,flaked almond,43
342,white pepper,43
343,chorizo,43
344,chopped dill,43
345,small cubes,43
346,mixed herbs,43
347,green olives,43
348,curry,43
349,peas,43
350,water,43
351,banana,43
352,cream,42
353,dark brown soft sugar,42
354,white caster sugar,42
355,mustard powder,42
356,fast-action dried yeast,42
357,salmon fillets,41
358,mixed dried fruit,41
359,chives snipped,41
360,groundnut oil,41
361,chicken stock cube,41
362,grated ginger,41
363,ghee,41
364,sumac,41
365,bulgur wheat,40
366,condensed milk,40
367,pineapple,40
368,lasagne sheets,40
369,balls,40
370,harissa paste,40
371,cumin seed,39
372,lemon curd,39
373,blackberries,39
374,celeriac,39
375,peppers,39
376,yeast,39
377,banana shallots,39
378,bread,38
379,mixed seeds,38
380,thyme sprig,38
381,kalamata olives,38
382,chinese five-spice powder,38
383,clementines,38
384,chicken thighs,38
385,chocolate,37
386,ball mozzarella,37
387,lamb mince,37
388,avocados,37
389,soft light brown sugar,37
390,vanilla paste,37
391,splash,37
392,grated cheddar,36
393,goat's cheese,36
394,chopped mint,36
395,mango,36
396,ripe bananas,36
397,white breadcrumbs,36
398,puff,36
399,freshly grated nutmeg,36
400,florets,36
401,black treacle,36
402,mirin,35
403,raspberry jam,35
404,gelatine,35
405,chestnut mushroom,35
406,penne,35
407,burger buns,35
408,oranges,35
409,root ginger,34
410,sesame seed,34
411,1  lime,34
412,few drops,34
413,curry paste,34
414,kashmiri chilli powder,34
415,glacé cherries,34
416,ripe avocado,34
417,rice wine,34
418,vanilla ice cream,34
419,flatbreads,34
420,parsley leaves,34
421,garlic powder,33
422,polenta,33
423,rolled oats,33
424,raspberry,33
425,redcurrant,33
426,a handful,33
427,ripe avocados,33
428,caper,33
429,rashers streaky bacon,33
430,whipping cream,33
431,raisin,33
432,custard powder,33
433,caraway seeds,33
434,blanched almonds,33
435,banana shallot,32
436,dark rum,32
437,anchovy fillets,32
438,mild curry powder,32
439,sundried tomatoes,32
440,oyster sauce,32
441,sausages,32
442,fat garlic,32
443,dry sherry,32
444,shortcrust pastry,32
445,half-fat crème fraîche,32
446,light brown sugar,32
447,hazelnut,31
448,flaky sea salt,31
449,cold unsalted butter,31
450,small florets,31
451,chives finely chopped,31
452,all-butter puff pastry,31
453,sparkling water,31
454,green bean,31
455,peanut butter,31
456,lemongrass stalks,31
457,light soft brown sugar,31
458,marzipan,31
459,2 limes,31
460,anchovies,31
461,thick slices,31
462,broad beans,31
463,oats,30
464,sugar syrup,30
465,frozen sweetcorn,30
466,carrots roughly chopped,30
467,caramel,30
468,bacon lardons,30
469,ham,30
470,beansprouts,30
471,bananas,30
472,baby new potatoes,30
473,melted butter,30
474,cranberry sauce,30
475,little gem lettuce,30
476,blanched hazelnuts,30
477,cherries,30
478,tuna,30
479,black mustard seeds,29
480,pearl barley,29
481,currants,29
482,flour tortillas,29
483,rosewater,29
484,hot chicken stock,29
485,white bread,29
486,mixed peel,29
487,sage leaves,29
488,nuts,29
489,rapeseed,29
490,macaroni,29
491,extra mature cheddar,28
492,finely chopped parsley,28
493,coconut yogurt,28
494,1cm cubes,28
495,kidney beans,28
496,elderflower cordial,28
497,frozen spinach,28
498,strong white flour,28
499,long-stem broccoli,28
500,yellow pepper,28
501,brussels sprouts,28
502,mace,28
503,savoy cabbage,28
504,smooth peanut butter,28
505,tamarind paste,28
506,baby potatoes,28
507,figs,28
508,butternut squash peeled,27
509,mixed salad,27
510,stem ginger,27
511,lamb,27
512,zest 1  lemon,27
513,hummus,27
514,fennel seed,27
515,hot sauce,27
516,fine sea salt,27
517,cooking chorizo,27
518,vegetable stock cube,26
519,mincemeat,26
520,strawberry jam,26
521,mustard seeds,26
522,finely chopped coriander,26
523,coriander stalks,26
524,onion granules,26
525,pecan,26
526,mild chilli powder,26
527,sweet paprika,26
528,flavourless oil,26
529,halloumi,26
530,full-fat cream cheese,26
531,sriracha,26
532,orzo,25
533,chilli,25
534,cardamom,25
535,head,25
536,sourdough bread,25
537,chilli sauce,25
538,hoisin sauce,25
539,apple juice,25
540,bramley apples,25
541,walnut halves,25
542,slightly salted butter,25
543,iceberg lettuce,25
544,chilli oil,25
545,mushroom,25
546,juniper berries,25
547,white crabmeat,25
548,lemon zest,25
549,cashews,25
550,bite-sized pieces,25
551,port,25
552,saffron,24
553,asparagus,24
554,thyme leaf,24
555,sheets,24
556,neutral oil,24
557,syrup,24
558,firm tofu,24
559,filo pastry,24
560,sunflower seeds,24
561,tamari,24
562,runny honey,24
563,tub ricotta,24
564,pears,24
565,beetroot,24
566,gluten-free baking powder,23
567,corn cobs,23
568,greek-style yogurt,23
569,pumpkin,23
570,sherry,23
571,garlic paste,23
572,chia seeds,23
573,white,23
574,tortilla chips,23
575,poppy seeds,23
576,beef stock cube,23
577,prosecco,23
578,tub mascarpone,23
579,beef,23
580,marmite,23
581,marsala,23
582,raw king,23
583,puy lentils,23
584,few thyme sprigs,23
585,lime cut,23
586,biscuits,23
587,2 lemons,22
588,sugar snap peas,22
589,grated nutmeg,22
590,coconut,22
591,a pinch,22
592,chicken wings,22
593,corn tortillas,22
594,low-salt soy sauce,22
595,green lentils,22
596,lettuce,22
597,chocolate chips,22
598,linguine,22
599,apricot,22
600,green cardamom pods,22
601,blue cheese,22
602,lemongrass stalk,22
603,hot chilli powder,22
604,walnut,21
605,chicken thighs skin,21
606,leg,21
607,pak choi,21
608,thin slices,21
609,avocado peeled,21
610,long grain rice,21
611,fine salt,21
612,red pepper cut,21
613,mackerel fillets,21
614,peppercorns,21
615,light olive oil,21
616,flatleaf parsley,21
617,bourbon,21
618,asparagus spears,21
619,thai green curry paste,21
620,cold-pressed rapeseed oil,21
621,sourdough,21
622,fresh coriander,21
623,fat garlic clove,21
624,button mushrooms,21
625,ready-to-,21
626,fenugreek,21
627,celery salt,20
628,tagliatelle,20
629,fenugreek seeds,20
630,crunchy peanut butter,20
631,roasted peanuts,20
632,black peppercorn,20
633,skinless salmon fillets,20
634,coriander seed,20
635,cooked prawns,20
636,sultana,20
637,raw beetroot,20
638,flat-leaf parsley leaves,20
639,2cm cubes,20
640,carrot cut,20
641,bramley apple,20
642,palm sugar,20
643,pineapple juice,20
644,hot smoked paprika,20
645,baguette,20
646,roasted red pepper,20
647,rice noodles,20
648,fine green beans,20
649,white onion,20
650,pot natural yogurt,20
651,ice cream,20
652,finely grated parmesan,19
653,4 cloves,19
654,egg noodles,19
655,lamb leg,19
656,soft goat's cheese,19
657,nutritional yeast,19
658,truffle oil,19
659,vinegar,19
660,cider,19
661,custard,19
662,pitta,19
663,clotted cream,19
664,soda water,19
665,gnocchi,19
666,a few drops,19
667,rosemary sprigs leaves,18
668,zest 2 lemons,18
669,chives chopped,18
670,chillies,18
671,2 cloves,18
672,olives,18
673,chopped rosemary,18
674,good pinch,18
675,chopped thyme,18
676,semolina,18
677,carton passata,18
678,peaches,18
679,lean minced beef,18
680,soya,18
681,chicken legs,18
682,vanilla essence,18
683,white breadcrumb,18
684,crispy onions,18
685,caramel sauce,18
686,trout fillets,18
687,vanilla pod seeds,18
688,lamb stock,18
689,horseradish sauce,18
690,walnut pieces,18
691,cooked chicken breasts,18
692,baby carrots,18
693,frozen raspberries,18
694,fresh root ginger,18
695,jumbo oats,18
696,halloumi cheese,18
697,amaretto,18
698,garlic cloves bashed,18
699,cranberry,17
700,orange blossom water,17
701,parsnip,17
702,lard,17
703,cavolo nero,17
704,wholemeal,17
705,watermelon,17
706,a vegetable peeler,17
707,skinless boneless chicken thighs,17
708,blueberry,17
709,shelled pistachios,17
710,mixed nuts,17
711,black olive,17
712,swede,17
713,porridge oat,17
714,za’atar,17
715,mashed potato,17
716,zest ½ lemon,17
717,medjool dates,17
718,chipolatas,17
719,pepper,17
720,1cm,17
721,turkey mince,17
722,kirsch,16
723,cherry,16
724,bitters,16
725,prunes,16
726,saffron strands,16
727,fennel bulbs,16
728,dry cider,16
729,strawberry,16
730,heads,16
731,chopped sage,16
732,vine tomatoes,16
733,malt vinegar,16
734,red kidney beans,16
735,cardamom pods seeds,16
736,sundried tomato paste,16
737,lamb chops,16
738,carrots coarsely grated,16
739,treacle,16
740,jasmine rice,16
741,skin,16
742,dark chocolate chips,16
743,cornichons,16
744,generous pinch,16
745,soft herbs,16
746,bio yogurt,16
747,cooked basmati rice,16
748,frozen petits pois,16
749,stock,16
750,&frac14,15
751,mixed beans,15
752,cooked chestnuts,15
753,ice cubes,15
754,scoops vanilla ice cream,15
755,creamed horseradish,15
756,0.5 lemon,15
757,3 cloves,15
758,skinless  chicken breasts,15
759,mussels,15
760,hot  vegetable stock,15
761,vegetable bouillon,15
762,rump steak,15
763,white chocolate chips,15
764,thick greek yogurt,15
765,plums,15
766,naan bread,15
767,few sprigs,15
768,poppy seed,15
769,rhubarb,15
770,allspice berries,15
771,muscovado sugar,15
772,white rum,15
773,whipped cream,15
774,dill leaves,15
775,ras el hanout,15
776,pomegranate juice,15
777,reduced-fat coconut milk,15
778,cooked chicken,15
779,grainy mustard,15
780,thin matchsticks,15
781,pitted dates,15
782,baby new potato,15
783,red chilli flakes,15
784,white onions,15
785,blanched almond,15
786,rice flour,15
787,rashers,15
788,warm water,15
789,sausagemeat,15
790,chicken drumsticks,15
791,thai basil,15
792,spring water,15
793,triple sec,15
794,onion chutney,15
795,gochujang,15
796,miso paste,15
797,stilton,15
798,walnut oil,15
799,sweet shortcrust pastry,15
800,groundnut,15
801,zest 1  orange,15
802,thin wedges,14
803,white miso,14
804,finely chopped mint,14
805,almond milk,14
806,raw,14
807,whisky,14
808,cooked king prawns,14
809,pork fillet,14
810,borlotti beans,14
811,maris piper,14
812,leeks finely sliced,14
813,ground,14
814,ripe pears,14
815,coffee liqueur,14
816,ripe peaches,14
817,sugar snap pea,14
818,goose fat,14
819,fondant icing sugar,14
820,mixed peppers,14
821,passion fruits,14
822,wok,14
823,finely grated ginger,14
824,ginger paste,14
825,roll,14
826,gluten-free plain flour,14
827,silken tofu,14
828,mixed mushrooms,14
829,pork,14
830,minced pork,14
831,chicken breast,14
832,sichuan,14
833,bar dark chocolate,14
834,pea shoots,14
835,mixed dried herbs,14
836,fine polenta,14
837,low-sodium soy sauce,14
838,tahini paste,14
839,mint sprigs,14
840,chaat masala,14
841,oat milk,14
842,neutral-tasting oil,14
843,mangetout,13
844,low-fat natural yogurt,13
845,ciabatta loaf,13
846,a small handful,13
847,rigatoni,13
848,mini marshmallows,13
849,boneless skinless chicken breasts,13
850,chopped walnuts,13
851,crispy chilli oil,13
852,salted peanuts,13
853,fat-free yogurt,13
854,waxy potatoes,13
855,xylitol,13
856,1⁄2 tsp,13
857,thai red curry paste,13
858,lean beef mince,13
859,onion powder,13
860,vegetarian italian-style hard cheese,13
861,fruit,13
862,light coconut milk,13
863,jalapeño,13
864,brown rice,13
865,madeira,13
866,penne pasta,13
867,cointreau,13
868,chorizo ring,13
869,chicken breasts skin,13
870,6 cloves,13
871,parsley stalks,13
872,ground cinnamon,13
873,sachet fast-action yeast,13
874,light brown muscovado sugar,13
875,lemonade,13
876,pot soured cream,13
877,bacon lardon,13
878,baked beans,13
879,bread mix,13
880,cooked,13
881,minced beef,13
882,squeeze,13
883,cranberry juice,13
884,haricot beans,13
885,lime leaves,13
886,thai fish sauce,13
887,green,13
888,smoked paprika,12
889,black,12
890,finely chopped ginger,12
891,wine,12
892,rosemary leaves,12
893,gluten-free self-raising flour,12
894,boiling water,12
895,sprinkles,12
896,chopped chives,12
897,dulce de leche,12
898,runner beans,12
899,fish stock,12
900,full-fat greek yogurt,12
901,peppermint extract,12
902,jam sugar,12
903,dry vermouth,12
904,2tbsp olive oil,12
905,liquid glucose,12
906,yellow mustard seeds,12
907,american mustard,12
908,juice 2 limes,12
909,chopped fresh parsley,12
910,reduced-salt soy sauce,12
911,sea bass fillets,12
912,pistachio,12
913,carton  double cream,12
914,pitta bread,12
915,granny smith apple,12
916,peanut,12
917,full-fat natural yogurt,12
918,skinless and boneless chicken thighs,12
919,quick-cook polenta,12
920,strong coffee,12
921,white miso paste,12
922,tabasco sauce,12
923,brussels,12
924,avocado sliced,12
925,a little oil,12
926,low-fat crème fraîche,12
927,dark,12
928,beansprout,12
929,lemongrass,12
930,cooked brown rice,12
931,baby corn,12
932,mackerel,12
933,floury potato,12
934,half-moons,12
935,ciabatta,12
936,plump garlic,12
937,good grating,12
938,strong cheddar,12
939,rye bread,12
940,marmalade,12
941,mixed berries,12
942,raw prawns,12
943,dried chilli flakes,12
944,eating apple,12
945,pecorino,12
946,chocolate hazelnut spread,11
947,flat rice noodles,11
948,crystallised ginger,11
949,free-range eggs,11
950,soft  brown sugar,11
951,grenadine,11
952,irish cream liqueur,11
953,mild curry paste,11
954,cooking apple,11
955,roasted peppers,11
956,lamb cutlets,11
957,chicken breast fillets,11
958,digestive biscuit,11
959,beef stock cubes,11
960,lamb shoulder,11
961,hearts,11
962,dark brown sugar,11
963,sheets leaf gelatine,11
964,red lentil,11
965,comté,11
966,hot dog buns,11
967,punnet raspberries,11
968,gooseberry,11
969,chicken livers,11
970,sour cherries,11
971,cooking apples,11
972,pinto beans,11
973,salmon fillet,11
974,chapatis,11
975,ready-to-eat dried apricots,11
976,black sesame seeds,11
977,pecan halves,11
978,sweet sherry,11
979,leeks thinly sliced,11
980,streaky bacon rashers,11
981,royal icing sugar,11
982,campari,11
983,turkey,11
984,vermicelli rice noodles,11
985,madras curry paste,11
986,glass red wine,11
987,barbecue sauce,11
988,3cm cubes,11
989,mustard,11
990,hot chicken,11
991,sirloin steak,11
992,instant coffee granules,11
993,maris piper potato,11
994,cheddar cheese,11
995,tortillas,11
996,suet,11
997,ginger beer,11
998,bay leaves,11
999,vanilla pod split,11
1000,pickled jalapeños,11
1001,toast,11
1002,xanthan gum,11
1003,tenderstem broccoli,11
1004,paella rice,11
1005,white ready-to-,11
1006,chopped  parsley,11
1007,espresso powder,11
1008,edible flowers,11
1009,creamed coconut,11
1010,kidney bean,11
1011,finely chopped rosemary,11
1012,pork chops,11
1013,head broccoli,11
1014,shallot finely sliced,11
1015,cannellini bean,10
1016,prawns,10
1017,carton soured cream,10
1018,parma ham,10
1019,grated  parmesan,10
1020,chunk,10
1021,pot greek yogurt,10
1022,sponge fingers,10
1023,cloudy apple juice,10
1024,duck,10
1025,baby gem lettuces,10
1026,freshly squeezed,10
1027,strong black coffee,10
1028,ciabatta rolls,10
1029,thin rounds,10
1030,2cm,10
1031,½ lemon,10
1032,chopped basil,10
1033,mustard seed,10
1034,chive,10
1035,ripe mango,10
1036,spring greens,10
1037,juice ½  lemon,10
1038,preserved lemons,10
1039,thumb-size piece ginger,10
1040,maraschino cherries,10
1041,raw king prawns,10
1042,berries,10
1043,cayenne,10
1044,baby leaf spinach,10
1045,gluten-free flour,10
1046,hot chilli sauce,10
1047,clementine,10
1048,grapefruit,10
1049,freeze-dried raspberries,10
1050,good-quality chicken stock,10
1051,pork shoulder,10
1052,1 large orange,10
1053,juice ½ lime,10
1054,flat leaf parsley,10
1055,good-quality mayonnaise,10
1056,butter very soft,10
1057,full fat soft cheese,10
1058,unsweetened almond milk,10
1059,herbs,10
1060,fajita seasoning,10
1061,cold  butter,10
1062,low-salt vegetable stock,10
1063,ready-rolled shortcrust pastry,10
1064,ball,10
1065,half a lemon,10
1066,dates,10
1067,wild garlic,10
1068,green peppers,10
1069,cajun seasoning,10
1070,malted milk powder,10
1071,asparagus woody ends,10
1072,cognac,10
1073,celery seeds,10
1074,curly kale,10
1075,nut butter,10
1076,pink peppercorns,10
1077,drizzle,10
1078,cod fillets,10
1079,cheese,10
1080,a few thyme sprigs,10
1081,coriander sprigs,10
1082,warm milk,10
1083,marshmallows,10
1084,a splash,10
1085,&frac12,10
1086,curly parsley,10
1087,rounded tbsp,10
1088,red  onion,10
1089,firm goat's cheese,10
1090,fat-free natural yogurt,10
1091,1tbsp olive oil,10
1092,a few sprigs,10
1093,broad bean,10
1094,half lengthways,10
1095,portobello mushrooms,10
1096,fusilli,10
1097,light soft cheese,9
1098,rum,9
1099,short pasta,9
1100,a large handful,9
1101,hundreds,9
1102,white bread crusts,9
1103,shortbread biscuits,9
1104,0% fat greek yogurt,9
1105,grated gruyère,9
1106,spiced rum,9
1107,extra virgin rapeseed oil,9
1108,boneless and skinless chicken thighs,9
1109,macadamia nut,9
1110,korma paste,9
1111,tabasco,9
1112,cocktail sticks,9
1113,light mayonnaise,9
1114,strong bread flour,9
1115,full-fat coconut milk,9
1116,leftover roast chicken,9
1117,freshly grated parmesan,9
1118,oregano leaves,9
1119,rye flour,9
1120,ramen,9
1121,3 limes,9
1122,skinless chicken breast,9
1123,brioche,9
1124,green food colouring,9
1125,vanilla,9
1126,grated cheese,9
1127,long-grain rice,9
1128,a lemon,9
1129,zest 2 limes,9
1130,sundried tomato,9
1131,stir-fry vegetables,9
1132,beetroots,9
1133,coffee granules,9
1134,bacon rashers,9
1135,skinless chicken breast fillets,9
1136,cabbage,9
1137,5 cloves,9
1138,good-quality pork sausages,9
1139,malt extract,9
1140,pot,9
1141,cooked chestnut,9
1142,stout,9
1143,smoked,9
1144,2  lemons,9
1145,thin strips,9
1146,orange zest,9
1147,grand marnier,9
1148,french beans,9
1149,celery stalks,9
1150,zest 1 lime,9
1151,finely chopped chives,9
1152,milk chocolate chips,9
1153,pudding rice,9
1154,glass white wine,9
1155,seedless raspberry jam,9
1156,thin-stemmed broccoli,9
1157,gherkin,9
1158,golden granulated sugar,9
1159,button mushroom,9
1160,pitta breads,9
1161,sirloin,9
1162,naan,9
1163,bouquet garni,9
1164,crabmeat,9
1165,black kalamata olive,9
1166,courgettes thickly sliced,9
1167,peanuts,9
1168,five spice powder,9
1169,thumb-sized piece  ginger,9
1170,turnips,9
1171,duck breasts,9
1172,cacao powder,9
1173,green vegetables,9
1174,skinless chicken thighs,9
1175,extra-mature cheddar,9
1176,leek finely sliced,9
1177,few shakes,9
1178,plain flour,9
1179,chinese cabbage,9
1180,paneer,9
1181,cherry jam,9
1182,blackberry,9
1183,banana chips,9
1184,rosemary sprigs needles,9
1185,unwaxed lemon,9
1186,mild olive oil,9
1187,madras curry powder,9
1188,tarragon leaves,9
1189,preserved lemon,9
1190,trout,9
1191,chopped  coriander,9
1192,bite-size pieces,9
1193,2  limes,9
1194,sushi rice,9
1195,pot  double cream,9
1196,red thai curry paste,9
1197,basil pesto,8
1198,1 vanilla pod,8
1199,chopped herbs,8
1200,red  chilli,8
1201,butter bean,8
1202,1tsp,8
1203,instant espresso powder,8
1204,shallot roughly chopped,8
1205,1tsp vanilla extract,8
1206,light soft  brown sugar,8
1207,soda,8
1208,puy,8
1209,guinea fowl,8
1210,a little flour,8
1211,crème de cassis,8
1212,tortilla wraps,8
1213,a fork,8
1214,edible glitter,8
1215,wild rice,8
1216,glacé,8
1217,cocktail sausages,8
1218,chunky chips,8
1219,ginger biscuits,8
1220,chestnut purée,8
1221,chestnut,8
1222,half moons,8
1223,galangal,8
1224,beef shin,8
1225,asparagus tips,8
1226,haddock fillets,8
1227,string,8
1228,chutney,8
1229,crunchy,8
1230,coconut flakes,8
1231,almond butter,8
1232,anchovy,8
1233,espresso,8
1234,sachet  fast-action dried yeast,8
1235,panko,8
1236,orange liqueur,8
1237,sloe gin,8
1238,brie,8
1239,thick,8
1240,hot water,8
1241,oranges zested,8
1242,shredded suet,8
1243,madeira cake,8
1244,almond flour,8
1245,vanilla pods,8
1246,filo pastry sheets,8
1247,pot buttermilk,8
1248,lime ½,8
1249,cold pressed rapeseed oil,8
1250,1large onion,8
1251,long-stemmed broccoli,8
1252,very ripe bananas,8
1253,freshly ground black pepper,8
1254,white peppercorns,8
1255,wholegrain,8
1256,1 large lemon,8
1257,bone-in chicken thighs skin,8
1258,cooked chicken breast,8
1259,dark soft brown sugar,8
1260,flaked  almonds,8
1261,brown miso paste,8
1262,red chilli powder,8
1263,white sugar,8
1264,jerk seasoning,8
1265,sea bass,8
1266,red apples,8
1267,red food colouring gel,8
1268,frozen soya beans,8
1269,pecan nuts,8
1270,flaxseed,8
1271,roughly chopped coriander,8
1272,a potato peeler,8
1273,lettuces,8
1274,bacon,8
1275,corn,8
1276,wholemeal bread,8
1277,soft dark brown sugar,8
1278,tomato passata,8
1279,marjoram,8
1280,champagne,8
1281,matcha powder,8
1282,egg noodle,8
1283,frozen,8
1284,bowl,8
1285,golden icing sugar,8
1286,vegetarian hard cheese,8
1287,ripe strawberries,8
1288,pea,8
1289,few mint,8
1290,ribbon,8
1291,freshly grated  parmesan,7
1292,wholegrain rice,7
1293,maltesers,7
1294,gorgonzola,7
1295,parmesan shavings,7
1296,coarse sea salt,7
1297,squid,7
1298,pimm,7
1299,tubs full-fat cream cheese,7
1300,orange peel,7
1301,spoons,7
1302,macadamia nuts,7
1303,ripe,7
1304,few handfuls,7
1305,pots bio yogurt,7
1306,dairy-free milk,7
1307,kimchi,7
1308,good handful coriander,7
1309,juice 1⁄2 lemon,7
1310,chopped hazelnuts,7
1311,1 tbsp water,7
1312,pot single cream,7
1313,pineapple rings,7
1314,baby carrot,7
1315,mini chocolate eggs,7
1316,a little icing sugar,7
1317,raw peeled king prawns,7
1318,maraschino cherry,7
1319,oranges zested and juiced,7
1320,half-fat soured cream,7
1321,1⁄2 lemon,7
1322,pink food colouring,7
1323,smoked bacon,7
1324,green apple,7
1325,sticky rice,7
1326,oatmeal,7
1327,brown sauce,7
1328,zest 1  lime,7
1329,clams,7
1330,chopped,7
1331,lamb shanks,7
1332,pul biber,7
1333,plum tomato,7
1334,cooked quinoa,7
1335,wine vinegar,7
1336,sheet puff pastry,7
1337,chilli paste,7
1338,turkey breast,7
1339,large pieces,7
1340,brown bread,7
1341,porcini,7
1342,shrimp paste,7
1343,good handful,7
1344,cooked white rice,7
1345,nduja,7
1346,coconut shavings,7
1347,disaronno,7
1348,margarine,7
1349,thumb-size piece fresh root ginger,7
1350,spring onions whites,7
1351,walnut piece,7
1352,edamame beans,7
1353,caster,7
1354,a little milk,7
1355,buckwheat flour,7
1356,cooked puy lentils,7
1357,mayo,7
1358,zest 1 lemon juice,7
1359,cooked ham,7
1360,wild rocket,7
1361,unsweetened soya milk,7
1362,hot beef stock,7
1363,gherkins,7
1364,brown,7
1365,pink grapefruit,7
1366,meringue nests,7
1367,a jar,7
1368,small dice,7
1369,punnet,7
1370,naans,7
1371,chopped pistachios,7
1372,unsalted cashew nuts,7
1373,mix,7
1374,bar white chocolate,7
1375,guacamole,7
1376,pork tenderloin,7
1377,finely chopped sage,7
1378,fresh  root ginger,7
1379,mint sauce,7
1380,free-range chicken,7
1381,glacé cherry,7
1382,teriyaki sauce,7
1383,duck legs,7
1384,salmon trimmings,7
1385,cornflakes,7
1386,oranges juiced,7
1387,sweets,7
1388,finely chopped dill,7
1389,white sesame seeds,7
1390,dried oregano,7
1391,brioche burger buns,7
1392,croissants,7
1393,very soft butter,7
1394,flat mushrooms,7
1395,cajun spice mix,7
1396,fat-free greek yogurt,7
1397,arborio rice,7
1398,baby pak choi,7
1399,zest 0.5 lemon,7
1400,hard-boiled eggs,7
1401,natural marzipan,7
1402,courgettes coarsely grated,7
1403,romano,7
1404,lemon thyme sprigs,7
1405,cumin powder,7
1406,few  thyme sprigs,7
1407,generous grating,7
1408,granny smith apples,7
1409,sardines,7
1410,pumpkin seed,7
1411,mixed seed,7
1412,small red onion,7
1413,a food processor,7
1414,refried beans,7
1415,fresh ginger,7
1416,chicken mince,7
1417,skinless boneless chicken breast fillets,7
1418,good-quality olive oil,7
1419,scotch bonnet chilli,7
1420,gooseberries,7
1421,a knob,7
1422,raw peeled prawn,7
1423,szechuan peppercorns,7
1424,red  chillies,7
1425,chopped ginger,7
1426,saffron threads,7
1427,ready-rolled  puff pastry,7
1428,bread rolls,6
1429,few dashes,6
1430,breadsticks,6
1431,wedge,6
1432,garlic cloves halved,6
1433,vegan vegetable stock,6
1434,dairy-free spread,6
1435,fine semolina,6
1436,aquafaba,6
1437,plum,6
1438,tomato juice,6
1439,fresh dill,6
1440,chicken stock cubes,6
1441,mixed leaves,6
1442,peeled,6
1443,frozen edamame beans,6
1444,toasted almonds,6
1445,yellow,6
1446,finely chopped flat-leaf parsley,6
1447,punnet blueberries,6
1448,instant yeast,6
1449,picked thyme,6
1450,pot whipping cream,6
1451,long red chilli,6
1452,pot fat-free yogurt,6
1453,pickled ginger,6
1454,little gem lettuce leaves,6
1455,flatbread,6
1456,preserving sugar,6
1457,scallops,6
1458,horseradish,6
1459,manchego,6
1460,black writing,6
1461,cox's apples,6
1462,ready-made shortcrust pastry,6
1463,tomato sauce,6
1464,cumberland sausages,6
1465,bite-sized chunks,6
1466,mixed nut,6
1467,red pesto,6
1468,pizza base mix,6
1469,skin-on chicken breasts,6
1470,chorizo skin,6
1471,radish thinly sliced,6
1472,garlic cloves lightly bashed,6
1473,ripe nectarines,6
1474,garlic salt,6
1475,herb,6
1476,steamed rice,6
1477,ripe banana,6
1478,brussels sprouts trimmed and halved,6
1479,few basil,6
1480,70% cocoa solids,6
1481,lime zest,6
1482,1 yellow pepper,6
1483,beef brisket,6
1484,cheese slices,6
1485,the cobs,6
1486,mixture,6
1487,peppermint candy canes,6
1488,jam,6
1489,zest 2 oranges,6
1490,ripe plums,6
1491,gravy,6
1492,saké,6
1493,zest 1 large lemon,6
1494,dark brown muscovado sugar,6
1495,white balsamic vinegar,6
1496,lardon,6
1497,white spelt flour,6
1498,radish,6
1499,sour cream,6
1500,red grapes,6
1501,crumpets,6
1502,beer,6
1503,flaked sea salt,6
1504,pickled onions,6
1505,chipotle chilli paste,6
1506,thin rice noodles,6
1507,dessert pastry,6
1508,wooden skewers,6
1509,pistachio nuts,6
1510,ham hock,6
1511,lychees,6
1512,shallot finely diced,6
1513,8 wedges,6
1514,pork belly,6
1515,ground white pepper,6
1516,skinless chicken thigh fillets,6
1517,mixed tomatoes,6
1518,plump garlic clove,6
1519,raw peeled prawns,6
1520,white  breadcrumb,6
1521,smoked haddock,6
1522,ground nutmeg,6
1523,waxy potato,6
1524,ancho chillies,6
1525,whole chicken,6
1526,turkey crown,6
1527,ripe mangoes,6
1528,a few thyme,6
1529,ball stem ginger,6
1530,3cm,6
1531,clarified butter,6
1532,mashed potatoes,6
1533,king edward potatoes,6
1534,stale bread,6
1535,low-sodium vegetable stock,6
1536,low-salt chicken stock,6
1537,lean pork mince,6
1538,beef tomatoes,6
1539,fast-action yeast,6
1540,leeks thickly sliced,6
1541,lentils,6
1542,each ground cumin,6
1543,vegetarian feta,6
1544,coffee,6
1545,five-spice powder,6
1546,lemons juice,6
1547,red food colouring,6
1548,3 lemons,6
1549,rashers  streaky bacon,6
1550,bone-in chicken thighs,6
1551,easy-cook brown rice,6
1552,avocado oil,6
1553,hot vegetable,6
1554,fine  sea salt,6
1555,king,6
1556,peppery salad,6
1557,70% dark chocolate,6
1558,chopped fresh  parsley,6
1559,white beans,6
1560,large florets,6
1561,fine cornmeal,6
1562,½  lemon,6
1563,eggs yolks,6
1564,'00' flour,6
1565,punnet raspberry,6
1566,white fish fillets,6
1567,undyed smoked haddock,6
1568,kernels,6
1569,peeled plum tomatoes,6
1570,chervil,6
1571,white marzipan,6
1572,a good pinch,6
1573,peach,6
1574,shelled pistachio,6
1575,a little butter,6
1576,minced lamb,6
1577,fresh  coriander,6
1578,red chilli seeds,6
1579,masala paste,6
1580,10 cloves,6
1581,pinto,6
1582,the cob,6
1583,their skins,6
1584,wasabi paste,6
1585,limes juice,6
1586,brazil,6
1587,salami,6
1588,frozen edamame,6
1589,ginger syrup,6
1590,heaped tbsp tomato purée,6
1591,egg white beaten,6
1592,grapes,6
1593,chipolata sausages,6
1594,ripe tomato,6
1595,malibu,6
1596,ras-el-hanout,6
1597,grated mature cheddar,6
1598,board,6
1599,sunblush tomato,6
1600,steamed broccoli,6
1601,thyme sprig leaves,6
1602,balsamic glaze,6
1603,mint sprig,6
1604,a drizzle,6
1605,oregano sprigs,6
1606,unwaxed lemons,6
1607,lemon ½,6
1608,farfalle,6
1609,white potatoes,5
1610,chipotle chilli,5
1611,red leicester,5
1612,½l chicken stock,5
1613,bar plain chocolate,5
1614,fresh pesto,5
1615,good-quality sausages,5
1616,zest 2 lemons juice,5
1617,tortilla,5
1618,thick natural yogurt,5
1619,tub full-fat cream cheese,5
1620,candy,5
1621,mild  curry powder,5
1622,tonic water,5
1623,gravadlax,5
1624,smooth apricot jam,5
1625,mash,5
1626,boiled eggs,5
1627,cottage cheese,5
1628,dijon,5
1629,pointed,5
1630,quince,5
1631,thin rings,5
1632,soft,5
1633,pancetta slices,5
1634,coconut rum,5
1635,giant couscous,5
1636,oat flour,5
1637,field mushrooms,5
1638,250g fresh or frozen cranberries,5
1639,finely chopped tarragon,5
1640,sachet easy-bake dried yeast,5
1641,pinch ground,5
1642,pouch cooked puy lentils,5
1643,skinless cod fillets,5
1644,black pudding,5
1645,bouillon powder,5
1646,unsalted  butter,5
1647,passion fruit,5
1648,red food colouring paste,5
1649,wholemeal spelt flour,5
1650,a bunch,5
1651,pittas,5
1652,cardamom seeds,5
1653,thick greek-style yogurt,5
1654,duck breasts skin,5
1655,2.5cm cubes,5
1656,thin batons,5
1657,cooked  basmati rice,5
1658,soya cream,5
1659,hot pepper sauce,5
1660,garlic butter,5
1661,white flour,5
1662,bar milk chocolate,5
1663,tomato salsa,5
1664,beef cut,5
1665,punnet cherry tomatoes,5
1666,4 slices,5
1667,mint sprigs leaves,5
1668,pink,5
1669,aperol,5
1670,ripe figs,5
1671,fresh  mint,5
1672,buckwheat,5
1673,quinces,5
1674,puff pastry,5
1675,white vinegar,5
1676,reduced salt soy sauce,5
1677,jumbo porridge oats,5
1678,soft flour tortillas,5
1679,gold,5
1680,za'atar,5
1681,good-quality dark chocolate,5
1682,lemon peel,5
1683,crunchy  peanut butter,5
1684,white fondant,5
1685,nectarines,5
1686,cooked beetroots,5
1687,frozen blueberries,5
1688,hot curry paste,5
1689,cold salted butter,5
1690,light  olive oil,5
1691,yoghurt,5
1692,fish pie mix,5
1693,emmental,5
1694,mild red chillies,5
1695,wasabi,5
1696,cornflake,5
1697,flaked toasted almonds,5
1698,onion seeds,5
1699,ground allspice,5
1700,a block,5
1701,honeycomb,5
1702,2 tbsp water,5
1703,floury  potato,5
1704,brioche hot dog buns,5
1705,fresh tarragon,5
1706,finely grated  parmesan,5
1707,gammon joint,5
1708,pumpkin purée,5
1709,peppercorn,5
1710,crispy fried onions,5
1711,100ml/3½ fl oz,5
1712,chinese five spice,5
1713,lemon thyme,5
1714,tub half-fat crème fraîche,5
1715,brioche buns,5
1716,firm pears,5
1717,lemon slice,5
1718,korma curry paste,5
1719,pot bio yogurt,5
1720,toasted,5
1721,tequila,5
1722,rose water,5
1723,wholemeal tortilla wraps,5
1724,vanilla sugar,5
1725,glucose syrup,5
1726,pots,5
1727,strawberry hulled and sliced,5
1728,frozen broad bean,5
1729,malt powder,5
1730,very ripe tomatoes,5
1731,grana padano,5
1732,shallot thinly sliced,5
1733,an angle,5
1734,parmesan rind,5
1735,sheets gelatine,5
1736,a few  thyme sprigs,5
1737,skinless pollock fillets,5
1738,hazelnut liqueur,5
1739,low-fat mayonnaise,5
1740,pisco,5
1741,jersey royal potatoes,5
1742,rice noodle,5
1743,cubetti,5
1744,vegan margarine,5
1745,cod,5
1746,1tbsp vegetable oil,5
1747,chopped spring onions,5
1748,mixed radishes,5
1749,steamed greens,5
1750,mixed salad leaves,5
1751,baby kale,5
1752,sweet chilli dipping sauce,5
1753,rolled porridge oats,5
1754,mange,5
1755,chicken stock powder,5
1756,soft corn tortillas,5
1757,freshly grated ginger,5
1758,garlic purée,5
1759,onion marmalade,5
1760,blood orange,5
1761,wild mushrooms,5
1762,lime pickle,5
1763,green pesto,5
1764,orecchiette,5
1765,skinless salmon,5
1766,pointed spring cabbage,5
1767,shoulder,5
1768,lean minced pork,5
1769,fino sherry,5
1770,salted  butter,5
1771,chicken thigh fillets,5
1772,all-butter shortcrust pastry,5
1773,long,5
1774,1⁄4 tsp,5
1775,tequila blanco,5
1776,taleggio cheese,5
1777,mangoes,5
1778,rashers back bacon,5
1779,fresh chives,5
1780,golden,5
1781,rack,5
1782,cola,5
1783,roasted cashews,5
1784,duck fat,5
1785,chard,5
1786,golden marzipan,5
1787,a peeler,5
1788,parchment,5
1789,green food colouring gel,5
1790,a drop,5
1791,vegetarian  parmesan -style cheese,5
1792,hot,5
1793,fettuccine,5
1794,piece ginger,5
1795,chunky pieces,5
1796,yellow pepper cut,5
1797,black bean,5
1798,chipotle,5
1799,natural bio yogurt,5
1800,panettone,5
1801,hot  chicken stock,5
1802,dark ale,5
1803,fresh thyme,5
1804,white bread mix,5
1805,finely chopped fresh root ginger,5
1806,loaf,5
1807,a good handful,5
1808,candied peel,5
1809,roasted peanut,5
1810,chopped  tomatoes,5
1811,mini eggs,5
1812,squash,5
1813,white mushrooms,5
1814,fennel,5
1815,salmon slices,5
1816,prepared squid,5
1817,dill sprigs,5
1818,sriracha chilli sauce,5
1819,date,5
1820,reduced-fat mayonnaise,5
1821,clear  honey,5
1822,1 orange,5
1823,rice cereal,5
1824,sticky tape,5
1825,rocket leaves,5
1826,ripe passion fruits,5
1827,leftover roast turkey,5
1828,roasted cashew nuts,5
1829,chopped pecans,5
1830,fine green bean,5
1831,english muffins,5
1832,cassis,5
1833,medium egg noodles,5
1834,mixed wild mushrooms,5
1835,4 pieces,5
1836,rosé wine,5
1837,ball  mozzarella,5
1838,red leicester cheese,5
1839,roasted salted peanuts,5
1840,fresh mint,5
1841,artichokes,5
1842,rosemary sprig leaves,5
1843,strawberry hulled,5
1844,zest &#189; lemon,5
1845,spanish onion,5
1846,asafoetida,5
1847,ready-rolled puff pastry sheet,5
1848,braising steak,5
1849,whipping,5
1850,cold salted butter cut,5
1851,ripe pear,5
1852,sunflower seed,5
1853,hot-smoked salmon,5
1854,sour cherry,5
1855,low-fat coconut milk,5
1856,soy,5
1857,passion fruit pulp,5
1858,mushroom ketchup,5
1859,turmeric powder,5
1860,1small onion,5
1861,reduced-fat crème fraîche,5
1862,mixed fruit,5
1863,eggs whites,5
1864,brown crabmeat,5
1865,fresh basil,5
1866,bag,5
1867,1⁄2 cucumber,5
1868,roughly chopped parsley,5
1869,colourful sprinkles,5
1870,good squeeze,5
1871,blanched,5
1872,jalapeño pepper,5
1873,sweetened condensed milk,5
1874,cold water,5
1875,leaf spinach,4
1876,butternut squash peeled and chopped,4
1877,cooked noodles,4
1878,coarsely ground black pepper,4
1879,baby plum tomatoes,4
1880,meringues shells,4
1881,camembert,4
1882,coriander relish,4
1883,tubs mascarpone,4
1884,jumbo,4
1885,black kalamata olives,4
1886,corn tortilla,4
1887,rosemary needles,4
1888,baguettes,4
1889,quark,4
1890,toasted walnuts,4
1891,caper berries,4
1892,skinless  salmon fillets,4
1893,wooden lolly sticks,4
1894,mozzarella balls,4
1895,lolly sticks,4
1896,beef skirt,4
1897,bird's-eye chillies,4
1898,freshly grated  nutmeg,4
1899,mixed vegetables,4
1900,leftover chicken,4
1901,hazelnut oil,4
1902,punnet strawberries,4
1903,garlic mayonnaise,4
1904,matchsticks,4
1905,unsweetened desiccated coconut,4
1906,cooking  chorizo,4
1907,salt and freshly ground black pepper,4
1908,1tsp ground cinnamon,4
1909,a mix,4
1910,chunky batons,4
1911,sweet  chilli sauce,4
1912,semi-dried tomato,4
1913,leftover roast potatoes,4
1914,raw tiger prawns,4
1915,baby gem lettuce,4
1916,heaped tbsp capers,4
1917,juice 1/2 lemon,4
1918,thick slice,4
1919,sweet vermouth,4
1920,fillet steak,4
1921,tub cream cheese,4
1922,mature  cheddar,4
1923,fish,4
1924,lotus biscoff,4
1925,large stalks,4
1926,asparagus spear,4
1927,mozzarella ball,4
1928,zest 3 lemons,4
1929,raw  beetroot,4
1930,barley,4
1931,mini mozzarella balls,4
1932,dripping,4
1933,good crusty bread,4
1934,thin noodles,4
1935,chicken pieces,4
1936,a few coriander,4
1937,salted,4
1938,french bean,4
1939,unsmoked bacon lardons,4
1940,liquid smoke,4
1941,green chutney,4
1942,fresh  chives,4
1943,mixed basmati,4
1944,green food colouring paste,4
1945,tub natural yogurt,4
1946,fat,4
1947,soft dried apricots,4
1948,0% fat  greek yogurt,4
1949,edible gold leaf,4
1950,long wedges,4
1951,absinthe,4
1952,a few chives,4
1953,mild cheddar,4
1954,chopped mixed herb,4
1955,banana mashed,4
1956,2.5cm lengths,4
1957,vinaigrette,4
1958,parmesan cheese,4
1959,sweetheart cabbage,4
1960,baby onions,4
1961,little gem,4
1962,dark beer,4
1963,mozzarella pearls,4
1964,seasoned flour,4
1965,shredded basil,4
1966,kahlúa,4
1967,lamb neck fillets,4
1968,a little rapeseed oil,4
1969,thin rice noodle,4
1970,roasted hazelnuts,4
1971,vegetarian mature cheddar,4
1972,vermouth,4
1973,½ lime,4
1974,jalapeno chillies,4
1975,chocolate shavings,4
1976,a few thyme sprigs leaves,4
1977,stock cube,4
1978,freeze-dried strawberry,4
1979,leek roughly chopped,4
1980,½l vegetable stock,4
1981,zest 2  lemons,4
1982,double,4
1983,lamb neck fillet,4
1984,chunky peanut butter,4
1985,good pinch saffron,4
1986,dill fronds,4
1987,ready-rolled all-butter puff pastry,4
1988,fromage frais,4
1989,their shells,4
1990,coarsely ground  black peppercorns,4
1991,1⁄2 onion,4
1992,2cm pieces,4
1993,turkey thigh mince,4
1994,hot honey,4
1995,light,4
1996,strong white  bread flour,4
1997,butternut squash diced,4
1998,fig jam,4
1999,freshly ground nutmeg,4
2000,frozen cherries,4
2001,kohlrabi,4
2002,dill stalks,4
2003,lemon slices,4
2004,edible gold spray,4
2005,good-quality vanilla ice cream,4
2006,low-fat yogurt,4
2007,feta cut,4
2008,carton buttermilk,4
2009,1 small orange,4
2010,overripe bananas,4
2011,limoncello,4
2012,firm tofu cut,4
2013,basil stalks,4
2014,chopped fresh rosemary,4
2015,chopped oregano,4
2016,all-purpose flour,4
2017,wholemeal rye flour,4
2018,strong wholemeal bread flour,4
2019,sugar cubes,4
2020,butter cold,4
2021,apple sauce,4
2022,summer berries,4
2023,ready-cooked beetroot,4
2024,strong flour,4
2025,candlenuts,4
2026,raw  king prawn,4
2027,blackcurrant jam,4
2028,lemongrass paste,4
2029,chilled butter,4
2030,1large egg,4
2031,bavette steak,4
2032,kiwi fruit,4
2033,fontina,4
2034,punnet blackberries,4
2035,skin-on chicken thighs,4
2036,medjool date,4
2037,blackcurrant,4
2038,vegan dark chocolate,4
2039,1cm dice,4
2040,length cucumber,4
2041,your favourite dressing,4
2042,golden rum,4
2043,strong plain flour,4
2044,clementine juice,4
2045,potato flour,4
2046,goji berries,4
2047,pot natural bio yogurt,4
2048,pork loin steaks,4
2049,cooked new potatoes,4
2050,lancashire cheese,4
2051,low-fat soft cheese,4
2052,garlic bulbs,4
2053,grapefruit juice,4
2054,heaped tbsp mayonnaise,4
2055,red-skinned apple,4
2056,thick rounds,4
2057,bulb fennel,4
2058,thickly sliced ham,4
2059,light red wine,4
2060,popcorn,4
2061,skinless white fish fillet,4
2062,a small bunch,4
2063,vine-ripened tomatoes,4
2064,a dash,4
2065,biscuit,4
2066,1 egg yolk,4
2067,2  oranges,4
2068,a  lemon,4
2069,few sprigs thyme,4
2070,vanilla custard,4
2071,skinless salmon fillet,4
2072,tortillas wraps,4
2073,strong wholemeal flour,4
2074,vacuum-packed chestnuts,4
2075,canned caramel,4
2076,chicken mini fillets,4
2077,strip,4
2078,3tbsp olive oil,4
2079,cubed pancetta,4
2080,grapeseed oil,4
2081,roquefort,4
2082,samphire,4
2083,carton coconut cream,4
2084,thumb sized piece,4
2085,coloured sprinkles,4
2086,pot low-fat natural yogurt,4
2087,soba noodle,4
2088,ripe  avocado,4
2089,fresh  basil,4
2090,frozen soya bean,4
2091,skin-on salmon fillets,4
2092,ready-made custard,4
2093,powdered gelatine,4
2094,stoned date,4
2095,baharat spice mix,4
2096,sweet potato wedges,4
2097,cheshire cheese,4
2098,strong chicken stock,4
2099,skinless chicken drumsticks,4
2100,buns,4
2101,thin slivers,4
2102,wholewheat,4
2103,mixed root vegetable,4
2104,peeled raw king prawns,4
2105,fat  garlic,4
2106,rump,4
2107,cooked pasta,4
2108,sundried tomato pesto,4
2109,ripe plum tomatoes,4
2110,chocolate spread,4
2111,yellow split peas,4
2112,broccoli head,4
2113,2 large oranges,4
2114,tomato paste,4
2115,raw prawn,4
2116,canned sweetcorn,4
2117,crusty  bread,4
2118,punnets raspberries,4
2119,avocado diced,4
2120,floury  potatoes,4
2121,shallot very finely chopped,4
2122,edible gold lustre,4
2123,cold cooked rice,4
2124,golden raisins,4
2125,pork shoulder joint,4
2126,ginger nut,4
2127,grated   parmesan,4
2128,white granulated sugar,4
2129,wensleydale cheese,4
2130,lime marmalade,4
2131,lamb's lettuce,4
2132,sheet shortcrust pastry,4
2133,zest 1 small orange,4
2134,green  cardamom pods,4
2135,2 oranges,4
2136,frozen seafood mix,4
2137,good grating nutmeg,4
2138,sprinkles to decorate,4
2139,1small garlic clove,4
2140,finely chopped tomatoes,4
2141,a few dashes,4
2142,pickled red cabbage,4
2143,plant milk,4
2144,1  pomegranate,4
2145,ruby port,4
2146,caraway seed,4
2147,pancakes,4
2148,tamarind pulp,4
2149,unsalted peanuts,4
2150,pickled cherry peppers,4
2151,a sprig,4
2152,sundried tomato purée,4
2153,pickled red onions,4
2154,pouch cooked grains,4
2155,garlic bread,4
2156,tub,4
2157,green olive,4
2158,extra virgin olive,4
2159,drained capers,4
2160,baby leeks,4
2161,pastry brush,4
2162,finely sliced spring onions,4
2163,mixed grains,4
2164,salmon fillet skin,4
2165,wooden spoon,4
2166,duck eggs,4
2167,silver balls,4
2168,haddock fillet,4
2169,light  soy sauce,4
2170,400g/14,4
2171,roasted unsalted peanuts,4
2172,tsp turmeric,4
2173,your chosen glaze,4
2174,frozen petit pois,4
2175,kaffir lime,4
2176,skinless  chicken breast,4
2177,mango juice,4
2178,dessert wine,4
2179,roasted  rhubarb,4
2180,low-sodium  soy sauce,4
2181,boiled rice,4
2182,light cream cheese,4
2183,thin slices pancetta,4
2184,cranberry jelly,4
2185,baileys,4
2186,mussel,4
2187,fresh  dill,4
2188,philadelphia intense garlic,4
2189,orange slice,4
2190,heather honey,4
2191,crème de cacao,4
2192,cod loin,4
2193,lemons zest,4
2194,frozen  petits pois,4
2195,canned chickpeas,4
2196,head cauliflower,4
2197,a grating,4
2198,malted milk biscuits,4
2199,young spinach,4
2200,haricot bean,4
2201,cress,4
2202,membrillo,4
2203,petals,4
2204,cannellini,4
2205,frozen mixed berries,4
2206,rolled oat,4
2207,mixed summer berries,4
2208,butter room temperature,4
2209,cupcake cases,4
2210,ready-to-eat beansprouts,4
2211,tarragon sprigs,4
2212,red curry paste,4
2213,mini meringues,4
2214,rocket watercress,4
2215,1⁄2 small bunch,4
2216,meringues,4
2217,pickled chillies,4
2218,red onion chutney,4
2219,soft white breadcrumbs,4
2220,guinness,4
2221,2fat garlic,4
2222,yellow peppers,4
2223,each,4
2224,buffalo hot sauce,4
2225,head  broccoli,4
2226,good handful parsley,4
2227,heaped tbsp cornflour,4
2228,hot paprika,4
2229,cucumber seeds,4
2230,thin rashers,4
2231,ciabatta roll,4
2232,red apple,4
2233,firm mozzarella,4
2234,crushed garlic,4
2235,sundried,4
2236,packets,4
2237,mild,4
2238,crackers,4
2239,seville,4
2240,pernod,4
2241,unsalted,4
2242,jacket potatoes,4
2243,baby  spinach,4
2244,gluten-free vegetable stock,4
2245,pepperoni,4
2246,greek extra virgin olive oil,4
2247,sweet,4
2248,cooked skinless chicken breast,4
2249,red-skinned apples,4
2250,fat-free  yogurt,4
2251,horseradish cream,4
2252,tubs ricotta,4
2253,½tsp,4
2254,finely chopped thyme,4
2255,juice ½ orange,4
2256,round,4
2257,1 tsp cloves,4
2258,parmesan shaved,4
2259,brown breadcrumbs,4
2260,red bird's-eye chilli,4
2261,sourdough starter,4
2262,drizzle olive oil,4
2263,oranges zest,4
2264,cooked  beetroot,4
2265,unsalted cashews,4
2266,1medium onion,4
2267,ripe apricots,4
2268,each cumin seeds,4
2269,jalapeños,4
2270,baby's milk,4
2271,punnet cherry tomato,4
2272,2 egg yolks,4
2273,thai basil leaves,4
2274,dessert apples,4
2275,good grating  nutmeg,4
2276,a little sunflower oil,4
2277,sichuan peppercorns,4
2278,chestnuts,4
2279,metal skewers,4
2280,1cm pieces,4
2281,50g/2oz butter,4
2282,palm,4
2283,pappardelle pasta,4
2284,taleggio,3
2285,wedges,3
2286,cold mashed potato,3
2287,avocado cut,3
2288,irish cream,3
2289,zest 2  limes,3
2290,tilapia fillets,3
2291,chopped butternut squash,3
2292,madeira loaf,3
2293,full-fat soured cream,3
2294,ready-to-eat dried apricot,3
2295,toffee sauce,3
2296,frozen oven chips,3
2297,a little water,3
2298,red chicory leaves,3
2299,light mascarpone,3
2300,nori sheets,3
2301,avocado thinly sliced,3
2302,long-grain white rice,3
2303,vermicelli noodles,3
2304,reduced-fat hummus,3
2305,broccoli florets,3
2306,king edward potato,3
2307,crème pâtissière recipe - see link,3
2308,1 large lime,3
2309,avocado chopped,3
2310,flour tortilla wraps,3
2311,firm  goat's cheese,3
2312,hot smoked trout,3
2313,hot horseradish sauce,3
2314,fresh  thyme,3
2315,pak choi leaves,3
2316,lollipops,3
2317,very ripe  bananas,3
2318,fresh  tarragon,3
2319,angostura bitters,3
2320,rashers pancetta,3
2321,baby aubergines,3
2322,french bread,3
2323,pouch microwave brown rice,3
2324,pearl onions,3
2325,wholemeal pasta,3
2326,peeled raw  prawn,3
2327,chantenay,3
2328,orecchiette pasta,3
2329,black bean sauce,3
2330,brussels sprout,3
2331,mooli,3
2332,active dry yeast,3
2333,ground turmeric,3
2334,greek,3
2335,forced rhubarb,3
2336,onion flakes,3
2337,shredded kale,3
2338,white marshmallows,3
2339,tomato purée,3
2340,chinese pancakes,3
2341,chicory heads,3
2342,sustainable tuna,3
2343,small sprigs,3
2344,king prawns,3
2345,scales,3
2346,french stick,3
2347,frisée lettuce,3
2348,juice half lemon,3
2349,orange slices,3
2350,rye,3
2351,spring green,3
2352,sweetcorn cobs,3
2353,1tbsp garam masala,3
2354,olive oil spray,3
2355,low-salt stock,3
2356,mascarpone cheese,3
2357,back bacon,3
2358,jackfruit,3
2359,sharp knife,3
2360,thick white fish fillets,3
2361,generous handful,3
2362,few pinches,3
2363,all-butter  puff pastry,3
2364,sliced cucumber,3
2365,oz cans,3
2366,lovage,3
2367,baby plum,3
2368,rib-eye steak,3
2369,blue,3
2370,granulated white sugar,3
2371,orzo pasta,3
2372,lean minced lamb,3
2373,chapatti flour,3
2374,good pinches,3
2375,a few  mint,3
2376,carton  mascarpone,3
2377,vanilla bean,3
2378,a little vegetable,3
2379,light spelt flour,3
2380,rotisserie chicken,3
2381,full fat cream cheese,3
2382,soft goat’s cheese,3
2383,150ml/¼ pint,3
2384,sausages skins,3
2385,rashers back,3
2386,fine  green bean,3
2387,brown rice miso paste,3
2388,red paste food colouring,3
2389,thin sticks,3
2390,1tbsp honey,3
2391,pistachio paste,3
2392,1tbsp sunflower oil,3
2393,pear,3
2394,dried chillies,3
2395,ginger ale,3
2396,hulled strawberries,3
2397,mixed sesame seeds,3
2398,cardamom powder,3
2399,low-fat fromage frais,3
2400,a few mint,3
2401,1⁄2,3
2402,chopped thyme leaf,3
2403,dry  white wine,3
2404,sliced spring onion,3
2405,good handfuls rocket,3
2406,cucumber ends,3
2407,trimmed leeks,3
2408,8 thick slices,3
2409,cornmeal,3
2410,wraps,3
2411,chorizo sausage,3
2412,granary bread,3
2413,ham hocks,3
2414,green thai curry paste,3
2415,turnip,3
2416,chunk cucumber,3
2417,biscoff,3
2418,steamed jasmine rice,3
2419,padron peppers,3
2420,light feta cheese,3
2421,seeded wraps,3
2422,ground cumin,3
2423,watercress stalks,3
2424,closed cup mushrooms,3
2425,malted grain brown bread flour,3
2426,1bunch spring onions,3
2427,heaped tbsp curry paste,3
2428,smooth,3
2429,scotch whisky,3
2430,grating nutmeg,3
2431,pork ribs,3
2432,1 tbsp,3
2433,japanese-style mayonnaise,3
2434,buffalo mozzarella,3
2435,brown lentils,3
2436,8 cloves,3
2437,roughly chopped mint,3
2438,green grapes,3
2439,tub soured cream,3
2440,vegan butter block,3
2441,frozen  peas,3
2442,still mineral water,3
2443,unsmoked lardons,3
2444,tiger prawns,3
2445,ginger & garlic paste,3
2446,good-quality beef stock,3
2447,4cm cubes,3
2448,few pieces,3
2449,coarse crystal sea salt,3
2450,vegan white wine,3
2451,raw apple cider vinegar,3
2452,almond roughly chopped,3
2453,cherry compote,3
2454,sugar snaps,3
2455,skinny chips,3
2456,brown miso,3
2457,peppermint essence,3
2458,dashi powder,3
2459,fresh herbs,3
2460,a slice,3
2461,a wedge,3
2462,unsalted butter room temperature,3
2463,green cardamom pods seeds,3
2464,few mint sprigs,3
2465,raw peeled king prawn,3
2466,pork loin,3
2467,basil leaf,3
2468,three-seed mix,3
2469,corn cob,3
2470,orange bitters,3
2471,heads bok choi,3
2472,1 whole egg,3
2473,a large knob,3
2474,1 tsp vegetable bouillon powder,3
2475,orange pepper,3
2476,borlotti,3
2477,frozen cranberries,3
2478,roughly chopped  coriander,3
2479,venison,3
2480,pork sausages skins,3
2481,each parsley,3
2482,hot black tea,3
2483,red gel food colouring,3
2484,bite-sized cubes,3
2485,oranges peeled and sliced,3
2486,a few handfuls,3
2487,boneless chicken thighs,3
2488,roasted pepper,3
2489,ripe  bananas,3
2490,desirée potatoes,3
2491,red chicory,3
2492,cooked turkey,3
2493,freshly grated horseradish,3
2494,sushi ginger,3
2495,tub full-fat soft cheese,3
2496,sorrel,3
2497,thai curry paste,3
2498,apricot compote,3
2499,cavolo nero stalks,3
2500,orange peel twist,3
2501,white grape juice,3
2502,selection,3
2503,short lengths,3
2504,strips orange zest,3
2505,plain yogurt,3
2506,leaves,3
2507,chicory leaves,3
2508,king edward,3
2509,sheets fresh lasagne,3
2510,candy canes,3
2511,low-salt chicken,3
2512,extra-lean beef mince,3
2513,runner bean,3
2514,leftover cooked turkey,3
2515,heads pak choi,3
2516,ripe fresh apricots,3
2517,about 1kg,3
2518,zest 2 blood,3
2519,6 wedges,3
2520,gluten-free oats,3
2521,leaves gelatine,3
2522,arborio,3
2523,full-fat yogurt,3
2524,1  orange,3
2525,crème-filled chocolate sandwich biscuits,3
2526,potato starch,3
2527,leftover turkey,3
2528,all-bran,3
2529,packet,3
2530,chopped peanuts,3
2531,pecorino cheese,3
2532,aleppo chilli flakes,3
2533,uncooked quinoa,3
2534,tia maria,3
2535,holly sprig,3
2536,1.5cm cubes,3
2537,dark rye bread,3
2538,finely grated,3
2539,cold lager,3
2540,soft rindless goat's cheese,3
2541,light condensed milk,3
2542,brown rice miso,3
2543,cooked skinless chicken breasts,3
2544,conference pears,3
2545,ginger wine,3
2546,sake,3
2547,sage leaves picked,3
2548,frozen leaf spinach,3
2549,pistachio roughly chopped,3
2550,full-fat crème fraîche,3
2551,oranges peeled and segmented,3
2552,coconut ice cream,3
2553,asparagus ends,3
2554,blanco tequila,3
2555,a little plain flour,3
2556,taco shells,3
2557,tzatziki,3
2558,full-bodied red wine,3
2559,mixed bean,3
2560,finger-length piece ginger,3
2561,very fine matchsticks,3
2562,juice 1/2 lime,3
2563,a julienne peeler,3
2564,rashers streaky,3
2565,hot salsa,3
2566,lager,3
2567,dukkah,3
2568,ripe  mango,3
2569,agave nectar,3
2570,frozen pineapple,3
2571,3tbsp plain flour,3
2572,vegetarian suet,3
2573,each coriander,3
2574,fat red chillies,3
2575,tarragon sprig,3
2576,sachet easy-blend dried yeast,3
2577,low-fat  natural yogurt,3
2578,garam marsala,3
2579,red  peppers,3
2580,fridge-cold eggs,3
2581,wholewheat couscous,3
2582,quail’s eggs,3
2583,bourbon whiskey,3
2584,2 large or 4 small  chicken thighs,3
2585,finely chopped red chilli,3
2586,low-salt  soy sauce,3
2587,baby courgettes,3
2588,cooked couscous,3
2589,pea fresh or frozen,3
2590,low sodium soy sauce,3
2591,lime wedge,3
2592,2%,3
2593,goat’s curd,3
2594,dolcelatte cheese,3
2595,cooking chorizo skin,3
2596,seasoning,3
2597,gold leaf,3
2598,3cm pieces,3
2599,paste,3
2600,baby button mushrooms,3
2601,salted popcorn,3
2602,a few knobs,3
2603,chinese five-spice,3
2604,frozen broad beans,3
2605,ready-to-eat apricots,3
2606,finely chopped basil,3
2607,3 tbsp water,3
2608,carom seeds,3
2609,mixed soft herbs,3
2610,long shallots,3
2611,vanilla  ice cream,3
2612,baby leaf salad,3
2613,fat green chilli,3
2614,canned,3
2615,¼kg potato,3
2616,ready-cooked quinoa,3
2617,reduced-fat feta cheese,3
2618,granny smiths,3
2619,calvados,3
2620,carton  single cream,3
2621,strong beef stock,3
2622,crisp lettuce leaves,3
2623,gluten-free  baking powder,3
2624,freeze-dried strawberries,3
2625,brioche rolls,3
2626,cake board,3
2627,brown onions,3
2628,few rosemary sprigs,3
2629,chopped nuts,3
2630,wholemeal tortillas,3
2631,2large garlic,3
2632,grated vegetarian italian-style hard cheese,3
2633,heads chicory,3
2634,blackberry jam,3
2635,your favourite bread,3
2636,100g fresh or frozen peas,3
2637,biscuit spread,3
2638,blood orange juice,3
2639,spring roll wrappers,3
2640,pickle,3
2641,caesar,3
2642,packet ready-rolled puff pastry,3
2643,oven fries,3
2644,200g fresh or frozen peas,3
2645,corned beef,3
2646,steak,3
2647,few coriander,3
2648,leftover roast,3
2649,shortcrust pastry sheet,3
2650,lean rump steak,3
2651,sweet marsala,3
2652,white rice,3
2653,very strong coffee,3
2654,vegetables,3
2655,chilled soda water,3
2656,courgettes finely sliced,3
2657,cooked prawn,3
2658,steaks,3
2659,fine dried breadcrumbs,3
2660,good chicken stock,3
2661,gingernut,3
2662,diced butter,3
2663,cauliflower leaves,3
2664,frozen berries,3
2665,cucumber slices,3
2666,boneless pork belly,3
2667,thick custard,3
2668,young leaf spinach,3
2669,thick noodles,3
2670,poussin,3
2671,a few basil,3
2672,redcurrants,3
2673,baby salad,3
2674,quail eggs,3
2675,pomegranate,3
2676,pork sausage,3
2677,manchego cheese,3
2678,soft-boiled egg,3
2679,tub clotted cream,3
2680,4-5cm pieces,3
2681,brown basmati,3
2682,black-eyed beans,3
2683,level tsp,3
2684,shop-bought,3
2685,good handful mint,3
2686,cooked potatoes,3
2687,achuete oil,3
2688,vegetarian parmesan -style cheese,3
2689,nutella,3
2690,bird's-eye chilli,3
2691,1 yolk,3
2692,sachet fast action yeast,3
2693,yellow mustard seed,3
2694,seasonal vegetables,3
2695,thick slices ham,3
2696,stir-fry vegetable,3
2697,about 150g,3
2698,chopped fresh mint,3
2699,chopped onion,3
2700,mango slices,3
2701,celery heart,3
2702,croissant dough,3
2703,thick slices sourdough,3
2704,vegetable stock pot,3
2705,lime slices,3
2706,garlic oil,3
2707,finely chopped shallot,3
2708,papaya,3
2709,oreo,3
2710,kalamata olive,3
2711,seaweed thins,3
2712,rice vermicelli noodles,3
2713,frozen  raspberry,3
2714,thin  baguettes,3
2715,tartare sauce,3
2716,rib-eye,3
2717,ripe  peaches,3
2718,brown rice vinegar,3
2719,festive spice,3
2720,chicken gravy,3
2721,pitted olives,3
2722,lavender honey,3
2723,lean ham,3
2724,ready-rolled puff pastry sheets,3
2725,vegetable stock cubes,3
2726,peppered mackerel fillets,3
2727,soba noodles,3
2728,chives finely snipped,3
2729,prepared pineapple,3
2730,pork chipolatas,3
2731,finely chopped,3
2732,1 stock cube,3
2733,good-quality beef mince,3
2734,hot smoked salmon fillets,3
2735,cooked ham hock,3
2736,sliced spring onions,3
2737,hemp seeds,3
2738,fat red chilli,3
2739,4 limes,3
2740,soy milk,3
2741,low-fat cream cheese,3
2742,side,3
2743,seaweed,3
2744,chives finely sliced,3
2745,jalapeño peppers,3
2746,thick batons,3
2747,cooked potato,3
2748,rotis,3
2749,sliced,3
2750,roasted aubergines,3
2751,tartar sauce,3
2752,finely chopped garlic,3
2753,spinach watercress,3
2754,stoned dates,3
2755,vegan spread,3
2756,chocolate sauce,3
2757,thai fragrant rice,3
2758,good handful basil,3
2759,cashew butter,3
2760,set honey,3
2761,philadelphia cheese,3
2762,fudge,3
2763,low salt vegetable stock,3
2764,1-2cm pieces,3
2765,chicken wing,3
2766,light  coconut milk,3
2767,mixed green vegetables,3
2768,½kg floury potato,3
2769,250g fresh or frozen cranberry,3
2770,pomelo,3
2771,muslin,3
2772,1 tsp ground,3
2773,shredded spring onions,3
2774,food colouring,3
2775,brown mustard seeds,3
2776,each basil,3
2777,currant,3
2778,good knob,3
2779,yellow mustard,3
2780,cooked wholegrain rice,3
2781,chopped red chilli,3
2782,chinese black vinegar,3
2783,semolina flour,3
2784,cherry brandy,3
2785,liquid chicken stock,3
2786,fresh  broad bean,3
2787,chunky slices,3
2788,swiss chard,3
2789,mixed leaf,3
2790,hot  chilli powder,3
2791,1 tbsp bouillon powder,3
2792,18-23cm fruit cake,3
2793,pasta shells,3
2794,flat-leaf  parsley,3
2795,plum jam,3
2796,white malt vinegar,3
2797,thick strips,3
2798,black-eyed bean,3
2799,black and white sesame seeds,3
2800,vegan chocolate chips,3
2801,warm  water,3
2802,chopped walnut,3
2803,hot fish stock,3
2804,cucumbers,3
2805,generous pinches,3
2806,good mayonnaise,3
2807,roast potatoes,3
2808,plain hummus,3
2809,squash peeled,3
2810,‘00’ pasta flour,3
2811,chicken legs skin,3
2812,gochujang paste,3
2813,cooked broccoli,3
2814,carnaroli,3
2815,wilted greens,3
2816,pitted cherries,3
2817,red split lentils,3
2818,dairy-free margarine,3
2819,lean lamb leg steak,3
2820,tuna steak,3
2821,chocolate-coated coffee beans,3
2822,green garlic,3
2823,pale ale,3
2824,soft light  brown sugar,3
2825,baby,3
2826,hard cheese,3
2827,pouch puy lentils,3
2828,pink grapefruit juice,3
2829,70% cocoa,3
2830,eggs room temperature,3
2831,crushed ice,3
2832,white icing,3
2833,vegetable suet,3
2834,sesame,3
2835,marsala wine,3
2836,green peppercorns,3
2837,dried chilli,3
2838,2 tsp vegetable bouillon powder,3
2839,pot 0% fat greek yogurt,3
2840,2cm dice,3
2841,chopped  rosemary,3
2842,4tbsp olive oil,3
2843,ripe  tomatoes,3
2844,thin forced rhubarb,3
2845,weighing scales,3
2846,1 clove,3
2847,saucepan,3
2848,cold lard,3
2849,ajwain seeds,3
2850,each dried oregano,3
2851,carnation caramel,3
2852,sweet potato cut,3
2853,oven gloves,3
2854,2½cm piece,3
2855,italian herbs,3
2856,good olive oil,3
2857,vine tomato,3
2858,leftover cooked chicken,3
2859,rock salt,3
2860,bocconcini,3
2861,wild mushroom,3
2862,hot cross buns,3
2863,couple,3
2864,fine breadcrumbs,3
2865,coconut milk yogurt,3
2866,wholemeal buns,3
2867,boneless skinless chicken thighs,3
2868,pink pickled onions,3
2869,grated lemon zest,3
2870,plant-based milk,3
2871,2 tbsp cold water,3
2872,0% greek yogurt,3
2873,lettuce leaves,3
2874,skinless smoked haddock fillet,3
2875,large wedges,3
2876,4 whole cloves,3
2877,150g fresh or frozen cranberries,3
2878,light  mayonnaise,3
2879,monterey jack cheese,3
2880,matzo meal,3
2881,chopped fresh,3
2882,day-old bread,3
2883,almond flakes,3
2884,quantity pizza dough,3
2885,omega seed mix,3
2886,pimento,3
2887,dry,3
2888,little plain flour,3
2889,cashew,3
2890,piccalilli,3
2891,2tbsp butter,3
2892,good splash,3
2893,braeburn apples,3
2894,good quality dark chocolate,3
2895,thin-stemmed  broccoli,3
2896,kale tough stalks,3
2897,salsa,3
2898,black cherry jam,3
2899,1⁄2 red onion,3
2900,armagnac,3
2901,dry roasted peanuts,3
2902,black cherries,3
2903,light  muscovado sugar,3
2904,12 wedges,3
2905,carton  soured cream,3
2906,marrow,3
2907,coffee beans,3
2908,steamed white rice,3
2909,chilli bean sauce,3
2910,little gem lettuce hearts,3
2911,8 chunks,3
2912,vegetable stock powder,3
2913,head garlic,3
2914,red vermouth,3
2915,1⁄2 lime,3
2916,ripe strawberry,3
2917,thumb-sized pieces,3
2918,your favourite chutney,3
2919,frozen prawns,3
2920,rashers bacon,3
2921,good-quality pork sausage,3
2922,bramley,3
2923,short  pasta,3
2924,beef steak,3
2925,tamarind sauce,3
2926,white sugarpaste,3
2927,cooked giant couscous,3
2928,chantenay carrots,3
2929,pistachio cream,3
2930,tomato pasta sauce,3
2931,big handfuls rocket,3
2932,blood,3
2933,pork spare ribs,3
2934,steamed new potatoes,3
2935,short-grain pudding rice,3
2936,a little freshly grated nutmeg,3
2937,unwaxed orange,3
2938,each ground coriander,3
2939,chopped toasted hazelnuts,3
2940,duck breast,3
2941,skinless  chicken thighs,3
2942,sauerkraut,3
2943,finely chopped onion,3
2944,6-8 wedges,3
2945,orange flower water,3
2946,seeds,3
2947,goat’s cheese,3
2948,kosher salt,3
2949,bok choi,3
2950,iceberg,3
2951,wild salmon fillets,3
2952,water chestnut,3
2953,very small pieces,3
2954,long matchsticks,3
2955,mild red chilli,3
2956,poppadums,3
2957,ricotta cheese,3
2958,frozen blackberries,3
2959,black fondant,3
2960,2tsp baking powder,3
2961,water chestnuts,3
2962,kalonji seeds,3
2963,sub rolls,3
2964,zest 1 large orange,3
2965,4cm batons,3
2966,pot  soured cream,3
2967,disposable piping bags,3
2968,red onion ½,3
2969,instant polenta,3
2970,mixed stir-fry vegetables,3
2971,soft toffees,3
2972,pork tenderloins,3
2973,soft  goat's cheese,3
2974,soft toffee,3
2975,quince paste,3
2976,good-quality extra-virgin olive oil,3
2977,tamarind concentrate,3
2978,chopped fresh basil,3
2979,pot  natural yogurt,3
2980,jerusalem,3
2981,food colouring pastes,2
2982,dark rum brandy,2
2983,gluten-free bicarbonate,2
2984,stalk lemongrass,2
2985,wheel,2
2986,finely grated lemon zest,2
2987,ready-made croûton,2
2988,preserving,2
2989,chocolate bitters,2
2990,rice paper wraps,2
2991,mixed mushroom,2
2992,free-range egg whites,2
2993,soft vegetarian goat's cheese,2
2994,limes zest,2
2995,tub vanilla ice cream,2
2996,pork sausage meat,2
2997,cherry vine tomato,2
2998,oven-ready pheasants,2
2999,thin-cut pork loin steaks,2
3000,a cross cut,2
3001,big sprigs,2
3002,good-quality honey,2
3003,scrambled eggs,2
3004,the right cup,2
3005,white  bread,2
3006,finely ground coffee,2
3007,raw shelled prawn,2
3008,kewpie mayonnaise,2
3009,long pasta,2
3010,½kg floury potatoes,2
3011,reduced-salt chicken stock,2
3012,steamed bok choi,2
3013,jumbo porridge oat,2
3014,butter optional,2
3015,mini pretzels,2
3016,multicoloured candles,2
3017,cox,2
3018,rye crackers,2
3019,mixed heritage,2
3020,giant chocolate buttons,2
3021,lemon zest only,2
3022,frozen fine  green bean,2
3023,gluten-free brown bread flour,2
3024,bite-size florets,2
3025,thai shallots,2
3026,lamb steak,2
3027,a twist,2
3028,reduced-salt vegetable bouillon,2
3029,hispi cabbage,2
3030,pink food colouring gel,2
3031,taco,2
3032,the chiller cabinet,2
3033,450-500g/1lb-1lb 2oz,2
3034,wholemeal couscous,2
3035,3 thick slices,2
3036,cooked and peeled north atlantic prawns,2
3037,each cumin and coriander seeds,2
3038,cooked  prawns,2
3039,chunky slices bread,2
3040,a little lemon juice,2
3041,kale stalks,2
3042,carton tomato passata,2
3043,chopped  flatleaf parsley,2
3044,golden  caster sugar,2
3045,urfa chilli flakes,2
3046,chopped almonds,2
3047,luxury mixed dried fruit,2
3048,salmon fillet skinned,2
3049,seedless red grapes,2
3050,guanciale,2
3051,leaf salad,2
3052,toffee,2
3053,beetroot juice,2
3054,2.5cm pieces,2
3055,generous pinch sea salt,2
3056,unsalted roasted peanuts,2
3057,frangelico,2
3058,raw  prawns,2
3059,crushed  garlic,2
3060,cocktail stick,2
3061,chilli jam,2
3062,pancetta rashers,2
3063,low fat natural yogurt,2
3064,ready-made mini meringues,2
3065,jam jar,2
3066,pot fresh chicken stock,2
3067,plant-based double cream,2
3068,orange cut,2
3069,peeled raw prawns,2
3070,sweet chilli jam,2
3071,frozen chopped spinach,2
3072,cooked greens,2
3073,udon noodles,2
3074,vacuum-packed cooked beetroot,2
3075,1⁄2  cucumber,2
3076,roast turkey slices,2
3077,full-cream milk,2
3078,bacon  lardon,2
3079,smoked lardons,2
3080,frozen soya,2
3081,corn tortilla wraps,2
3082,creamed corn,2
3083,rounded tbsp cranberry sauce,2
3084,thin leeks,2
3085,beef fillet cut,2
3086,pot  crème fraîche,2
3087,chipotle peppers,2
3088,oat,2
3089,wholemeal noodles,2
3090,garlic cloves crushed but,2
3091,croûton,2
3092,ready-cooked spelt,2
3093,chantenay carrot,2
3094,chicken about 1.5kg,2
3095,vegetarian sausages,2
3096,pots natural yogurt,2
3097,leftover ragu,2
3098,each caster sugar,2
3099,strawberries laces,2
3100,300g fresh or frozen peas,2
3101,sprouts,2
3102,pints,2
3103,peach schnapps,2
3104,wholemeal flatbreads,2
3105,white fish fillet,2
3106,stale croissants,2
3107,a few small mint,2
3108,5 limes,2
3109,each ground cumin coriander,2
3110,russet potatoes,2
3111,bar  dark chocolate,2
3112,basa fillets,2
3113,raspberry fresh,2
3114,mixed leaf salad,2
3115,squid tubes,2
3116,boneless beef brisket,2
3117,sieve,2
3118,full-fat  greek yogurt,2
3119,wheat-free plain flour,2
3120,2 tbsp coffee granules,2
3121,12 small cubes,2
3122,white chocolate truffles,2
3123,good-quality white chocolate,2
3124,grated horseradish,2
3125,lemons zest only,2
3126,round cutter,2
3127,fine  polenta,2
3128,leftover ham,2
3129,cherry  tomatoes,2
3130,black mustard seed,2
3131,mild  chilli powder,2
3132,excess fat,2
3133,leftover pigs,2
3134,chocolate digestives,2
3135,1⁄2 small bunch parsley,2
3136,tarragon vinegar,2
3137,wood chips,2
3138,soft salted butter,2
3139,roughly chopped rosemary,2
3140,burger cheese,2
3141,large strips,2
3142,coarsely grated pumpkin,2
3143,vegetable sticks,2
3144,shortbread rounds,2
3145,leftover roasted,2
3146,sweet potato fries,2
3147,1 tbsp boiling water,2
3148,pineapple slices,2
3149,1 tsp or 7g sachet easy-blend dried yeast,2
3150,ritz crackers,2
3151,chicken drumsticks skin,2
3152,leftover,2
3153,cones,2
3154,4 wedges,2
3155,1tsp bicarbonate,2
3156,pink himalayan salt,2
3157,any colour,2
3158,gold edible glitter,2
3159,halves,2
3160,cherry liqueur,2
3161,5-5.5kg/11-12lb turkey,2
3162,coconut chips,2
3163,shredded white cabbage,2
3164,sustainable white fish,2
3165,pistachio butter,2
3166,french mustard,2
3167,fine asparagus,2
3168,mixed rocket salad,2
3169,alcohol-free gin,2
3170,cookies,2
3171,mixed berry,2
3172,few parmesan shavings,2
3173,slightly stale white bread crusts,2
3174,1⁄2 iceberg lettuce,2
3175,generous sprinkling,2
3176,chipolte tabasco,2
3177,extra-thick  double cream,2
3178,chopped  thyme,2
3179,fl oz,2
3180,2large sweet potatoes,2
3181,trimmed green bean,2
3182,lemongrass finely chopped,2
3183,boneless skinless chicken breast,2
3184,active sourdough starter,2
3185,pickled walnuts,2
3186,kale woody stalks,2
3187,goat's cheese log,2
3188,boiled new potatoes,2
3189,ready-to-eat smoked,2
3190,small onion,2
3191,caerphilly cheese,2
3192,blackcurrant cordial,2
3193,good  olive oil,2
3194,chives optional,2
3195,courgettes finely diced,2
3196,steamed basmati rice,2
3197,thick slices sourdough bread,2
3198,butternut,2
3199,back bacon rashers,2
3200,a small bunch coriander,2
3201,ready-rolled white fondant,2
3202,sweet  smoked paprika,2
3203,mixed chopped peel,2
3204,cocktail gherkins,2
3205,coarse white breadcrumbs,2
3206,shop-bought vanilla custard,2
3207,all-purpose seasoning,2
3208,cadbury creme eggs®,2
3209,chilli garlic sauce,2
3210,crusty bread rolls,2
3211,extra-thick cream,2
3212,houmous,2
3213,8-10 wedges,2
3214,long slices,2
3215,½kg piece,2
3216,flat-leaf parsley stalks,2
3217,chicken broth,2
3218,fine,2
3219,heavy cream,2
3220,grated  nutmeg,2
3221,lean beef,2
3222,strong  white flour,2
3223,cannelloni tubes,2
3224,tubs quark,2
3225,pot ready-made vanilla custard,2
3226,finger-length piece fresh root ginger,2
3227,plump,2
3228,whole clove,2
3229,2oz butter,2
3230,really big  carrots,2
3231,half a lime,2
3232,a few snipped chives,2
3233,whey,2
3234,olive ciabatta,2
3235,sage sprigs,2
3236,medium chunks,2
3237,1large courgette,2
3238,chopped  sage,2
3239,a pan,2
3240,lamb rump,2
3241,parsley sprigs,2
3242,iceberg lettuce leaves,2
3243,canned pineapple rings,2
3244,pot fat-free natural yogurt,2
3245,white chicory,2
3246,generous knob,2
3247,½l vegetable,2
3248,jerusalem artichokes,2
3249,spring cabbage,2
3250,dried  oregano,2
3251,togarashi,2
3252,punnet  cherry tomato,2
3253,boneless chicken breasts,2
3254,margarine/butter,2
3255,fresh custard,2
3256,cooked puy,2
3257,baby aubergine,2
3258,chopped mixed herbs,2
3259,farro,2
3260,2 tsp,2
3261,1⁄2 tsp cayenne pepper,2
3262,gingernuts,2
3263,veg stock,2
3264,rich tea biscuits,2
3265,preserved lemon rind,2
3266,coconut extract,2
3267,hot lamb stock,2
3268,round cake board,2
3269,a few pinches,2
3270,green jalapeños,2
3271,red colouring,2
3272,boneless skinless  chicken breasts,2
3273,mixed coloured peppers,2
3274,chicken leg quarters,2
3275,roasted  peppers,2
3276,diced chorizo,2
3277,toasted desiccated coconut,2
3278,chopped pineapple,2
3279,chewy toffees,2
3280,sourdough toast,2
3281,asparagus spear woody,2
3282,thick cream,2
3283,frozen strawberries,2
3284,red and green food colouring gels,2
3285,freshly ground pepper,2
3286,orange pepper cut,2
3287,lean lamb mince,2
3288,coriander most chopped,2
3289,1large egg yolk,2
3290,baby gem lettuce leaves,2
3291,ready-cooked puy lentils,2
3292,lots,2
3293,ready-to-eat apricot,2
3294,chicken stock pot,2
3295,boneless chicken breast fillets,2
3296,pouch,2
3297,ready-made meatballs,2
3298,muffin cases,2
3299,cellophane,2
3300,preserved lemons seeds,2
3301,short wooden skewers,2
3302,coconut liqueur,2
3303,soft-set marmalade,2
3304,butternut squash cut,2
3305,each butter,2
3306,soft amaretti biscuits,2
3307,500g/ 1lb 2oz,2
3308,tandoori masala powder,2
3309,mild  olive oil,2
3310,sweet pastry,2
3311,lamb neck,2
3312,chinese rice wine,2
3313,salad leaves,2
3314,blade  mace,2
3315,yogurt coriander leaves,2
3316,wild  mushrooms,2
3317,shallot very thinly sliced,2
3318,mixed soft herb,2
3319,crumbled  feta cheese,2
3320,lychee juice,2
3321,boneless pork shoulder,2
3322,a good knob,2
3323,shop-bought croûtons,2
3324,chunky marmalade,2
3325,salad potatoes,2
3326,lean pork shoulder,2
3327,tilapia,2
3328,garden herbs,2
3329,ready-made  shortcrust pastry,2
3330,antipasti,2
3331,excess moisture,2
3332,pasta sauce,2
3333,extra-lean lamb mince,2
3334,bulghar wheat,2
3335,free-range egg,2
3336,cooked turkey meat,2
3337,full-fat  crème fraîche,2
3338,yellow  pepper,2
3339,good rapeseed oil,2
3340,giant wholewheat couscous,2
3341,a few gratings,2
3342,chilled champagne,2
3343,tub hummus,2
3344,crispy fried  onions,2
3345,instant ramen,2
3346,leeks well washed and,2
3347,paintbrushes,2
3348,zest 0.5 orange,2
3349,tacos shells,2
3350,prepared veg,2
3351,unsalted cashew,2
3352,sustainable white fish fillets,2
3353,boiled egg,2
3354,1⁄2 bunch,2
3355,tub  hummus,2
3356,finger length piece,2
3357,tip,2
3358,meaty pork ribs,2
3359,1large potato,2
3360,fresh  parmesan,2
3361,flaked,2
3362,1 stick,2
3363,white chocolate coated malt balls,2
3364,waxy  potatoes,2
3365,fl oz  apple juice,2
3366,mature vegetarian cheddar,2
3367,labels,2
3368,cooked chickpea,2
3369,cold milk,2
3370,smooth orange juice,2
3371,½kg potato,2
3372,pot plain yogurt,2
3373,lean pork fillet,2
3374,cooked long-grain rice,2
3375,chunky white fish fillets,2
3376,soft rolls,2
3377,tempeh,2
3378,reduced-fat  coconut milk,2
3379,scoops good-quality vanilla ice cream,2
3380,venison sausages,2
3381,morroccan spice mix,2
3382,each poppy seeds,2
3383,quinoa flour,2
3384,parmigiano-reggiano,2
3385,leftover rice,2
3386,stalk,2
3387,aldi specially selected 100% british beef wagyu ribeye steaks,2
3388,wholemeal breadcrumb,2
3389,peanut butter crunchy,2
3390,thumb-size,2
3391,venison mince,2
3392,soya flour,2
3393,hot low-salt vegetable stock,2
3394,fenugreek seed,2
3395,long shallot finely chopped,2
3396,finely chopped red onion,2
3397,grated orange zest,2
3398,unpeeled garlic,2
3399,1head garlic,2
3400,low-fat  soft cheese,2
3401,fresh nutmeg,2
3402,pitted date,2
3403,fat green chillies,2
3404,sweet white wine,2
3405,plump sausages,2
3406,generous handful coriander,2
3407,olive tapenade,2
3408,sunblush,2
3409,orange segments,2
3410,thick white bread,2
3411,easy-cook long grain rice,2
3412,following pack instructions,2
3413,100g/4oz,2
3414,4cm lengths,2
3415,good-quality sausages meat,2
3416,chardonnay vinegar,2
3417,garlic cloves crushed and finely chopped,2
3418,box,2
3419,wild,2
3420,fresh oregano,2
3421,stone fruits,2
3422,sourdough slices,2
3423,shelled  pistachios,2
3424,mozzarella cheese,2
3425,quantity  shortcrust pastry,2
3426,white baguette,2
3427,skinless cod loin cut,2
3428,pineapple pieces,2
3429,comté cheese,2
3430,vegan cocoa powder,2
3431,jamaican curry seasoning,2
3432,chinese leaf,2
3433,vegan red wine,2
3434,a little melted butter,2
3435,vegetarian goat's cheese,2
3436,green cabbage,2
3437,pork loin fillet,2
3438,cherry juice,2
3439,black olive tapenade,2
3440,thumb-sized red chilli,2
3441,frozen sweetcorn kernels,2
3442,pink grapefruits,2
3443,ready-made hummus,2
3444,coarsely grated courgette,2
3445,finely diced red onion,2
3446,sweetcorn cobs kernels,2
3447,dressed  salad,2
3448,chopped fresh thyme,2
3449,bags,2
3450,mango cheek,2
3451,lean  minced lamb,2
3452,whole almonds,2
3453,butternut squash roughly chopped,2
3454,cooked  ham,2
3455,orange zest only,2
3456,a little olive oil,2
3457,thick slices bread,2
3458,red onions roots,2
3459,head chicory leaves,2
3460,oil spray,2
3461,black  peppercorns,2
3462,finely sliced chives,2
3463,espadin,2
3464,malt drinking powder,2
3465,bamboo skewers,2
3466,lean  beef mince,2
3467,leftover christmas pudding,2
3468,leftover stuffing,2
3469,tub fromage frais,2
3470,kalamata  olives,2
3471,peanut oil,2
3472,little sprigs,2
3473,1cm-thick rounds,2
3474,chopped tarragon,2
3475,each snipped chives,2
3476,beef rump steak,2
3477,2tsp mixed spice,2
3478,natural,2
3479,1tbsp rapeseed oil,2
3480,crunchy biscuits,2
3481,finely chopped fresh dill,2
3482,ripe  tomato,2
3483,soft green herbs,2
3484,finely chopped  ginger,2
3485,hot fish,2
3486,ready-to-eat,2
3487,massaman curry paste,2
3488,thai chillies,2
3489,grated cheddar cheese,2
3490,tub whipping cream,2
3491,cooked  turkey,2
3492,shredded ham hock,2
3493,ginger nuts,2
3494,leftover coconut,2
3495,mint sprig to garnish,2
3496,sheet nori,2
3497,active dried yeast,2
3498,fruit juice,2
3499,iced water,2
3500,falafel,2
3501,canned pumpkin purée,2
3502,half a  lemon,2
3503,milk powder,2
3504,a pasta machine,2
3505,fortified soya yogurt,2
3506,orange finely grated zest,2
3507,lemon 1/2 juiced,2
3508,fortified soya milk,2
3509,ready-to-eat quinoa,2
3510,0% fat yogurt,2
3511,1⁄2  lemon,2
3512,tapioca starch,2
3513,white  cabbage,2
3514,good pinch saffron strands,2
3515,malt loaf,2
3516,lean beef steak,2
3517,mangetout cut,2
3518,butter well softened,2
3519,softly whipped cream,2
3520,shortbread biscuit,2
3521,globe artichokes,2
3522,ricotta salata,2
3523,colander,2
3524,long batons,2
3525,gluten-free  chicken stock,2
3526,fine trimmed green beans,2
3527,bloomer loaf,2
3528,winter greens,2
3529,1 pomegranate,2
3530,1small red pepper,2
3531,gluten-free bread flour,2
3532,tsp xanthan gum,2
3533,long strips,2
3534,streaky  bacon,2
3535,salted almonds,2
3536,low-salt tamari,2
3537,about 500g,2
3538,guinea fowl legs,2
3539,the same length,2
3540,quantity honey crunch granola,2
3541,salmon roe,2
3542,star,2
3543,chilled prosecco,2
3544,2tbsp icing sugar,2
3545,blue curaçao,2
3546,instant coffee,2
3547,cooked spaghetti,2
3548,cartons passata,2
3549,fine beans,2
3550,kale thick stalks,2
3551,micro,2
3552,quick-cook brown basmati,2
3553,shichimi togarashi,2
3554,korean  chilli paste,2
3555,mini  chicken breast fillets,2
3556,grated  cheddar,2
3557,oreo cookies,2
3558,mustard cress,2
3559,chunk ginger,2
3560,‘00’ flour,2
3561,a little  butter,2
3562,wholegrain basmati rice,2
3563,orange milk chocolate,2
3564,sweetcorn kernels,2
3565,cooked egg noodles,2
3566,thin slices chorizo,2
3567,bite-sized florets,2
3568,spanish onions,2
3569,chopped pistachio,2
3570,seafood mix,2
3571,½cm slices,2
3572,goat's curd,2
3573,dried thyme,2
3574,tangerines,2
3575,orange extract,2
3576,2tsp vegetable oil,2
3577,inch piece ginger,2
3578,finely grated vegetarian italian-style hard cheese,2
3579,coarsely grated ginger,2
3580,cooking  oil,2
3581,red  food colouring,2
3582,a few mini  marshmallows,2
3583,american-style mustard,2
3584,finely chopped fresh  mint,2
3585,catherine wheels,2
3586,chunks,2
3587,edible gold glitter,2
3588,good handful watercress,2
3589,leftover cooked  potato,2
3590,lightly salted butter,2
3591,prawn cracker,2
3592,day-old white bread,2
3593,cocktail cherry,2
3594,2tbsp sunflower oil,2
3595,ready-washed spinach,2
3596,cold whole milk,2
3597,dark chocolate digestive biscuits,2
3598,strong hot coffee,2
3599,a little  icing sugar,2
3600,dips,2
3601,very soft  salted butter,2
3602,seaweed flakes,2
3603,full-fat natural bio yoghurt,2
3604,pizza bases,2
3605,low-salt chicken stock cube,2
3606,pouch cooked wholegrain rice,2
3607,good-quality bread,2
3608,fine rice noodle,2
3609,2medium bramley apples,2
3610,jam and clotted cream,2
3611,arrowroot,2
3612,low-fat  crème fraîche,2
3613,edible rose petals,2
3614,trimmed stems,2
3615,white  caster sugar,2
3616,dairy free milk,2
3617,wheat-free tamari,2
3618,cajun-style seasoning,2
3619,a few coriander sprigs,2
3620,good squeeze  lemon juice,2
3621,cold,2
3622,boneless lamb shoulder,2
3623,soft buns,2
3624,each paprika,2
3625,quorn mince,2
3626,natural peanut butter,2
3627,dark maple syrup,2
3628,fruits,2
3629,toffee popcorn,2
3630,white mini marshmallows,2
3631,zest 1 small  orange,2
3632,leftover gravy,2
3633,2 lemon,2
3634,sri lankan roasted curry powder,2
3635,bread crusts,2
3636,shredded ginger,2
3637,soft dried fig,2
3638,rice milk,2
3639,tandoori masala,2
3640,low-fat greek yogurt,2
3641,fine  semolina,2
3642,2large red chillies,2
3643,coarsely ground black peppercorns,2
3644,salmon skin,2
3645,dairy-free dark chocolate,2
3646,freeze-dried strawberry pieces,2
3647,milled seeds,2
3648,lavender sprigs leaves,2
3649,1⁄2 garlic clove,2
3650,eating  apple,2
3651,a cucumber,2
3652,bitter lemon,2
3653,strips,2
3654,apple skin,2
3655,sliced ham,2
3656,2 large lemons,2
3657,pot  single cream,2
3658,good-quality pork sausage meat,2
3659,long green chilli,2
3660,soft wheat tortillas,2
3661,shredded brussels sprouts,2
3662,roughly chopped basil,2
3663,vanilla bean pod,2
3664,walnut half,2
3665,pomegranates,2
3666,vacuum-packed chestnut,2
3667,dashi,2
3668,m&amp;m's® minis,2
3669,brandy butter,2
3670,haddock,2
3671,lamb loin chops,2
3672,soft dates,2
3673,frozen fruits,2
3674,2 tbsp,2
3675,salad leaf,2
3676,total sweet,2
3677,3sprigs fresh  thyme,2
3678,beef short ribs,2
3679,stale white bread,2
3680,pear sliced,2
3681,lamb loin,2
3682,gingernut biscuit,2
3683,earl grey teabag,2
3684,agar powder,2
3685,japanese rice,2
3686,msg,2
3687,cake leveller,2
3688,bar dark  chocolate,2
3689,masa harina,2
3690,thin-stemmed broccoli spears,2
3691,japanese soy sauce,2
3692,gluten-free  self-raising flour blend,2
3693,nozzle,2
3694,a few  lettuce leaves,2
3695,cooked green lentils,2
3696,masala curry paste,2
3697,2 clementines,2
3698,roasted cashew,2
3699,white sliced bread crusts,2
3700,chopped  chives,2
3701,vegan bouillon powder,2
3702,big handful rocket,2
3703,hard mozzarella,2
3704,hispi,2
3705,flame raisins,2
3706,lighter halloumi,2
3707,&frac34,2
3708,crispy bacon,2
3709,black rice vinegar,2
3710,all-butter  shortcrust pastry,2
3711,labneh,2
3712,cold slightly salted butter,2
3713,avocado thickly sliced,2
3714,2medium onions,2
3715,dry  black olive,2
3716,chopped plum tomato,2
3717,shop-bought shortcrust pastry,2
3718,small new potatoes,2
3719,light demerara sugar,2
3720,cooked and peeled prawn,2
3721,virgin olive oil,2
3722,ginger cordial,2
3723,hibiscus flowers,2
3724,85% dark chocolate,2
3725,1tsp olive oil,2
3726,chinese leaves,2
3727,white marshmallow,2
3728,lean pork fillet cut,2
3729,vegetarian  cheddar,2
3730,mature,2
3731,beef scraps,2
3732,watercress sprigs,2
3733,carton whipping cream,2
3734,all-butter ready-rolled puff pastry,2
3735,2large aubergines,2
3736,caramel wafers,2
3737,tropical fruit,2
3738,mini chicken fillets,2
3739,double-podded broad bean,2
3740,soft tortillas,2
3741,a 400g,2
3742,2tsp bicarbonate,2
3743,750g/1lb 10,2
3744,de provence,2
3745,piece root ginger,2
3746,150ml/¼ pint olive oil,2
3747,frozen lamb mince,2
3748,a 250g tub mascarpone,2
3749,good-quality barbecue sauce,2
3750,yuzu juice,2
3751,ripe  figs,2
3752,lean lamb,2
3753,corn kernels,2
3754,toasted peanuts,2
3755,frozen peppers,2
3756,lime half juiced,2
3757,round loaf,2
3758,toffee  popcorn,2
3759,lychee liqueur,2
3760,brandy mincemeat,2
3761,bbq sauce,2
3762,filled chocolate biscuits,2
3763,broken walnut pieces,2
3764,generous knob butter,2
3765,lemongrass outer woody layer,2
3766,mint stalks,2
3767,plain chocolate,2
3768,fat sausages,2
3769,torn basil,2
3770,6 tangerines,2
3771,toulouse sausages,2
3772,even-sized chunks,2
3773,salted pretzels,2
3774,jarred roasted red peppers,2
3775,pink himalayan  salt,2
3776,lavender,2
3777,green  salad,2
3778,roasted red  peppers,2
3779,cachaça,2
3780,watercress leaves,2
3781,hake fillets,2
3782,rock oysters,2
3783,vegetable shortening,2
3784,bread sauce,2
3785,coarse salt,2
3786,pheasants,2
3787,hot  chicken,2
3788,tub tomato salsa,2
3789,crystallised roses,2
3790,paneer cheese,2
3791,pot reduced-fat crème fraîche,2
3792,baby cucumber,2
3793,fresh ginger root,2
3794,baby leaf  spinach,2
3795,ground  cinnamon,2
3796,1 tbsp cold water,2
3797,soft dried apricot,2
3798,good-quality  sausages,2
3799,1large shallot,2
3800,bought,2
3801,1 tbsp hot water,2
3802,tsp caster sugar,2
3803,multicoloured sprinkles,2
3804,young  peas,2
3805,1tsp fine sea salt,2
3806,leftover cooked ham,2
3807,chocolate balls,2
3808,cooking chorizo sausages,2
3809,yellow food colouring,2
3810,1/2 lemon,2
3811,sauternes,2
3812,rounds,2
3813,medium-sized potatoes,2
3814,chopped  mint,2
3815,prawn crackers,2
3816,warm beef stock,2
3817,clear rice vinegar,2
3818,finely-grated fresh root  ginger,2
3819,mature cheddar cheese,2
3820,punnet cherry,2
3821,salt-free sweetcorn,2
3822,green food,2
3823,punnet cherry  tomatoes,2
3824,barberries,2
3825,finely grated  ginger,2
3826,whiskey,2
3827,tamarind purée,2
3828,hot-smoked trout,2
3829,thumb-sized  red chilli,2
3830,dairy-free butter,2
3831,instant  polenta,2
3832,full-fat greek-style yogurt,2
3833,day-old sourdough,2
3834,beef tomato,2
3835,cooked sushi rice,2
3836,"2 large, thick slices",2
3837,stencil,2
3838,lamb french,2
3839,white  crabmeat,2
3840,2x cans,2
3841,bulgur,2
3842,pot good-quality vanilla custard,2
3843,white  pepper,2
3844,hole,2
3845,lollipop sticks,2
3846,green card,2
3847,ready-made sweet shortcrust pastry,2
3848,vegetarian parmesan-style  cheese,2
3849,a few dill sprigs,2
3850,rock,2
3851,50-100ml whole milk,2
3852,baby back pork ribs,2
3853,asian greens,2
3854,brioche loaf,2
3855,ginger nut biscuit,2
3856,flageolet beans,2
3857,the centre,2
3858,melted chocolate,2
3859,heaped tbsp soft brown sugar,2
3860,rigatoni pasta,2
3861,crème de menthe,2
3862,green curry paste,2
3863,tub  ricotta,2
3864,thick-sliced ham,2
3865,ready rolled  puff pastry,2
3866,leeks finely chopped,2
3867,courgettes quartered lengthways,2
3868,dry red wine,2
3869,curried chickpeas,2
3870,roasted and chopped hazelnuts,2
3871,tofu,2
3872,smooth lotus biscoff,2
3873,grated  dark chocolate,2
3874,good-quality mincemeat,2
3875,butter very well softened,2
3876,potatoes skin,2
3877,good-quality  pork sausages meat,2
3878,mescal,2
3879,teabags,2
3880,candles,2
3881,6large vine-ripened  tomatoes,2
3882,cooked crab,2
3883,skinless cod,2
3884,natural bio-yogurt,2
3885,200g fresh or frozen cranberries,2
3886,shredded ham,2
3887,mixed herb,2
3888,kumquats,2
3889,thumb-size piece,2
3890,stale sourdough,2
3891,jersey royal potato,2
3892,icing to decorate,2
3893,wholemeal breadcrumbs,2
3894,nocellara,2
3895,approx,2
3896,wensleydale,2
3897,stir-fried greens,2
3898,dry gin,2
3899,pink and white marshmallows,2
3900,shredded spring onion,2
3901,chicken fillet,2
3902,danish blue cheese,2
3903,1bunch coriander,2
3904,1⁄2 small red onion,2
3905,steamed green beans,2
3906,few gratings,2
3907,pork belly slices,2
3908,limo chilli,2
3909,screwtop,2
3910,maple,2
3911,few  coriander sprigs,2
3912,flavourless  oil,2
3913,sweet shortcrust pastry sheet,2
3914,christmas pudding,2
3915,cod fillet,2
3916,ciabatta loaves,2
3917,granola,2
3918,kecap manis,2
3919,1 large or 2 small chicken breasts,2
3920,pot thick greek yogurt,2
3921,½kg gooseberries,2
3922,roast chicken,2
3923,scrumpy cider,2
3924,1large red onion,2
3925,ground ginger,2
3926,organic chicken,2
3927,bavette,2
3928,carton whipping,2
3929,thai sweet chilli sauce,2
3930,dates roughly chopped,2
3931,waxy  potato,2
3932,organic cocoa powder,2
3933,tub low fat natural yogurt,2
3934,good-quality red wine vinegar,2
3935,grapefruit zest,2
3936,gruyère comté,2
3937,clam,2
3938,pancetta cubes,2
3939,focaccia loaf,2
3940,chives roughly chopped,2
3941,pea frozen are fine,2
3942,baby turnips,2
3943,pigeon breasts,2
3944,amaretto liqueur,2
3945,chocolate flakes,2
3946,cm piece,2
3947,gala apples,2
3948,swordfish,2
3949,heaped tbsp  cornflour,2
3950,mixed black and green olives,2
3951,fish fingers,2
3952,hard toffees,2
3953,a little  flour,2
3954,3-4cm,2
3955,unblanched hazelnuts,2
3956,blade mace,2
3957,radish trimmed and thinly sliced,2
3958,green apples,2
3959,mince pies,2
3960,ice-cream cones,2
3961,carton single cream,2
3962,salad cream,2
3963,salsa verde,2
3964,baby back,2
3965,chorizo-style sausages,2
3966,tub low-fat fromage frais,2
3967,candy floss,2
3968,scallops coral,2
3969,about 2 tbsp,2
3970,melted  butter,2
3971,free range egg yolk,2
3972,lamb’s lettuce,2
3973,pot crème fraîche,2
3974,light olive,2
3975,a few leaves,2
3976,edible eyes,2
3977,wild garlic butter,2
3978,virtually fat-free fromage frais,2
3979,chopped soft herbs,2
3980,balti curry paste,2
3981,chunky wedges,2
3982,elderflower liqueur,2
3983,good handfuls,2
3984,finely sliced spring onion,2
3985,coconut water,2
3986,long pieces,2
3987,low salt beef stock,2
3988,tomato & vegetable purée,2
3989,pretzels,2
3990,lentil rinsed and drained,2
3991,soft fresh  goat's cheese,2
3992,cal cooking spray,2
3993,vegan  mayonnaise,2
3994,freshly ground white pepper,2
3995,fresh or frozen broad beans,2
3996,1⁄2 tbsp,2
3997,tandoori paste,2
3998,2 tbsp boiling water,2
3999,ball reduced-fat mozzarella,2
4000,day-old white bread crusts,2
4001,fish stock cube,2
4002,skinless fish fillets,2
4003,ginger preserve,2
4004,lobster,2
4005,preserved lemon peel,2
4006,rice pops,2
4007,fries,2
4008,low-salt  veg stock,2
4009,single,2
4010,small bunch chives snipped,2
4011,jam we,2
4012,a can,2
4013,cooked brown basmati rice,2
4014,wide ribbon,2
4015,your favourite cheese,2
4016,2-2.5kg turkey crown,2
4017,onion skin,2
4018,red potatoes,2
4019,ground mace,2
4020,madeira wine,2
4021,2 sprigs,2
4022,finely chopped small red onion,2
4023,2cm-thick slices,2
4024,black cardamom pods,2
4025,onion sausages,2
4026,extra-firm tofu,2
4027,natural full-fat yogurt,2
4028,stem,2
4029,frozen french fries,2
4030,cardamom pod seeds,2
4031,about 1 litre sunflower oil,2
4032,black onion seeds,2
4033,merguez sausages,2
4034,grain mustard,2
4035,a pack,2
4036,2tsp olive oil,2
4037,chicken fat,2
4038,700ml/1¼ pints,2
4039,chinese black  vinegar,2
4040,whipped,2
4041,gelatine powder,2
4042,nut mix,2
4043,very ripe banana,2
4044,mixed sultanas,2
4045,good handfuls fresh breadcrumbs,2
4046,tomato relish,2
4047,fat  garlic cloves crushed,2
4048,escalopes,2
4049,4slices prosciutto,2
4050,2 small or 1 large onion,2
4051,leftover mashed potato,2
4052,hot  water,2
4053,ready-made english mustard,2
4054,turkey neck,2
4055,6large eggs,2
4056,edamame,2
4057,6 thick wedges,2
4058,toffees,2
4059,festive sprinkles,2
4060,a generous handful,2
4061,light crème fraîche,2
4062,sheet,2
4063,half crosswise,2
4064,2tbsp harissa paste,2
4065,ancho chilli powder,2
4066,one lemon,2
4067,kiwis,2
4068,hard blue cheese,2
4069,wild rice mix,2
4070,cocktail cherries,2
4071,cooked salmon fillets,2
4072,skinless wild salmon fillets,2
4073,silverskin pickled onions,2
4074,cartons,2
4075,the food processor,2
4076,food colouring paste,2
4077,vanilla bean seeds,2
4078,good-quality chopped tomatoes,2
4079,50-100ml  milk,2
4080,half a red onion,2
4081,vegetarian parmesan-style cheese,2
4082,fondant icing,2
4083,low-fat feta cheese,2
4084,tubs,2
4085,aïoli,2
4086,frozen baby broad beans,2
4087,1tbsp capers,2
4088,unsweetened cocoa powder,2
4089,salt flakes,2
4090,1cm slices,2
4091,fish fillets,2
4092,sweet dessert wine,2
4093,celery stalk,2
4094,roasted curry powder,2
4095,ripe plum  tomatoes,2
4096,ready-roasted  pepper,2
4097,beef meatballs,2
4098,ox cheeks,2
4099,coarse  sea salt,2
4100,raita,2
4101,t-bone steak,2
4102,peeled prawns,2
4103,wholemeal basmati rice,2
4104,chocolate curls,2
4105,quantity,2
4106,1 rosemary sprig,2
4107,1 green chilli,2
4108,preserved lemons rind,2
4109,oatcakes,2
4110,white button mushrooms,2
4111,pollock fillets,2
4112,firm,2
4113,finely chopped  coriander,2
4114,boneless chicken breast,2
4115,yellow bean sauce,2
4116,mint chutney,2
4117,pappardelle,2
4118,smoked pancetta,2
4119,cucumber thickly sliced,2
4120,sachet dried yeast,2
4121,black grapes,2
4122,chinkiang black rice vinegar,2
4123,bresaola,2
4124,diced,2
4125,barley couscous,2
4126,cooked  tiger prawns,2
4127,stewing venison,2
4128,heaped tbsp mascarpone,2
4129,semolina polenta,2
4130,carton crème fraîche,2
4131,bamboo shoots,2
4132,hot melted butter,2
4133,sprinkling,2
4134,courgettes roughly chopped,2
4135,garlic-infused oil,2
4136,kasuri methi,2
4137,150ml/¼ pint milk,2
4138,tsp ground turmeric,2
4139,nestlé carnation caramel,2
4140,chana daal,2
4141,boursin cheese,2
4142,bourbon whisky,2
4143,crusty baguette,2
4144,grenadine syrup,2
4145,quails,2
4146,1tsp coriander seeds,2
4147,edible silver,2
4148,finely snipped chives,2
4149,2tbsp cornflour,2
4150,round springform cake tin,2
4151,soft blue cheese,2
4152,pickled red onion,2
4153,bagels,2
4154,125-175g  vegan margarine,2
4155,1tbsp rice vinegar,2
4156,1&frac12; tbsp,2
4157,2medium potatoes,2
4158,chopped  dill,2
4159,tahini well stirred,2
4160,ale,2
4161,flatbreads rice,2
4162,roughly chopped flat-leaf parsley,2
4163,flaky salt,2
4164,coleslaw,2
4165,soft white rolls,2
4166,a mugful,2
4167,boneless shoulder,2
4168,teaspoon,2
4169,boiled water,2
4170,skewers,2
4171,half a cucumber,2
4172,golden ale,2
4173,roasted,2
4174,good pinch  chilli flakes,2
4175,garlic cloves lightly crushed,2
4176,american long grain rice,2
4177,small celeriac,2
4178,soba,2
4179,tea towel,2
4180,mixed,2
4181,small bunch mint,2
4182,chicken bouillon,2
4183,chard leaves,2
4184,500g fresh or frozen cranberries,2
4185,a squeeze,2
4186,cardamom pod,2
4187,freshly brewed espresso,2
4188,scotch bonnet peppers,2
4189,sheets nori,2
4190,roasted rhubarb,2
4191,pistachio kernels,2
4192,icing pens,2
4193,chicken breast mini fillets,2
4194,small bunch parsley,2
4195,0%,2
4196,freshly shucked oysters,2
4197,round lettuce leaves,2
4198,200g  fresh or frozen raspberries,2
4199,fennel fronds,2
4200,long-grain brown rice,2
4201,golden sultanas,2
4202,ready-to-eat stoned dates,2
4203,few thyme sprigs leaves,2
4204,low-fat spread,2
4205,tomato salad,2
4206,edible red glitter,2
4207,bone-in,2
4208,pot fresh custard,2
4209,mixed olives,2
4210,pouch  mixed grains,2
4211,raw king  prawns,2
4212,leek finely chopped,2
4213,fine  salt,2
4214,1 egg white,2
4215,pot 0% fat probiotic plain yogurt,2
4216,ducks legs,2
4217,roasted  red peppers,2
4218,heritage tomatoes,2
4219,cooked rice noodles,2
4220,50g fresh or dried breadcrumbs,2
4221,chopped candied peel,2
4222,long thin strips,2
4223,extra thick double cream,2
4224,golden muscovado sugar,2
4225,eyes,2
4226,fortified oat milk,2
4227,leftover herby green aïoli,2
4228,lemon marmalade,2
4229,white fish,2
4230,leftover summery beans,2
4231,cooked small prawns,2
4232,low-fat cottage cheese,2
4233,swiss cheese,2
4234,hot stock,2
4235,5cm lengths,2
4236,rounded tbsp crème fraîche,2
4237,ready-roasted chicken,2
4238,mandarin segment,2
4239,chopped kale,2
4240,coconut rum liqueur,2
4241,cooked salmon fillet,2
4242,frozen sliced peppers,2
4243,reduced-fat soft cheese,2
4244,meringues nests,2
4245,chocolate buttons,2
4246,earl grey tea bags,2
4247,tortilla chip,2
4248,pastry sheet,2
4249,finely grated mature cheddar,2
4250,16 slices,2
4251,raspberry liqueur,2
4252,pickled sushi ginger,2
4253,seasoned plain flour,2
4254,tsp vanilla extract,2
4255,ripe passion fruit,2
4256,paneer cut,2
4257,a little caster sugar,2
4258,1 large or 2 small  shallots,2
4259,little flour,2
4260,black cherry,2
4261,oregano fresh,2
4262,best dark chocolate,2
4263,spanish brandy,2
4264,carton  coconut cream,2
4265,tub custard,2
4266,linseed,2
4267,piquillo peppers,2
4268,ripe  banana mashed,2
4269,red berries,2
4270,1&frac12; tsp,2
4271,boxes,2
4272,finely chopped pistachios,2
4273,mixed basmati rice,2
4274,1.5cm pieces,2
4275,raw cashews,2
4276,heaped tbsp wholegrain mustard,2
4277,juice half a lemon,2
4278,linseeds,2
4279,low-sodium chicken,2
4280,8 thick wedges,2
4281,1tsp salt,2
4282,a little  plain flour,2
4283,bar  milk chocolate,2
4284,green  food colouring,2
4285,celery hearts,2
4286,thinly sliced pancetta,2
4287,bucatini,2
4288,very thin strips,2
4289,zest 1/2 lemon,2
4290,about 2 litres sunflower oil,2
4291,jam jars,2
4292,crisp amaretti biscuits,2
4293,crispy seaweed,2
4294,tsp pul biber,2
4295,chipotle sauce,2
4296,shop-bought crostini,2
4297,cooked baby  beetroot,2
4298,mini gingerbread people,2
4299,unwaxed lime,2
4300,runny  honey,2
4301,fillets,2
4302,chopped hazelnut,2
4303,focaccia,2
4304,a little black pepper,2
4305,flowers,2
4306,thinly sliced smoked ham,2
4307,light muscavdo sugar,2
4308,wrap,2
4309,half nutmeg,2
4310,bean,2
4311,¼kg,2
4312,zest 3 lemons juice,2
4313,cod loin fillets,2
4314,medium cubes,2
4315,trimmed loin,2
4316,low-sodium chicken stock,2
4317,thai,2
4318,cobnuts,2
4319,rustic bread,2
4320,undyed smoked haddock fillets,2
4321,chunk root ginger,2
4322,reduced-salt vegetable stock,2
4323,shredless marmalade,2
4324,200g/7,2
4325,heaped tbsp chipotle paste,2
4326,chopped toasted hazelnut,2
4327,boneless lamb breasts,2
4328,pouch cooked brown rice,2
4329,2-3 limes,2
4330,rocket salad,2
4331,vermicelli rice noodle,2
4332,soft spreadable goat's cheese,2
4333,blue food colouring,2
4334,finely grated fresh ginger,2
4335,1tsp dijon mustard,2
4336,thick asparagus spears,2
4337,peeled prawn,2
4338,lamb meatballs,2
4339,quantity soft royal,2
4340,good pinch chilli powder,2
4341,baked sweet potatoes,2
4342,flaxseeds,2
4343,starchy potatoes,2
4344,about 3 tbsp,2
4345,jersey royals,2
4346,thumb-sized piece galangal,2
4347,extra virgin rapeseed,2
4348,thick rice noodle,2
4349,blackcurrants,2
4350,swiss roll,2
4351,1tsp white miso,2
4352,1 small lime,2
4353,soft corn tacos,2
4354,pots low-fat custard,2
4355,carton  buttermilk,2
4356,a little  oil,2
4357,vegan mince,2
4358,flakes,2
4359,a dry frying pan,2
4360,2tbsp white wine vinegar,2
4361,ready-made tomato pasta sauce,2
4362,plump vanilla pod,2
4363,asparagus woody,2
4364,rolled beef brisket,2
4365,crudités,2
4366,coconut flour,2
4367,rolls,2
4368,sliced jalapeños,2
4369,1 tsp water,2
4370,cubes,2
4371,1tbsp sesame seeds,2
4372,fried eggs,2
4373,mezcal,2
4374,1tbsp cornflour,2
4375,each dill,2
4376,fat  garlic clove,2
4377,forced rhubarb stalks,2
4378,salmon trout,2
4379,low-fat  yogurt,2
4380,trimmed green beans,2
4381,pumpkin flesh,2
4382,chorizo sausages,2
4383,caraway,2
4384,extra virgin  rapeseed oil,2
4385,brussels sprouts thinly sliced,2
4386,good-quality balsamic vinegar,2
4387,vanilla pods seeds,2
4388,leeks thickly sliced and washed,2
4389,small bunch coriander,2
4390,drained chickpeas,2
4391,ripe but firm pears,2
4392,hand-hot water,2
4393,loaf sourdough bread,2
4394,0% fat greek-style yogurt,2
4395,blanched peanuts,2
4396,punnet  strawberries,2
4397,2tsp cornflour,2
4398,tsp brown sugar,2
4399,lean lamb leg,2
4400,one block,2
4401,chopped  fresh parsley,2
4402,edible glue,2
4403,cake tin,2
4404,extra-thick double cream,2
4405,short-grain rice,2
4406,sliced chorizo,2
4407,zest 1 clementine,2
4408,quartered lengthways,2
4409,white and brown crabmeat,2
4410,lean  minced beef,2
4411,thin slices prosciutto,2
4412,chopped fresh ginger,2
4413,pesto sauce,2
4414,shortbread,2
4415,crusty white bread,2
4416,grated pecorino,2
4417,1tsp ground cumin,2
4418,plaice fillets,2
4419,1tbsp apricot conserve,2
4420,mini chicken fillet,2
4421,heaped tbsp light muscovado sugar,2
4422,grated garlic,2
4423,wholewheat noodles,2
4424,oysters,2
4425,very finely grated,2
4426,good-quality milk chocolate,2
4427,1tsp ground coriander,2
4428,low-sugar,2
4429,100g/4oz butter,2
4430,hot  smoked paprika,2
4431,cherry brandy liqueur,2
4432,moroccan spice mix,2
4433,¾tbsp sugar syrup,2
4434,standard plastic dowelling rods,2
4435,frozen  pea,2
4436,racks,2
4437,lemon extract,2
4438,hot curry powder,2
4439,fresh pineapple,2
4440,dairy-free yogurt,2
4441,¾tbsp crème de mure,2
4442,frozen  raspberries,2
4443,bird's-eye red chilli,2
4444,oranges 1 zested,2
4445,young  spinach,2
4446,orange curd,2
4447,long baguette,2
4448,golden linseed,2
4449,chocolate digestive biscuits,2
4450,cooked wild rice,2
4451,few leaves,2
4452,roti,2
4453,lean  pork mince,2
4454,ice cream cones,2
4455,the same size,2
4456,falafels,2
4457,butter frozen,2
4458,queso fresco,2
4459,radicchio,2
4460,2 yolks,2
4461,cane vinegar,2
4462,chinese rice vinegar,2
4463,½small pack coriander,2
4464,good beef stock,2
4465,pitta crisps,2
4466,200g fresh or frozen pea,2
4467,vacuum-packed cooked chestnuts,2
4468,diced potatoes,2
4469,lean minced turkey,2
4470,chicken thighs bone,2
4471,gruyère cheese,2
4472,smarties,2
4473,freeze-dried raspberry pieces,2
4474,multi-coloured sprinkles,2
4475,kefir,2
4476,red  pepper,2
4477,extra-lean minced beef,2
4478,small bunch mint leaves,2
4479,sundried  tomato paste,2
4480,head pak choi,2
4481,pouch ready-cooked puy lentils,2
4482,long red chillies,2
4483,cake smoother,2
4484,ball  stem ginger,2
4485,thick pork sausages,2
4486,peppadew peppers,2
4487,2 whole cloves,2
4488,milled flaxseed,2
4489,fruit-flavoured boiled sweets,2
4490,any type,2
4491,1tsp chilli flakes,2
4492,halibut,2
4493,protein powder,2
4494,tortellini,2
4495,finely chopped walnuts,2
4496,finely chopped  parsley,2
4497,mustard oil,2
4498,50g medium or mature cheddar,2
4499,kashmiri chilli,2
4500,leftover cooked bavette steak,2
4501,coriander powder,2
4502,brown anchovies,2
4503,mace blade,2
4504,dill sprig,2
4505,tub buttermilk,2
4506,finely grated carrot,2
4507,sesame snaps,2
4508,free-range,2
4509,jord oat drink,2
4510,frozen white fish fillets,2
4511,few slices,2
4512,big handfuls,2
4513,big handful,2
4514,scoops chocolate ice cream,2
4515,cherry vine tomatoes,2
4516,cream crackers,2
4517,skinless hake fillets,2
4518,finely chopped gherkins,2
4519,round cookie cutter,2
4520,dill most roughly chopped,2
4521,1 ½ limes,2
4522,light salad cream,2
4523,porcini powder,2
4524,1cm thick strips,2
4525,rindless,2
4526,greek-style natural yogurt,2
4527,pearl sugar,2
4528,edible sparkles,2
4529,echalion shallot,2
4530,2tbsp sesame oil,2
4531,3tbsp soy sauce,2
4532,thick slices granary bread,2
4533,packet feta cheese,2
4534,gluten-free  breadcrumbs,2
4535,4 thick slices,2
4536,1tsp maple syrup,2
4537,steamed cabbage,2
4538,white fish skin,2
4539,paintbrush,2
4540,each raisins,2
4541,turkey breast steak,2
4542,boiling vegetable stock,2
4543,semi-dried tomatoes,2
4544,half a bunch,2
4545,oranges peeled,2
4546,half-fat  crème fraîche,2
4547,cooked red peppers,2
4548,mixed heritage  tomatoes,2
4549,courgetti,2
4550,lime jelly,2
4551,toasted flaked almonds,2
4552,1⁄2 head,2
4553,stale sourdough bread,2
4554,cooking spray,2
4555,dark chocolate digestives,2
4556,burger sauce,2
4557,assam tea leaves,2
4558,wheat,2
4559,cajun seasoning mix,2
4560,2 tbsp milk,2
4561,grilled artichokes,2
4562,corn flour,2
4563,cake dowels,2
4564,drinking chocolate,2
4565,half cucumber,2
4566,five-spice,2
4567,a few mint leaves,2
4568,flat leaf  parsley,2
4569,natural greek yogurt,2
4570,garam flour,2
4571,250ml/ 9fl,2
4572,rolling pin,2
4573,raw honey,2
4574,free-range chicken legs,2
4575,gherkins finely chopped,2
4576,orange rind,2
4577,thin 15cm,2
4578,cheap red wine,2
4579,raw shelled king prawns,2
4580,red mullet,2
4581,1small shallot,2
4582,chicory,2
4583,about 300g,2
4584,frozen cooked prawn,2
4585,gomashio,2
4586,1large sprig,2
4587,courgettes roughly sliced,2
4588,several thyme sprigs,2
4589,chunky cod,2
4590,habanero chilli flakes,2
4591,1⁄2 tsp bicarbonate,2
4592,vegetarian mincemeat,2
4593,mixed white and brown crabmeat,2
4594,spanish smoked paprika,2
4595,watercress roughly chopped,2
4596,extra-dry vermouth,2
4597,breakfast radishes,2
4598,aged balsamic vinegar,2
4599,ajwain,2
4600,bay leaf fresh,2
4601,pork belly skin,2
4602,baby tomatoes,2
4603,8 slices,2
4604,"1 large, ripe avocado",2
4605,jaggery,2
4606,brussels sprouts trimmed and quartered,2
4607,sachet fajita seasoning,2
4608,meatballs,2
4609,about 175g leftover duck,1
4610,chopped tomatos,1
4611,6-8 limes,1
4612,easy,1
4613,leeks white and pale green part,1
4614,mandarin,1
4615,crystallised angelica,1
4616,creme-filled chocolate biscuits centres,1
4617,1tsp onion seeds,1
4618,trout rainbow,1
4619,cooked artichoke,1
4620,skinless pheasant breasts,1
4621,grated twineham grange cheese,1
4622,gelatine sheets,1
4623,all the innards,1
4624,2tbsp thick greek yogurt,1
4625,organic beetroot,1
4626,little flaked coconut,1
4627,lean pork tenderloin,1
4628,baking powder,1
4629,1tbsp thyme,1
4630,a little extra flour,1
4631,cooked green vegetables,1
4632,thyme optional,1
4633,baby chestnut mushrooms,1
4634,drained butter beans,1
4635,tomatillo,1
4636,low-sodium hot vegetable stock,1
4637,starchy  potatoes,1
4638,harissa - shop-bought,1
4639,porcini mushroom,1
4640,thin cucumber strips,1
4641,5% lean beef mince,1
4642,about 2 tbsp milk,1
4643,shaved parmesan,1
4644,urad,1
4645,roasted carrots,1
4646,250ml whole or semi-skimmed milk,1
4647,60-70ml  espresso,1
4648,300g medium or long-grain rice,1
4649,espadin mezcal,1
4650,half a finger,1
4651,skinless pork belly,1
4652,spoonfuls soured cream,1
4653,16large potatoes,1
4654,plump good-quality sausages,1
4655,mixed bean salad,1
4656,each tomato purée,1
4657,chicken stock hot,1
4658,extra mature cheddar ½,1
4659,pot natural bio-yogurt,1
4660,kiwi,1
4661,ready-cooked and sliced potatoes,1
4662,orange writing,1
4663,basil small leaves,1
4664,dried egg noodles,1
4665,mustard slaw and paprika wedges,1
4666,kiwi liqueur,1
4667,woody herbs leaves,1
4668,vegetarian taleggio rind,1
4669,chocolate mini eggs chocolate nests,1
4670,medium-sized banana shallots,1
4671,soured cream grated cheddar,1
4672,tbsp/25g butter,1
4673,punnet cress,1
4674,hot sauce optional,1
4675,medium potatoes,1
4676,zest 3  oranges - cut,1
4677,mixed  berry,1
4678,lean diced beef,1
4679,½l hot vegetable stock,1
4680,broken walnuts,1
4681,2 garlic,1
4682,ball buffalo mozzarella,1
4683,round tart case-,1
4684,zest 1 small lemon,1
4685,spring greens stem,1
4686,2tsp custard powder,1
4687,chunky lengths,1
4688,1tsp golden caster sugar,1
4689,bone-in lamb shoulder,1
4690,5-5.5kg/11-12lb oven-ready turkey neck,1
4691,2tbsp brandy,1
4692,1  clementine,1
4693,uncooked large king prawns,1
4694,vine-ripened,1
4695,4tbsp half-fat crème fraîche,1
4696,portions apple,1
4697,a small white farmhouse loaf,1
4698,500g fresh or frozen spinach,1
4699,¼tsp,1
4700,strawberry tickly,1
4701,good handful mint leaves,1
4702,best-quality feta cheese,1
4703,sliced shallot,1
4704,leftover roast  turnip parsnips,1
4705,strongly-flavoured seeds,1
4706,coulis,1
4707,1handful each dill mint,1
4708,light rapeseed,1
4709,carraway seeds,1
4710,mild  black olives,1
4711,zest 3  lemon,1
4712,shredded fresh ginger,1
4713,boneless pork steaks,1
4714,rolled pork loin,1
4715,sesame bagels,1
4716,sweetened chestnut purée,1
4717,natural  yogurt,1
4718,orange finely zested,1
4719,1½kg jersey royals,1
4720,pot low-fat plain yogurt,1
4721,2cm wedges,1
4722,green tea teabags,1
4723,baby turnip,1
4724,leftover roast chicken carcass,1
4725,canned potatoes,1
4726,cooked  pasta,1
4727,chocolate mini rolls,1
4728,a stock cube,1
4729,no-salt chicken stock,1
4730,vegan frankfurters,1
4731,5cm slices,1
4732,red skinned apple,1
4733,box mixed melon pieces,1
4734,hot green chilli,1
4735,full-fat cream cheese fridge,1
4736,reduced salt tamari,1
4737,cooked haddock,1
4738,500-600g pork ribs,1
4739,leftover basic lentils,1
4740,amaranth,1
4741,1 tbsp vegetable bouillon powder,1
4742,about 3 x 114g boxes white chocolate fingers,1
4743,chopped roasted peanuts,1
4744,mix salmon,1
4745,few peppercorns,1
4746,viennese whirls,1
4747,50-80g parmesan rinds,1
4748,chilli olive oil,1
4749,fajita kit,1
4750,sugar balls,1
4751,coarse yellow cornmeal,1
4752,ready-rolled  puff pastry sheet,1
4753,crisps,1
4754,watermelon skin,1
4755,a few fresh strawberries,1
4756,carton,1
4757,oranges grated zest,1
4758,well-aged beef fillet,1
4759,indian spiced lentils,1
4760,1.5-2kg boneless pork belly,1
4761,few  cabbage,1
4762,irish single-malt whiskey,1
4763,crème fraîche yogurt,1
4764,gold cake spray,1
4765,lean belly pork slices,1
4766,apricot cake glaze,1
4767,skirt steak,1
4768,chopped green chillies,1
4769,mexican chilli powder,1
4770,comté gruyère,1
4771,dark chocolate orange,1
4772,firm ripe avocados,1
4773,rib-eye steaks,1
4774,lettuce leaf,1
4775,sweetcorn cob kernels,1
4776,greens,1
4777,½kg cooking apple,1
4778,unsweetened popcorn,1
4779,clotted cream crème fraîche,1
4780,chilled pale ale,1
4781,carton single,1
4782,black greek olives,1
4783,cheesecake ice cream,1
4784,gentleman’s relish,1
4785,round lettuce,1
4786,smoky aïoli,1
4787,garlic cloves left,1
4788,approx 300g/11oz ginger cake,1
4789,pot 2% fat greek yogurt,1
4790,bone thickness rib-eye steak,1
4791,butterscotch sauce,1
4792,toasted  wholemeal bread,1
4793,thumb-length pieces,1
4794,light treacle,1
4795,pie crust dough,1
4796,coarse oatmeal,1
4797,drained,1
4798,grissini sticks,1
4799,bar dark coffee chocolate,1
4800,dark glacé cherry,1
4801,gorgonzola dolce,1
4802,15 cloves,1
4803,full-fat philadelphia cheese,1
4804,finely chopped fresh basil,1
4805,vegetable chicken stock,1
4806,2 avocado slices,1
4807,chunks cucumber,1
4808,slightly stale country bread crusts,1
4809,zest 2 blood orange juice,1
4810,punnet salad cress,1
4811,pot fortified oat,1
4812,unsmoked ham hocks,1
4813,black peppercorn bruised,1
4814,2tsp raisins,1
4815,sliced white bread,1
4816,yuzu,1
4817,boned saddle,1
4818,low fat yogurt,1
4819,sliced  chorizo,1
4820,bouillon,1
4821,ready-to-eat  puy lentils,1
4822,edible flowers optional,1
4823,small bite-pieces,1
4824,a few toasted cumin seeds,1
4825,thumb-sized piece ginger half grated,1
4826,600ml/1 pint milk,1
4827,mango cordial,1
4828,gluten-free white bread flour,1
4829,roasted  red pepper,1
4830,a little chopped fresh coriander,1
4831,apple fruit crisps,1
4832,sulphur-free dried apricots,1
4833,baby leaf,1
4834,pancetta pieces,1
4835,cold  salted butter,1
4836,good pinch ground cinnamon,1
4837,leftover  brussels sprout,1
4838,rich juice,1
4839,thumb-sized piece ginger ½,1
4840,charlotte,1
4841,fat-free  greek yogurt,1
4842,carton low fat natural yogurt,1
4843,preserved lemon flesh,1
4844,side organic,1
4845,ready-to-eat prunes,1
4846,desiree potatoes,1
4847,4large garlic,1
4848,about 100ml,1
4849,spanish-style sausages,1
4850,pouch wholegrain rice,1
4851,hispi cabbage core,1
4852,ginger powder,1
4853,chopped mango,1
4854,good chicken livers,1
4855,pineapple flowers,1
4856,duck livers,1
4857,pot mixed candied peel,1
4858,black grape,1
4859,about 200ml,1
4860,good sprigs thyme,1
4861,assorted rolls,1
4862,2large ripe,1
4863,very low-fat fromage frais,1
4864,writing pens,1
4865,pot 0% fat probiotic  yogurt,1
4866,8 long wedges,1
4867,four-finger chocolate wafer bars,1
4868,chilled large peeled  prawns,1
4869,black lentils,1
4870,multicoloured sugar-coated chocolate buttons,1
4871,veal,1
4872,rocket optional,1
4873,finely chopped flatleaf parsley,1
4874,butter extra,1
4875,half a  bottle red wine,1
4876,prepared spinach,1
4877,just over half a 300g jar  cherry jam,1
4878,pheasant breasts,1
4879,party  sausages,1
4880,chilled white wine,1
4881,rosemary needless,1
4882,pea shoots optional,1
4883,pre-steamed coconut  basmati rice,1
4884,ripe  passion fruits,1
4885,almond biscuits,1
4886,500-600g chunky white fish,1
4887,one dumper truck,1
4888,about 200g pack raw  king prawns,1
4889,ripe tomatoes skins,1
4890,cooked artichoke bottoms,1
4891,concave  scallops shells,1
4892,finger biscuits,1
4893,baby  leeks,1
4894,skinned  broad bean,1
4895,rice wine rice wine vinegar,1
4896,extra large ripe avocado,1
4897,sachet stir-fry sauce,1
4898,pot fresh lamb,1
4899,shelled cooked king prawns,1
4900,about 2 kg veal bones,1
4901,50g fresh or frozen mango pieces,1
4902,sponge,1
4903,whole milk  yogurt,1
4904,about 4 tbsp milk,1
4905,a few sliced strawberries,1
4906,rounded tsp morello,1
4907,fresh mango,1
4908,bread sourdough,1
4909,500g/ 1lb 2oz asparagus,1
4910,frosted coriander sprigs,1
4911,medium-sized ripe mango,1
4912,rolled,1
4913,bite-size cubes,1
4914,leftover cooked chipolata sausages,1
4915,g leftover turkey,1
4916,1large ripe  pineapple,1
4917,thin shards,1
4918,a little  sunflower oil,1
4919,about 350g leftover roasted vegetables,1
4920,fine white dried breadcrumbs,1
4921,grilled tomatoes,1
4922,900g-1kg pork belly slices,1
4923,pancake - see 'goes,1
4924,lean beef meatball,1
4925,pouch microwave pilau basmati rice,1
4926,ready-cooked  beetroot,1
4927,nettle leaves,1
4928,1⁄2 green pepper,1
4929,microwave wholegrain rice,1
4930,low salt soy sauce,1
4931,kale any tough stalks,1
4932,prepared stir-fry vegetables,1
4933,5tbsp natural yogurt,1
4934,pimm's,1
4935,chocolate - a mini reese's peanut butter cup,1
4936,pot whippable plant cream,1
4937,cubed lamb,1
4938,stiff white royal,1
4939,mini white marshmallows,1
4940,chorizo-style  sausages,1
4941,horlicks powder,1
4942,sobrasada de mallorca,1
4943,12-15cm wooden skewer s,1
4944,ribbon and gift,1
4945,giant chocolate button,1
4946,desiccated,1
4947,extra lean boneless lamb,1
4948,4-6 chunks,1
4949,2 tsp fresh or creamed horseradish,1
4950,black food colouring gel,1
4951,a thin  baguette,1
4952,thai red  curry paste,1
4953,thinly sliced streaky bacon rashers,1
4954,cloud template,1
4955,chipotle chilli sauce,1
4956,tea bags,1
4957,plastic lollipop sticks,1
4958,young fennel,1
4959,firm large bananas,1
4960,tagine spice paste,1
4961,250-280g  frozen breaded scampi,1
4962,soft tortilla wraps,1
4963,300-350g madeira cake,1
4964,red cherry jam,1
4965,leftover  turkey meat,1
4966,frozen mixed berry,1
4967,thin pancetta,1
4968,each sesame and vegetable oil,1
4969,salted nori sheets,1
4970,cookie,1
4971,chicory red,1
4972,cooked peeled  prawn,1
4973,tub low-fat  soft cheese,1
4974,2tbsp balsamic vinegar,1
4975,a little  milk,1
4976,ripe vine tomatoes,1
4977,regal-ice ready,1
4978,a few times,1
4979,thick rice noodles,1
4980,4cm pieces,1
4981,2tbsp black olives,1
4982,dry-aged chuck steak,1
4983,finely chopped fresh sage,1
4984,½tbsp olive oil,1
4985,various shades,1
4986,squash peeled and cubed,1
4987,each one cut,1
4988,za’atar spice mix,1
4989,firm tofu pressed,1
4990,3 yellow peppers,1
4991,finger length pieces,1
4992,turquoise food colouring,1
4993,full-fat  milk,1
4994,banoffee  toffee,1
4995,quarter tsp paprika,1
4996,rasher,1
4997,pot low-fat greek yogurt,1
4998,cajun-coated  halloumi cheese,1
4999,dried figs,1
5000,2cm-thick chunks,1
5001,mashed,1
5002,stem  ginger,1
5003,fine durum wheat flour,1
5004,boned pork shoulder,1
5005,560g/1lb 4oz light brown soft sugar,1
5006,red and yellow roasted peppers,1
5007,white chocolate shavings,1
5008,cooked udon noodles,1
5009,400ml/14 fl,1
5010,elbow macaroni,1
5011,round pitta,1
5012,1 over-ripe banana,1
5013,2 vanilla pods,1
5014,wholemeal rye bread,1
5015,peppermint  candy canes,1
5016,cumberland pork chipolata,1
5017,vegetarian fish sauce,1
5018,praline ice cream,1
5019,your turkey,1
5020,waffles,1
5021,wide-necked,1
5022,rose petal,1
5023,peeled and finely grated  butternut squash,1
5024,port sherry,1
5025,good handful chopped mint,1
5026,rice-paper wraps,1
5027,each  chilli powder,1
5028,fine bulgur wheat,1
5029,smooth cashew butter,1
5030,salted anchovies,1
5031,1⁄2 tsp peppermint extract,1
5032,pink grapefuit,1
5033,broken pecans,1
5034,thai basil sprig,1
5035,4 large or 8 small  wholemeal tortilla wraps,1
5036,sunflower spread,1
5037,a good drizzle,1
5038,spiced tomato rice,1
5039,½l oil,1
5040,mango liqueur,1
5041,lychee syrup,1
5042,slim asparagus spears,1
5043,garlic cloves left whole and unpeeled,1
5044,prepared weight,1
5045,cooked crabmeat,1
5046,wholemeal fusilli,1
5047,bramley cooking apples,1
5048,orange-flavoured plain chocolate,1
5049,rustic  bread,1
5050,toblerone,1
5051,preferably flat leaf,1
5052,300ml/½ pint vegetable oil,1
5053,half a pack yellow marzipan,1
5054,a few banana chips,1
5055,big handful parsley,1
5056,pecans 85g/3,1
5057,2 small or 1 large banana,1
5058,star-shaped biscuit cutter,1
5059,thin slices lengthways,1
5060,a spoonful,1
5061,stoned,1
5062,red grapefruit,1
5063,hand-cut thick slices,1
5064,lamb's lettuces,1
5065,bunch spring onion,1
5066,mimolette,1
5067,12½ml 2:1 sugar syrup,1
5068,red and green food colouring,1
5069,head celeriac,1
5070,cake pop,1
5071,drinking straw,1
5072,coloured ribbons,1
5073,strong-flavoured chicken stock,1
5074,marker pen,1
5075,1medium swede,1
5076,vegetarian oyster sauce,1
5077,yellow cardboard,1
5078,a handful fresh flat-leaf parsley,1
5079,chilli and tomato pasta sauce,1
5080,sweetcorn peas,1
5081,a handful fresh coriander,1
5082,long pickled chillis,1
5083,oven-ready rabbit cut,1
5084,mixed seed bagels,1
5085,middle eastern flatbreads,1
5086,flat cap mushroom,1
5087,spanish  onions,1
5088,thumb-sized  red chilli stem,1
5089,cadbury flake,1
5090,butter/margarine,1
5091,70%  dark chocolate,1
5092,meat-free  cocktail sausages,1
5093,8 good-quality sausages,1
5094,ginger half grated,1
5095,3tbsp dried breadcrumbs,1
5096,shortbread fingers,1
5097,quarters lengthways,1
5098,4tbsp sunflower,1
5099,black cardamom pod,1
5100,amchur,1
5101,fine table salt,1
5102,several pinches,1
5103,lobster tails,1
5104,ready-made cooked pastry case,1
5105,plum sauce,1
5106,chilli powder optional,1
5107,squares dark chocolate,1
5108,flute,1
5109,sushi,1
5110,80-120ml milk,1
5111,frozen mixed cooked seafood,1
5112,30x40x4cm,1
5113,boneless pork belly skin,1
5114,sliced chives,1
5115,even-sized  potato,1
5116,50p-sized piece,1
5117,mexican rice,1
5118,curtido,1
5119,chicken about 1.85kg,1
5120,pieces  cod,1
5121,light honey,1
5122,thick strip lemon zest,1
5123,low-cal cooking spray,1
5124,heaped tbsp fennel seeds,1
5125,sugar snap,1
5126,chicken legs bone,1
5127,ruby,1
5128,5mm-thick rounds,1
5129,soft fresh goat’s cheese,1
5130,gari,1
5131,turkish delight,1
5132,54% dark chocolate,1
5133,finger-tip size knob,1
5134,freshly brewed hot coffee,1
5135,cooked  egg noodles,1
5136,a veg peeler,1
5137,good drizzle,1
5138,indian spice mix,1
5139,cypriot potatoes,1
5140,few springs,1
5141,vin santo,1
5142,box biscotti,1
5143,3 whole cloves,1
5144,1 tbsp orange juice,1
5145,orange chocolate,1
5146,malt syrup,1
5147,star anise seeds,1
5148,just  cod ' boneless fillets,1
5149,pineapples,1
5150,brown rice noodles,1
5151,fine vermicelli,1
5152,oranges zested and halved,1
5153,half small bunch parsley,1
5154,1 tsp ghee,1
5155,sliced spring onions chillies,1
5156,ready-to-eat spelt,1
5157,ducks,1
5158,red potato,1
5159,greek kalkidis olives,1
5160,bramble,1
5161,muesli,1
5162,150g fresh or frozen blueberries,1
5163,morello cherry,1
5164,salmon caviar,1
5165,toasted bagels,1
5166,very fresh salmon,1
5167,tsp sea salt,1
5168,skinless and boneless chicken thigh fillets,1
5169,avocado peeled and destoned,1
5170,thick full-fat greek yogurt,1
5171,2cm-thick slice  white bread,1
5172,850ml-1 litre butternut squash,1
5173,drizzle cream,1
5174,chopped fresh rosemary leaves,1
5175,red sweets,1
5176,big pinch,1
5177,wholemeal egg noodles,1
5178,frozen  monkfish chunks,1
5179,thick slices baguettes,1
5180,tub light soft cheese,1
5181,quick-cook spaghetti,1
5182,thick-cut bone,1
5183,yellow  food colouring paste,1
5184,thin frying steaks,1
5185,baby gem lettuce coriander,1
5186,orange  food colouring paste,1
5187,black writing  icing tube,1
5188,finely chopped shelled pistachio,1
5189,about 25g shredded coconut,1
5190,freeze-dried blueberry,1
5191,22-23cm round plate,1
5192,blue  food colouring paste,1
5193,brown pipe cleaners,1
5194,purple food colouring paste,1
5195,cellophane squares,1
5196,pink  food colouring paste,1
5197,extra-large round piping nozzle,1
5198,white sweets,1
5199,smooth orange marmalade,1
5200,finely chopped  rosemary,1
5201,long  ciabatta loaf,1
5202,pink  grapefruit,1
5203,fresh or dried  breadcrumb,1
5204,heaped tbsp pomegranate seeds,1
5205,piri-piri sauce,1
5206,the sesame seeds,1
5207,half a red cabbage,1
5208,cooked pearl barley,1
5209,1batch hollandaise sauce,1
5210,drizzle sweet chilli sauce,1
5211,rabbit legs,1
5212,soft dark brown,1
5213,steamed,1
5214,paratha,1
5215,tub  sprinkles,1
5216,12 pork meatballs,1
5217,sweetened,1
5218,crisp tortilla chips,1
5219,lentilles vertes,1
5220,1-cal  oil spray,1
5221,extra-lean fillet steak,1
5222,cayenne chillies,1
5223,albacore tuna,1
5224,arla lactofree whole milk,1
5225,fat-free natural,1
5226,1.5 lemons,1
5227,king prawn,1
5228,pickled jalapeño chillies,1
5229,8small soft flour tacos,1
5230,the pickled jalapeño chillies,1
5231,good handful fresh or dried cranberries,1
5232,chopped  haricot beans,1
5233,big bag,1
5234,best-quality  dark chocolate,1
5235,bone-in  chicken thighs skin,1
5236,strong white bread  flour,1
5237,prawn,1
5238,pork neck,1
5239,peeled ginger,1
5240,tub dairy-free coconut milk ice cream,1
5241,thumb-sized rounds,1
5242,asparagus cut,1
5243,395g/14oz,1
5244,spicy chilli sauce,1
5245,wholemeal muffin split,1
5246,1tbsp soy sauce,1
5247,rashers turkey bacon,1
5248,1⁄2 chicken stock shot,1
5249,venison haunch,1
5250,queen olives,1
5251,citrus juice - lemon,1
5252,apple crisps,1
5253,low-sodium vegetable bouillon,1
5254,cold-pressed rapeseed,1
5255,tangy eating apple,1
5256,radish quartered,1
5257,frozen vegetables,1
5258,rough wedges,1
5259,coloured writing,1
5260,strong brown bread flour,1
5261,chocolate hundreds,1
5262,bar dark,1
5263,fine espresso-style powder  coffee,1
5264,malted bread flour,1
5265,stale crustless,1
5266,some crisp salad,1
5267,pineapples rings,1
5268,two-thirds,1
5269,6 large or 12 small metal,1
5270,cornish new potatoes,1
5271,ripe plantains,1
5272,perfectly ripe strawberries,1
5273,pickled cucumbers,1
5274,avocado finely sliced,1
5275,1tsp juice,1
5276,chopped fresh herbs,1
5277,lemon 1/2 zested,1
5278,white pearlescent balls,1
5279,good squeeze  lemon,1
5280,thinly pared strips lemon zest,1
5281,pouch  cooked mixed grains,1
5282,cherry  jam,1
5283,ready-made fondant icing,1
5284,gianduja chocolate,1
5285,good-quality dark,1
5286,crushed feuillantine,1
5287,sweet red pointed pepper,1
5288,light   brown sugar,1
5289,about 600g cooked ham,1
5290,grapefruit wedge,1
5291,few large pinches,1
5292,fish stock pots,1
5293,sourdough crust,1
5294,fish likesprats,1
5295,the trim,1
5296,a few raspberries,1
5297,about 250 grams,1
5298,pot natural low-fat yogurt,1
5299,calves' liver,1
5300,small bunch thyme leaves,1
5301,mixed wild,1
5302,semi,1
5303,medium-size florets,1
5304,pork scratchings,1
5305,apple purée,1
5306,uncooked cocktail sausages,1
5307,red onion marmalade,1
5308,impulse tempeh,1
5309,your desired number,1
5310,packet fresh coriander,1
5311,ready-made fresh guacamole,1
5312,dark cherry,1
5313,black olives optional,1
5314,snake beans,1
5315,red bird's-eye chillies,1
5316,hearts romaine lettuces,1
5317,freshly grated vegetarian parmesan-style cheese,1
5318,5mm-thick pieces,1
5319,extra-light mayonnaise,1
5320,reduced-sugar ketchup,1
5321,chicken around 1.8kg,1
5322,sage sprig leaves,1
5323,a little red,1
5324,digestive,1
5325,tofu cut,1
5326,black seedless grape,1
5327,medium-sliced  white bread,1
5328,their skin,1
5329,clotted,1
5330,a few  sage sprigs,1
5331,"200g pack whole, cooked and peeled chestnuts",1
5332,chocolate fruit,1
5333,each pricked,1
5334,greengages,1
5335,white granulated,1
5336,1tbsp each chopped tarragon,1
5337,roasted chicken,1
5338,2tsp wholegrain mustard,1
5339,1tbsp walnut oil,1
5340,generous glasses,1
5341,good-quality chopped canned italian tomatoes,1
5342,sea salt ground,1
5343,round biscuit cutter,1
5344,shredded leftover turkey breast,1
5345,about 30 sage,1
5346,nut butter maple syrup,1
5347,undyed smoked haddock fillet,1
5348,mini gingerbread person biscuit cutter,1
5349,about 5 tbsp groundnut oil,1
5350,glass cider,1
5351,mixed lamb,1
5352,hot turkey,1
5353,reduced-fat greek salad cheese,1
5354,turkey meat,1
5355,ready-made cheese sauce,1
5356,cinnamon freshly ground,1
5357,courgette red chilli flakes,1
5358,diced  aubergine,1
5359,fregula,1
5360,good pinch dill fronds,1
5361,gold shimmer,1
5362,1 large or 2 small courgettes,1
5363,each sultanas,1
5364,green pea pasta,1
5365,each dried cranberries,1
5366,short grain pudding rice,1
5367,cucumber relish,1
5368,arabic bread,1
5369,frozen north atlantic prawns,1
5370,about 600g cooked turkey breast meat,1
5371,green chartreuse,1
5372,sachet pectin,1
5373,chocolate wafers,1
5374,vanilla vodka,1
5375,4-5 cloves,1
5376,finger chillies,1
5377,white haricot beans,1
5378,young asparagus,1
5379,good-quality tuna,1
5380,heaped tbsp pumpkin seeds,1
5381,thin ham,1
5382,mini pitta,1
5383,mixed  salad,1
5384,baileys chocolate liqueur,1
5385,young  broad beans,1
5386,1tbsp plain flour,1
5387,preferably maris piper,1
5388,pheasant legs,1
5389,the wing bone still,1
5390,a little chopped parsley,1
5391,fine white breadcrumbs,1
5392,150ml/¼ pint beef stock,1
5393,half an iceberg lettuce,1
5394,orange peppers,1
5395,1⁄4 cucumber,1
5396,thumb-tip-size piece fresh root ginger,1
5397,skinless sustainable white fish fillets,1
5398,chinese cooking wine,1
5399,iceberg lettuce cups,1
5400,ready-made pesto,1
5401,quantity theo's pasta dough,1
5402,chopped marjoram,1
5403,flame-roasted peppers,1
5404,mixed watercress,1
5405,little gem lettuce heart,1
5406,few  thyme sprigs leaves,1
5407,broccoli spears,1
5408,chicken breast skin,1
5409,recipe multi mince,1
5410,line-caught tuna,1
5411,2x cans chickpeas,1
5412,côte de boeuf,1
5413,head spring greens,1
5414,cold coconut oil,1
5415,all butter shortcrust pastry,1
5416,one good pinch,1
5417,very finely sliced lemongrass stalk,1
5418,white medium sliced loaf,1
5419,thick pieces,1
5420,unflavoured oil,1
5421,finely chopped fresh chive,1
5422,150ml/¼  pint  double cream,1
5423,a little  cocoa powder,1
5424,small vine,1
5425,reblochon,1
5426,boneless white  fish fillet,1
5427,grated  gruyère,1
5428,finely chopped flatleaf  parsley,1
5429,950g fresh (well picked over,1
5430,the jarred cherries,1
5431,rolled pork belly joint,1
5432,thyme bay,1
5433,baby  turnip,1
5434,ready-made meringues,1
5435,low-sugar barbecue sauce,1
5436,multigrain crispbreads,1
5437,trimmed beef,1
5438,heaped tbsp  chilli bean paste,1
5439,bicarb,1
5440,grated chocolate,1
5441,whole sichuan pepper,1
5442,unskinned firm white  fish,1
5443,minced soy,1
5444,lemon wedge,1
5445,pkts unsalted butter,1
5446,reduced-fat  crème fraîche,1
5447,coconut shavings optional,1
5448,golden sultana,1
5449,screw-top jam jars,1
5450,low-fat margarine,1
5451,sliced jalapeno chilli,1
5452,carton fresh spinach,1
5453,fresh guacamole,1
5454,trimmed  lamb rumps,1
5455,ice bucket,1
5456,chunks watermelon,1
5457,assorted sprinkles,1
5458,shelled pistachio nuts,1
5459,200g medium or thin noodle,1
5460,ready-to-cook  vegetable medley,1
5461,80g jar,1
5462,tagine paste,1
5463,"80g small, , dry",1
5464,peanut butter cups rolos,1
5465,levi roots love apple tomato sauce,1
5466,frozen cherry,1
5467,3 tbsp or 50g firm silken tofu,1
5468,cherry soya yogurt,1
5469,fusilli bucati,1
5470,apple slices,1
5471,hen’s eggs,1
5472,1.5cm,1
5473,4sticks celery,1
5474,tub low-fat  natural yogurt,1
5475,madras  curry paste,1
5476,about 200-300g leftover roast chicken,1
5477,black  mustard seed,1
5478,1tub sprinkles,1
5479,mars bars,1
5480,peeled potato,1
5481,nocellara olives,1
5482,zest 3  limes,1
5483,good quality sherry vinegar,1
5484,500g fresh or frozen broad beans,1
5485,frac14,1
5486,10 cloves ground,1
5487,½bag peppery,1
5488,good-quality clear honey,1
5489,a few whole basil,1
5490,pot  mixed olives,1
5491,"large, raw  prawn",1
5492,2tbsp teriyaki sauce,1
5493,m&s,1
5494,crunchy stir-fry  vegetables,1
5495,béchamel sauce,1
5496,sweet potato skin,1
5497,2knobs stem ginger,1
5498,cabernet sauvignon,1
5499,ripe  pear,1
5500,frozen green bean,1
5501,few slices brie,1
5502,oregano basil,1
5503,4cm/1 ½in  piece,1
5504,about 170g,1
5505,frozen  sweetcorn,1
5506,2 large or 400g baby courgettes,1
5507,raw beetroot leaves,1
5508,carton  passata,1
5509,raisins dried cranberries,1
5510,sausages skin,1
5511,desirée potato,1
5512,"2 large, ripe tomatoes",1
5513,1 large or 2 small ripe avocados,1
5514,sustainable firm white fish,1
5515,young marrow,1
5516,3tbsp oyster sauce,1
5517,breakfast muffins,1
5518,mixed peppercorn,1
5519,a little melted plain chocolate,1
5520,honey roast ham,1
5521,fresh broad bean,1
5522,chilled unsalted  butter,1
5523,frozen sliced mixed peppers,1
5524,frozen baby broad bean,1
5525,1 tbsp natural yogurt,1
5526,100g fresh pesto,1
5527,hot smoked salmon,1
5528,pouch ready-cooked quinoa,1
5529,each flat-leaf parsley,1
5530,1 large or 2 small leeks,1
5531,pastry you,1
5532,black  bananas,1
5533,heirloom tomatoes,1
5534,reduced-fat sausages,1
5535,hot espresso,1
5536,thin half-moon slices,1
5537,assorted  food colourings,1
5538,each milk,1
5539,coloured cocktail sticks,1
5540,1.8-2kg whole  chicken,1
5541,cards,1
5542,virgin olive,1
5543,dolcelatte,1
5544,thin ribbons,1
5545,heads red chicory,1
5546,crisp pears,1
5547,calvados cognac,1
5548,1tbsp finely grated fresh root ginger,1
5549,1tbsp oil,1
5550,dressed mixed leaves,1
5551,each raisin currants,1
5552,sweetened almond milk,1
5553,50ml/2fl oz orange liqueur,1
5554,a little nutmeg,1
5555,good pinch chilli flakes,1
5556,rustic granary bread,1
5557,bistro,1
5558,organic/free-range skinless boneless chicken breast,1
5559,heather  honey,1
5560,nyonya curry paste,1
5561,teacakes,1
5562,white chocolate star,1
5563,rice salad,1
5564,grass-fed rib,1
5565,the cob husk,1
5566,cooked oven  chips,1
5567,whiting gutted,1
5568,a balsamic-dressed salad,1
5569,"225g large, cooked",1
5570,3small red onions,1
5571,anchovies fillets,1
5572,head romaine,1
5573,2large oranges,1
5574,pork belly rind,1
5575,soft goat’s cheese log,1
5576,cod fillet pieces,1
5577,mild goat's cheese,1
5578,baby parsnips,1
5579,sliced  spring onions,1
5580,bone-in  pork loin chops,1
5581,brussels sprouts peeled,1
5582,½a lemon,1
5583,1 large or 2 small squash,1
5584,lightly  salted popcorn,1
5585,honey nut,1
5586,medium-dry  cider,1
5587,24-hole mini muffin tin,1
5588,a few curry,1
5589,a 250g chorizo ring,1
5590,pot 0% fat natural greek yogurt,1
5591,sea salt crystals,1
5592,purple berries,1
5593,white anchovies,1
5594,paper cups,1
5595,140g fresh or frozen blackberry,1
5596,oranges 1 zested and juiced,1
5597,green mini-muffin,1
5598,6rolled chocolate wafers,1
5599,½ stock cube,1
5600,moong,1
5601,deggi mirch,1
5602,good quality  cocoa powder,1
5603,free-range  egg whites,1
5604,1 red chilli,1
5605,runny blossom honey,1
5606,prawn ravioli,1
5607,grated   root ginger,1
5608,crusty bread crusts,1
5609,black piping,1
5610,portabellini,1
5611,good-quality pork sausages meat,1
5612,unroasted,1
5613,green paint,1
5614,150-180ml unsweetened,1
5615,foam cone,1
5616,dried cranberry,1
5617,plant pot,1
5618,little icing sugar,1
5619,plastic spiders,1
5620,special mixed frozen vegetables,1
5621,double chocolate cookies,1
5622,rich tea finger  biscuits,1
5623,ready-to-cook udon noodles,1
5624,tofu puffs,1
5625,pink rhubarb,1
5626,12 chunks,1
5627,the white part,1
5628,thick slabs,1
5629,shop-bought unsweetened pancakes,1
5630,freshly picked thyme,1
5631,a knot,1
5632,basil leaves leaves,1
5633,lemon reserve lemon,1
5634,soft tacos,1
5635,high-fibre puffed wheat,1
5636,2 large or 3 small aubergines,1
5637,celery sticks leaves,1
5638,traditional oats,1
5639,1-2cm cubes,1
5640,dhal chutney,1
5641,natural full-fat  greek yogurt,1
5642,firm but ripe red-skinned pear unpeeled,1
5643,pot 0% fat  bio-yogurt,1
5644,ancho,1
5645,1 jar or tin,1
5646,hollow  chocolate easter egg,1
5647,2nests,1
5648,beef top rump joint,1
5649,macaroni pasta,1
5650,carrots coarsely grated lengthways,1
5651,pink gel food colouring,1
5652,a 1-litre sterilised lidded jar,1
5653,hot low-sodium chicken,1
5654,1&frac12; tsp caster sugar,1
5655,red sugar,1
5656,pitted green olives,1
5657,¼kg floury potatoes,1
5658,yellow chartreuse,1
5659,crème de violette,1
5660,1 small or ½ large cauliflower,1
5661,chopped coriander optional,1
5662,quantity basic biscuit dough,1
5663,fresh thai basil,1
5664,thumbsized piece root ginger,1
5665,clean live mussels,1
5666,maraschino liqueur,1
5667,1 large or 2 smaller fennel bulbs,1
5668,melty  cheese,1
5669,short dried pasta,1
5670,poitín,1
5671,rye whiskey,1
5672,cooked  chicken,1
5673,oz beansprout,1
5674,moroccan seasoning,1
5675,"3 small, ripe mangoes",1
5676,boneless  salted cod,1
5677,very finely chopped pistachio,1
5678,scotch bonnet pepper,1
5679,round blue brie,1
5680,good sherry vinegar,1
5681,ackee,1
5682,turkey backbone,1
5683,75g/2½oz fresh  mint leaves,1
5684,part-baked white baguette,1
5685,lavender sugar,1
5686,pouch  french tomatoey green,1
5687,1⁄4 tsp garlic granules,1
5688,oranges both,1
5689,1⁄4 tsp poppy seeds,1
5690,leftover  mashed potatoes,1
5691,radicchio heads,1
5692,thick sprigs,1
5693,2 large or 4 small garlic,1
5694,tube smarties,1
5695,active rye starter,1
5696,8 limes,1
5697,4 egg yolks,1
5698,blue food colouring paste,1
5699,lean  lamb cutlets,1
5700,22inch/55cm square cake board,1
5701,whole peppers,1
5702,green food gel colouring,1
5703,distilled white vinegar,1
5704,green and pink food colouring paste,1
5705,peach juice,1
5706,2-3cm wedges,1
5707,thin 25cm pizza base,1
5708,heaped tbsp raspberry jam,1
5709,tub  mascarpone,1
5710,dariole,1
5711,1whole fresh  crab,1
5712,hulled strawberry,1
5713,chopped pickled turnip,1
5714,3 whole eggs,1
5715,undyed sustainably sourced  smoked haddock,1
5716,chunky  unsmoked fish,1
5717,sharp cheddar,1
5718,pickled jalapeño peppers,1
5719,fine fresh white breadcrumb,1
5720,fairly large chunks,1
5721,light brown soft  sugar,1
5722,glass dry sherry,1
5723,12 cloves,1
5724,dark rye flour,1
5725,¼kg chicken,1
5726,bombay mix,1
5727,darkish beer,1
5728,12-18 thin slices,1
5729,edible sugar balls,1
5730,skinless and boneless white fish,1
5731,hot  horseradish,1
5732,mixed fruits,1
5733,maltesers mini bunnies,1
5734,rolled  oats,1
5735,yellow food colouring gel,1
5736,hard  cheese,1
5737,cooked and peeled  prawns,1
5738,mature cheddar stilton,1
5739,furikake,1
5740,mixed green vegetable,1
5741,sachet stir-fry oyster sauce,1
5742,toasted  cashew,1
5743,organic lemons,1
5744,organic cane sugar,1
5745,125g/4&#189oz pieces,1
5746,overripe black bananas,1
5747,ready-roasted  peppers,1
5748,drizzle  olive oil,1
5749,tissue paper,1
5750,presentation box,1
5751,50-60g sesame seeds,1
5752,10-hole silicone chocolate,1
5753,gold food colouring,1
5754,espresso-flavoured dark chocolate,1
5755,mini meringue,1
5756,green gel food colouring,1
5757,matcha tea powder,1
5758,pork sausagemeat,1
5759,hazelnut oil optional,1
5760,good quality olive oil,1
5761,edible gold lustre dust,1
5762,thick salmon,1
5763,200g plain or milk chocolate,1
5764,low-sodium chicken stock cubes,1
5765,long pepper,1
5766,edible pearl balls,1
5767,wheat noodles,1
5768,sponge finger,1
5769,urad dhal,1
5770,burger cheese slices,1
5771,pouch brown  basmati rice,1
5772,cold roast beef,1
5773,forestière,1
5774,date syrup,1
5775,pot baba ganoush,1
5776,big chunks,1
5777,fl oz mirin,1
5778,lemon juice ½,1
5779,pieces tilapia fillet,1
5780,filling,1
5781,ground sichuan,1
5782,dry active yeast,1
5783,american-style hot sauce,1
5784,celery crudités,1
5785,800g-1kg  prepared chicken wings,1
5786,4 small or 2 large whole sea bass,1
5787,kabanos sausages,1
5788,welsh caerphilly cheese,1
5789,leeks tough outer leaves,1
5790,fat unpeeled garlic,1
5791,vegan red wine vinegar,1
5792,wild oregano,1
5793,frozen  berry,1
5794,tubs cream cheese,1
5795,roughly chopped tarragon,1
5796,unsalted  pistachios,1
5797,3cm/1¼ inch piece ginger,1
5798,creamy blue cheese,1
5799,ready-chopped butternut squash,1
5800,cooked jersey royal potatoes,1
5801,aquavit,1
5802,a few  chives,1
5803,vanilla  yogurt,1
5804,½l fish stock,1
5805,zest 1 and juice o limes,1
5806,each chopped basil parsley,1
5807,camargue red rice,1
5808,1scoop  vanilla ice cream,1
5809,rye breadcrumbs,1
5810,frozen potato wedges,1
5811,8 cardamom pods,1
5812,pressed pear juice,1
5813,1 large unwaxed orange,1
5814,good handful baby spinach,1
5815,raw young beetroot,1
5816,grated lime zest,1
5817,red salmon,1
5818,coriander root,1
5819,turmeric root,1
5820,pea aubergines,1
5821,thai aubergines,1
5822,new season carrot,1
5823,pickles,1
5824,pot low fat  yogurt,1
5825,each chilli,1
5826,"4 large, roundish sweet potatoes",1
5827,fast action  yeast,1
5828,fillet steaks,1
5829,baby  sweet peppers,1
5830,mango powder,1
5831,a few dried banana chips,1
5832,1 lime finely grated zest,1
5833,crispy salad,1
5834,finely grated fresh root ginger,1
5835,thick white noodles,1
5836,vegetarian worcestershire sauce,1
5837,sweetcorn in water,1
5838,mature reduced-fat cheese,1
5839,roll croissants,1
5840,skinless haddock,1
5841,about 37 x 30cm,1
5842,long red serrano chillies seeds,1
5843,pouch cooked quinoa,1
5844,100-150ml white,1
5845,boned and rolled  lamb loin,1
5846,each finely chopped fresh  mint,1
5847,1small lemon juice,1
5848,fresh  flatleaf parsley,1
5849,about 2 tbsp tahini paste,1
5850,bulbs,1
5851,pale cream sherry,1
5852,peppery,1
5853,boneless side,1
5854,1cm/½in thick rounds,1
5855,1½ lemons,1
5856,zest 1  grapefruit,1
5857,zest 2  grapefruit,1
5858,chilled coconut water optional,1
5859,3cm/1¼in lengths,1
5860,boiled fresh beetroot,1
5861,a lime,1
5862,chilled unsweetened apple juice,1
5863,10 purple basil,1
5864,cupful frozen peas,1
5865,head red cabbage,1
5866,whole raw cashews,1
5867,ponzu sauce,1
5868,seasonal berries,1
5869,big celery stick,1
5870,cynar,1
5871,noodle nests,1
5872,sweet red pepper sauce,1
5873,chopped salted peanuts,1
5874,long-stemmed  broccoli,1
5875,1.25kg-1.5kg ripe tomatoes,1
5876,thin  ham slices,1
5877,good-quality golden rum,1
5878,½kg floury  potatoes,1
5879,your favourites,1
5880,big bunch thyme,1
5881,egg cups,1
5882,red palm oil,1
5883,shrimp powder,1
5884,shrimp bouillon cube,1
5885,crumbled feta,1
5886,2tsp chilli powder more,1
5887,baguette slices,1
5888,cooked couscous mint,1
5889,blanched asparagus spears,1
5890,ras-el-hanout berber,1
5891,lamb pieces,1
5892,pineapple wedge,1
5893,naan breads,1
5894,pressed pineapple juice,1
5895,chambord liqueur,1
5896,good chunk ginger,1
5897,wheel vegetarian camembert,1
5898,walnuts/pecans,1
5899,good pinch  coarse sea salt,1
5900,tarragon parsley,1
5901,red chillies seeds,1
5902,yogurt fresh blueberries,1
5903,2 unwaxed lemons,1
5904,ripe  quince,1
5905,thick skinless fillets,1
5906,dessert  apple,1
5907,1small lemon zest,1
5908,fruit jellies,1
5909,butter very cold,1
5910,chicken liver,1
5911,beef stock homemade,1
5912,fresh  watermelon,1
5913,golden beer,1
5914,a few lettuce leaves,1
5915,quaker rolled oats,1
5916,peeled  ginger,1
5917,turmeric paste,1
5918,a 250g chorizo sausage ring,1
5919,doenjang,1
5920,cannelini beans,1
5921,fat-free greek,1
5922,very large tomatoes,1
5923,bottled cherries,1
5924,mixed charcuterie,1
5925,sweet eating apples,1
5926,small  crackers,1
5927,9 whole cloves,1
5928,half-fat coconut milk,1
5929,meringue nest,1
5930,chicken mini breast fillets,1
5931,turkish delight orange,1
5932,skin-on almonds,1
5933,1 green cardamom pod,1
5934,baby caper,1
5935,raw king prawn,1
5936,a sieve,1
5937,watermelon syrup,1
5938,gochujang chilli paste,1
5939,chunky  chorizo,1
5940,each strong white and strong wholewheat flour,1
5941,any combination,1
5942,mixed  radishes,1
5943,red icing,1
5944,cooked skinless,1
5945,smoked back bacon,1
5946,jamaican jerk paste,1
5947,chopped tomato juice,1
5948,tamari soy sauce,1
5949,soft white  breadcrumbs,1
5950,sheets dairy-free puff pastry,1
5951,good-quality  cider,1
5952,baby plum tomato,1
5953,pointed cabbage,1
5954,stir-fried tenderstem broccoli,1
5955,skinless  salmon fillet,1
5956,paccheri,1
5957,finely chopped fresh  coriander,1
5958,chopped fresh  coriander,1
5959,1 large or 2 small avocados,1
5960,natural vanilla extract,1
5961,crisp-sized pieces,1
5962,delicata,1
5963,cubed pork belly skin,1
5964,garlic cloves bashed flat,1
5965,finely grated vegetarian-style parmesan cheese,1
5966,seedless black,1
5967,chunky chopped kale,1
5968,mint sprig leaves,1
5969,pancetta cubetti,1
5970,6cm thick slices,1
5971,mirim,1
5972,mixed  green salad,1
5973,each  basil thyme,1
5974,grated emmental,1
5975,no-pre-cook lasagne,1
5976,red wine burgundy,1
5977,1 or 2  rosemary and thyme sprigs,1
5978,curly round lettuce,1
5979,cooked chicken skin,1
5980,140g fresh or frozen pea,1
5981,thick and creamy plain yogurt,1
5982,frozen  spinach,1
5983,shin beef,1
5984,generous grating  nutmeg,1
5985,herby pork sausages,1
5986,sliced lemon,1
5987,cox’s apples,1
5988,grana padano shavings,1
5989,thick-cut  white bread crusts,1
5990,a small bunch coriander leaves,1
5991,pressed apple juice,1
5992,garlic head,1
5993,leftover pheasant meat,1
5994,sun-dried  tomato purée,1
5995,pretzel sticks,1
5996,pot 0% greek yogurt,1
5997,tube black writing,1
5998,8-bone racks,1
5999,extra thick cream,1
6000,2mm-thick rounds,1
6001,big spoonfuls hot indian lime pickle,1
6002,cinnamon sticks bay,1
6003,300-400g  baby carrots,1
6004,thick round slices,1
6005,preserved,1
6006,montgomery  cheddar,1
6007,boiled  jasmine rice,1
6008,good knobs butter,1
6009,sachet easy blend yeast,1
6010,wheat grain,1
6011,heaped tbsp  ground cumin,1
6012,cloth,1
6013,electric hand whisk,1
6014,spatula,1
6015,lime 2 ‘cheeks,1
6016,skewer,1
6017,jug,1
6018,8 small wedges,1
6019,gluten-free worcestershire sauce,1
6020,leftover cheese,1
6021,up to 350ml lukewarm water,1
6022,green bell pepper,1
6023,red bell pepper,1
6024,anaheim peppers,1
6025,15-ounce,1
6026,good-quality  chopped tomatoes,1
6027,round loose-bottom  cake tins,1
6028,mixed olives stones,1
6029,chinese noodles,1
6030,fat white marshmallows,1
6031,white hundreds,1
6032,lean sirloin steak,1
6033,cooked tiger prawns,1
6034,small or baby potatoes,1
6035,mixed frozen peppers,1
6036,grated cheddar natural yogurt,1
6037,roasted  cashew nuts,1
6038,button onions,1
6039,firm red tomatoes,1
6040,fresh coriander leaves,1
6041,fresh haddock,1
6042,thick bavette,1
6043,leftover boiled potato,1
6044,mini  chocolate beans,1
6045,pitted kalamata black olives,1
6046,fine ground polenta,1
6047,oatmeal breadcrumbs,1
6048,lamb skin,1
6049,lean bacon,1
6050,2 or 3 large carrots,1
6051,extra fine green beans stalks,1
6052,basil chervil,1
6053,each  milk,1
6054,gluten-free vegan burger buns,1
6055,200g fresh or frozen  raspberry,1
6056,plump chicken thighs skin,1
6057,good-quality custard,1
6058,vegetarian cheddar,1
6059,crumbled sausage,1
6060,each sage,1
6061,ardennes pâté,1
6062,vac-pack whole cooked chestnut,1
6063,cheap white wine,1
6064,1⁄2 - 1 tsp,1
6065,instant dried yeast,1
6066,basil sprig leaves,1
6067,bread flour,1
6068,sliced tomatoes,1
6069,puy  lentils,1
6070,tiny dried bird's eye chillies,1
6071,crème de pêche,1
6072,salad  spinach,1
6073,1large very ripe  mango,1
6074,300g-400g/11-14oz piece,1
6075,balmoral biscuits,1
6076,tub  clotted cream optional,1
6077,fresh  lemon balm,1
6078,vegan sriracha mayo,1
6079,chapatis low-fat natural yogurt,1
6080,edible food colouring paste,1
6081,mini  marshmallow,1
6082,frozen  broad beans,1
6083,red chile pepper,1
6084,yellow potatoes,1
6085,fat parsnips,1
6086,breadcrumb stuffing mix,1
6087,a generous grating,1
6088,½ cup plus 2 tbsp unsalted peanuts,1
6089,each ground coriander turmeric,1
6090,fondant  icing sugar,1
6091,blood orange soda,1
6092,orange-flavoured gin,1
6093,white  marshmallows,1
6094,edible lustre,1
6095,a little solid vegetable fat,1
6096,soft thyme,1
6097,tiny capers,1
6098,shredded radicchio,1
6099,frozen berry mix,1
6100,a few sweets,1
6101,shop-bought madeira cakes,1
6102,lime 1/2 juiced,1
6103,red and white tubes,1
6104,cooked frozen peas,1
6105,hot red chilli powder,1
6106,each finely chopped parsley,1
6107,salmon side portions,1
6108,small shallots,1
6109,vegetable sunflower rapeseed oil,1
6110,english  mustard powder,1
6111,low salt,1
6112,easy-cook,1
6113,cooked peas,1
6114,airtight box,1
6115,gift box,1
6116,daikon,1
6117,reduced fat soured cream,1
6118,mackerel skin,1
6119,hot-smoked trout fillets,1
6120,cooked tomato rice,1
6121,creamed horseradish optional,1
6122,well-fatted pork belly,1
6123,soft prunes,1
6124,frangelico hazelnut liqueur,1
6125,cooking sake,1
6126,"2 large, ripe avocados",1
6127,japanese curry roux,1
6128,shichimi,1
6129,black onion,1
6130,pedro ximénez sherry brandy,1
6131,skinless and boneless cod,1
6132,cold beer,1
6133,courgette flowers,1
6134,chopped gherkin,1
6135,cold sparkling water,1
6136,pouch  rice,1
6137,40 bite-size pieces,1
6138,generous pinch chilli flakes,1
6139,economy bag mixed peppers,1
6140,tbsp/15ml rice wine vinegar,1
6141,85g/3oz light brown soft sugar,1
6142,chopped fresh dill,1
6143,ready-to-eat dried prune,1
6144,firm mangoes,1
6145,1⁄2 tsp vanilla extract,1
6146,crème fraîche whipped cream,1
6147,100-150ml  milk,1
6148,frozen raspberry,1
6149,fiery chilli  pesto,1
6150,egg whites room temperature,1
6151,broth mix,1
6152,sponge flan cases,1
6153,rapeseed sunflower oil,1
6154,strawberry coulis,1
6155,1 and juice,1
6156,preferably free range,1
6157,pre-made dumpling wrappers,1
6158,800g-1kg piece skinless pork shoulder,1
6159,1⁄2 large lemon,1
6160,chinese garlic,1
6161,boiled potato,1
6162,dried chickpeas,1
6163,20% fat pork mince,1
6164,¼142ml carton double cream,1
6165,1small fennel bulb,1
6166,jam-filled swiss roll,1
6167,each golden syrup,1
6168,watercress tough stalks,1
6169,1 split vanilla pod,1
6170,half a 200g tub crème fraîche,1
6171,icelandic  cod fillets,1
6172,½kg apple,1
6173,generous grating nutmeg,1
6174,hob nobs,1
6175,8 large or 12 small plums,1
6176,small ripe pear,1
6177,hen,1
6178,full-fat jersey milk,1
6179,romanesco cauliflower,1
6180,few basil leaves,1
6181,drizzle  balsamic vinegar,1
6182,shop-bought custard,1
6183,150ml/¼ pint white wine,1
6184,level tbsp cornflour,1
6185,espresso cups,1
6186,1-litre bottle,1
6187,"450g large, raw",1
6188,ripe plantain,1
6189,organic green teabags,1
6190,organic black teabags bags,1
6191,100-200g granulated sugar,1
6192,scoby,1
6193,rectangular fruitcakes,1
6194,rounded tsp,1
6195,triangular slices,1
6196,finely slices pieces,1
6197,sky blue sugar paste,1
6198,pink and red food colourings,1
6199,skinned icelandic cod,1
6200,dark and light blue food colourings,1
6201,7g sachet dried yeast,1
6202,purple sprouting,1
6203,finely grated  dark chocolate,1
6204,coconut-flavoured rum,1
6205,unrefined demerara sugar,1
6206,roughly chopped mixed nut,1
6207,whole date,1
6208,bird’s eye chillies,1
6209,juicy peaches,1
6210,a packet,1
6211,about 1 small sausage,1
6212,cooking wine,1
6213,medium florets,1
6214,freshly-made strong coffee,1
6215,bar good-quality dark chocolate,1
6216,biscotti,1
6217,pot good-quality vanilla ice-cream,1
6218,crispy rice squares,1
6219,rounded tbsp capers,1
6220,a small nugget,1
6221,cocktail blinis,1
6222,small mussel,1
6223,turkey legs,1
6224,150g fresh or frozen  peas,1
6225,chopped chorizo,1
6226,meaty duck breast,1
6227,turkey stock,1
6228,3tbsp lemon curd,1
6229,zest 2 clementines,1
6230,extra toasted pitta bread sausage mummies,1
6231,tub cress,1
6232,tomato soup,1
6233,red and green  food colouring gel,1
6234,cotton thread,1
6235,butternut squash chunks,1
6236,tropical dried fruit mix,1
6237,red and  yellow pepper - after deseeding,1
6238,nutty muesli,1
6239,"2 large, very ripe bananas",1
6240,lighter  mature cheddar,1
6241,blanched  almonds,1
6242,frozen grated  coconut,1
6243,cloud-shaped cutters,1
6244,medium-large  bramley apples,1
6245,chocolate-coated biscuit sticks,1
6246,edible silver balls,1
6247,1medium-sized baking potato,1
6248,yellow sugar paste,1
6249,black edible writing pen,1
6250,white sugar paste,1
6251,half a 400g,1
6252,px,1
6253,pot natural full-fat  yogurt,1
6254,matcha green tea ice cream,1
6255,asparagus woody bottoms,1
6256,savoy,1
6257,kale cavolo nero,1
6258,walnut-size lump,1
6259,fresh moroccan couscous,1
6260,trays,1
6261,butterhead,1
6262,about 24 juicy clementines,1
6263,"2 small, very ripe and juicy mangoes",1
6264,whole milk,1
6265,lime finely zested and juiced,1
6266,balti  curry paste,1
6267,pre-grated mozzarella,1
6268,leftover traybake lamb kebab,1
6269,1 mooli,1
6270,parsley fresh chopped,1
6271,ready-made thick devon  custard,1
6272,shredded beef,1
6273,quick frosted walnuts,1
6274,lemon sherbets,1
6275,sharp green apple,1
6276,steamed romanesco,1
6277,truffle,1
6278,2 large or 4 small thick slices sourdough bread,1
6279,2tsp-2tbsp fajita spice mix,1
6280,chorizo-style cooking  sausages,1
6281,chives sniped,1
6282,mixed  dried fruit large fruit,1
6283,grilled lamb,1
6284,minced beef steak,1
6285,avocados very ripe but,1
6286,chilli red,1
6287,punnets blueberries,1
6288,23-24cm cooked shortcrust pastry tart case,1
6289,carton thick devon  custard,1
6290,3plump bulbs,1
6291,a scrap,1
6292,a few stalks,1
6293,roasted chopped hazelnut,1
6294,pork loin bone,1
6295,picked lemon thyme,1
6296,party straws,1
6297,half a savoy cabbage,1
6298,hot sunflower oil,1
6299,a box,1
6300,4 large or medium eggs,1
6301,parmigiano reggiano,1
6302,very large field mushrooms,1
6303,good-quality cooked ham,1
6304,pouch microwavable brown rice,1
6305,1⁄4 tsp green cardamom powder,1
6306,1⁄2 tsp turmeric,1
6307,1⁄4 tsp bicarbonate,1
6308,lean lamb neck fillets,1
6309,"large, salad onions",1
6310,5tbsp dark maple syrup,1
6311,italian sausages,1
6312,cooked whole chestnuts,1
6313,pure,1
6314,jam  sugar,1
6315,good quality chicken,1
6316,carnaroli  rice,1
6317,whole corn-fed chicken,1
6318,your favourite toppings - brown sugar,1
6319,thinly sliced garlic,1
6320,drizzle honey,1
6321,double lemon sole fillets,1
6322,curry salt,1
6323,% fat natural yogurt,1
6324,up to 3 gelatine,1
6325,grape-nuts cereal,1
6326,5mm thick rounds,1
6327,"1 small, starchy potato",1
6328,hollow  chocolate egg,1
6329,mini chocolate eggs sugar-coated chocolate buttons,1
6330,passion fruit juice,1
6331,raw tiger prawn,1
6332,generous pinches paprika,1
6333,chopped red pepper,1
6334,around 400g granulated,1
6335,ready-made  hummus,1
6336,warm flatbread,1
6337,aldi specially selected lightly smoked scottish salmon fillets,1
6338,flame-roasted red peppers,1
6339,sourdough bread crusts,1
6340,round garlic naan bread,1
6341,1-2 tbsp finely chopped chives,1
6342,supermarket pack,1
6343,ravioli,1
6344,corn chips,1
6345,extra crème fraîche,1
6346,smashed avocado,1
6347,firm sustainable white fish,1
6348,long shallot,1
6349,very roughly chopped parsley,1
6350,capricorn goat's cheese,1
6351,radish sprouts,1
6352,300g cans red kidney beans,1
6353,forced pink rhubarb,1
6354,sweet   sherry,1
6355,carton thick devon custard,1
6356,2medium tomatoes,1
6357,a slice country-style  bread,1
6358,375-425g pack ready-rolled  puff pastry,1
6359,white truffle oil,1
6360,a little extra virgin olive oil,1
6361,blood  orange juice,1
6362,juice 1/2 small lemon,1
6363,nest wholewheat noodles,1
6364,about 115g button mushrooms,1
6365,about 65g tenderstem broccoli,1
6366,a spiralizer,1
6367,cointreau brandy,1
6368,gold string,1
6369,red ribbon,1
6370,a pin,1
6371,new-season bunch,1
6372,garlic cloves crushed flat,1
6373,fresh soft herbs,1
6374,"2 large, thin slices",1
6375,garlic cloves crushed and roughly chopped,1
6376,a big stalk,1
6377,1 small or half a large fresh red chilli,1
6378,pot full fat  soft cheese,1
6379,roughly chopped pistachios,1
6380,goat's cheese logs,1
6381,appletise,1
6382,a few roasted  peppers,1
6383,juice 1½ lemons,1
6384,butternut squash peeled and cubed,1
6385,sliced  bamboo shoot,1
6386,candied orange slices,1
6387,mature  lancashire cheese,1
6388,pickled cabbage,1
6389,firm white fish,1
6390,sunflower oil groundnut,1
6391,clementine orange,1
6392,paint brush,1
6393,acrylic paint,1
6394,card,1
6395,mixed quinoa,1
6396,pearled spelt,1
6397,puréed raspberry,1
6398,red food gel,1
6399,punnet raspberry optional,1
6400,cooked long-stemmed broccoli,1
6401,john's homemade  thai curry paste,1
6402,old bay seasoning,1
6403,tubs mustard cress,1
6404,finely chopped  basil leaf,1
6405,wheat-free white bread flour,1
6406,quick,1
6407,potted shrimps,1
6408,about ½ lemon juice,1
6409,sliced  pancetta,1
6410,ready-rolled sweet dessert pastry,1
6411,strong  cheddar,1
6412,heaped tbsp pickle,1
6413,ceps,1
6414,roasted cherry tomatoes,1
6415,dark  chocolate,1
6416,part-boned chicken breasts,1
6417,sugar-free  blackcurrant cordial,1
6418,sugar-free orange cordial,1
6419,each red and orange natural food colouring,1
6420,a few red grapes,1
6421,vine-ripened  cherry tomatoes,1
6422,1large garlic clove,1
6423,1medium butternut,1
6424,sliced garlic clove,1
6425,hazelnut butter,1
6426,black  olives,1
6427,pea protein powder,1
6428,a few ice cubes,1
6429,roquefort cheese,1
6430,x 150ml pot natural yogurt,1
6431,corn cobs husks,1
6432,finely crumbled feta,1
6433,chicken carcass,1
6434,1tsp ginger,1
6435,2large carrots,1
6436,2tbsp lemon juice,1
6437,3tbsp cider vinegar,1
6438,tsp ground,1
6439,diced  potato,1
6440,100g-300g festive red salad,1
6441,giant pretzels,1
6442,lean turkey breast mince,1
6443,pistachio milk,1
6444,flat-leaf parsley sprigs leaves,1
6445,raspberry teabag,1
6446,langoustine,1
6447,two small handfuls  basil,1
6448,a low heat,1
6449,turkey carcass meat,1
6450,hazelnuts ground,1
6451,a can chopped tomatoes,1
6452,vegan coconut yogurt,1
6453,2long red chillies,1
6454,cauliflowers,1
6455,200 - 250g/8oz-9oz pieces,1
6456,oblong loaf sourdough bread,1
6457,beefsteak tomato,1
6458,long leaves,1
6459,cocktail  gherkin,1
6460,fusilli pasta,1
6461,coarse semolina,1
6462,pkt fast-action dried  yeast,1
6463,tepid water,1
6464,plump  garlic,1
6465,skin-on boneless  chicken thighs,1
6466,"1 large, ripe  avocado",1
6467,flour  tortillas,1
6468,75-100g mixed mushrooms,1
6469,cantaloupe  melon,1
6470,tofu pieces,1
6471,2 small or 1 medium courgette,1
6472,zest 1 unwaxed lemon,1
6473,live bio yogurt,1
6474,meat-free sausages skins,1
6475,feta-stuffed olives,1
6476,prune,1
6477,drizzle extra-virgin olive oil,1
6478,2tsp capers,1
6479,2tsp lemon juice,1
6480,2tsp extra virgin olive oil,1
6481,lean beef steak mince,1
6482,1tbsp cocoa powder,1
6483,2tbsp caster sugar,1
6484,2tbsp arla lactofree spreadable butter,1
6485,little splash  vinegar,1
6486,crispy chilli,1
6487,mixed spice ground cinnamon,1
6488,8  tangerines,1
6489,muffin,1
6490,1quantity tangerine curd,1
6491,orange candied peel,1
6492,preferably all-butter,1
6493,rounded tbsp apricot conserve,1
6494,chinese mushrooms,1
6495,cm piece ginger,1
6496,membrillo paste,1
6497,finger-tip length chunk fresh root ginger,1
6498,mixed candied citrus peel,1
6499,gluten-free  plain flour,1
6500,asian-style salad mix,1
6501,reduced sugar,1
6502,chicken about 1.8kg,1
6503,chopped  shallots,1
6504,grainy  mustard,1
6505,tomatoes seeds,1
6506,thick sourdough slices,1
6507,courgette 140g coarsely grated,1
6508,novelty candles optional,1
6509,a little food colouring paste,1
6510,1tbsp milk,1
6511,6tbsp sprinkles,1
6512,finger-thick slices,1
6513,ready-made vanilla,1
6514,chocolate-covered pretzels,1
6515,edible eye decorations,1
6516,red sugar-coated chocolate sweets,1
6517,generous handfuls baby salad,1
6518,boiling,1
6519,separate rib steaks,1
6520,sachet easy-blend yeast,1
6521,chocolate chips milk,1
6522,cherry cordial,1
6523,good-quality  lemonade,1
6524,2 large or 4 small  onions,1
6525,panch puran ground,1
6526,around 800g,1
6527,skin-on chicken legs,1
6528,glacier mints,1
6529,sauteed potatoes,1
6530,about 2kg/4lb,1
6531,cooking chorizo meat,1
6532,1medium cauliflower,1
6533,pot low-fat  natural yogurt,1
6534,wholemeal noodle nests,1
6535,shredded carrots,1
6536,roasted unsalted cashews,1
6537,1small duck,1
6538,half a 500g pack  bread mix,1
6539,easy blend yeast,1
6540,450-500ml/16-18fl,1
6541,round grain risotto rice,1
6542,large onion,1
6543,butternut squash peeled and coarsely grated,1
6544,pepperoni slices,1
6545,2:1 sugar syrup,1
6546,low-sodium salt,1
6547,your choice- anchovies,1
6548,coarse,1
6549,good quality pesto,1
6550,sliced stem ginger,1
6551,lime ½ juice,1
6552,acetate roll,1
6553,small palette knives,1
6554,3  pink grapefruits,1
6555,chicken thighs skins,1
6556,pepper seasoning,1
6557,japanese panko breadcrumbs,1
6558,raw thai sticky rice,1
6559,mixed leaf - watercress,1
6560,shop-bought kimchi,1
6561,even bite-size pieces,1
6562,pot gluten-free lemon curd yogurt,1
6563,batter,1
6564,1medium carrot,1
6565,finely chopped fresh  root ginger,1
6566,cape herb,1
6567,grated vegetarian cheddar,1
6568,jalapeño whole,1
6569,each mild chilli powder,1
6570,food thermometer,1
6571,cake,1
6572,fennel bulbs core,1
6573,white chocolate feathers,1
6574,ground  cloves,1
6575,boneless beef shin,1
6576,6 large or 12 small soft  tacos,1
6577,barley flakes,1
6578,sea purslane samphire,1
6579,mixed seasonal mushrooms,1
6580,candied fruits,1
6581,mixed sweet peppers,1
6582,pinch,1
6583,beef fillet,1
6584,drops,1
6585,ball buffalo  mozzarella,1
6586,pecorino romano,1
6587,mezzi,1
6588,mixed coloured quinoa,1
6589,roasted nori sheet,1
6590,sriracha mayonnaise,1
6591,frozen cauliflower florets,1
6592,mini garlic,1
6593,small-medium eating apples,1
6594,peanut butter smooth,1
6595,150g fresh or frozen raspberries,1
6596,yogurt cream,1
6597,pork shoulder excess fat,1
6598,pasilla chillies,1
6599,morita,1
6600,hominy,1
6601,fried tortilla chips,1
6602,bird’s-eye chilli,1
6603,cinnamon ginger,1
6604,8-hole doughnut tray,1
6605,la perruche sugar cubes,1
6606,rizazz pure basmati rice,1
6607,a spoonful natural yogurt,1
6608,frozen mixed  vegetables,1
6609,baked  beans,1
6610,freshly   blackberry,1
6611,good pinch sugar,1
6612,good pinch  saffron,1
6613,a dribble,1
6614,very dark chocolate,1
6615,dry pitted black olives,1
6616,chestnut pieces,1
6617,coarsely chopped fresh  parsley flatleaf,1
6618,spaghetti bucatini,1
6619,amalfi,1
6620,generous handfuls,1
6621,a good sized handful mangetout,1
6622,milk chocolate  digestive biscuits,1
6623,cheap  dark chocolate,1
6624,mini  chocolate eggs,1
6625,finely chopped  onions,1
6626,finely chopped  celery sticks,1
6627,finely chopped large garlic,1
6628,rinsed,1
6629,orange jelly cut,1
6630,orange marmalade,1
6631,each chopped chives,1
6632,good handful mixed baby salad,1
6633,a few slices,1
6634,shop-bought mini meringues,1
6635,peach nectar,1
6636,cloudy  lemonade,1
6637,each ground coriander cumin and chilli powder,1
6638,chocolate truffles,1
6639,good-quality dark rum,1
6640,good-quality vanilla extract,1
6641,sliced black olives,1
6642,pot 0%  natural yogurt,1
6643,chunky fillets,1
6644,caramel popcorn,1
6645,corn tortilla chips,1
6646,salsa hot pepper sauce,1
6647,any larger ones,1
6648,fine capers,1
6649,peach cordial,1
6650,strawberry cordial,1
6651,malted milk drink powder,1
6652,chocolate coated malt balls,1
6653,sweet pimenton,1
6654,dime,1
6655,each garam masala ground coriander,1
6656,tsp sugar,1
6657,a few sliced strawberry,1
6658,heaped tbsp grated paneer cheese,1
6659,venison shoulder,1
6660,braised cavolo nero,1
6661,good-quality  korma paste,1
6662,black onion seed,1
6663,lamb fillet,1
6664,gigante,1
6665,chicken bouillion powder,1
6666,sliced onions tomatoes,1
6667,chicken boullion powder,1
6668,1 small or medium chicken,1
6669,a few dill fronds,1
6670,4 tbsp medium or  dry sherry,1
6671,butternut squash chopped,1
6672,green cardamom pods pods,1
6673,even-sized pieces,1
6674,extra coriander,1
6675,slim young  leek thickly sliced,1
6676,1large carrot,1
6677,seville orange marmalade,1
6678,day-old crusty white bread crusts,1
6679,lotus biscuits,1
6680,half ciabattas,1
6681,pimm's no,1
6682,violet essence,1
6683,violet and pink food colourings,1
6684,two french-trimmed racks,1
6685,tub low-fat crème fraîche,1
6686,watercress spinach,1
6687,star cookie cutters,1
6688,clear lemonade,1
6689,1cm-thick chips,1
6690,dessicated coconut,1
6691,pink edible food colouring optional,1
6692,bundle dried thread rice noodles,1
6693,stir-fry vegetable - go,1
6694,half finger-length fresh root ginger,1
6695,coffee ice cream,1
6696,dry-cured boneless,1
6697,hot english mustard,1
6698,biscoff biscuit spread,1
6699,jarred roasted red pepper,1
6700,cooked white bean,1
6701,steamed brown rice,1
6702,generous handful mint,1
6703,vegan ‘chicken’ pieces,1
6704,chipotles,1
6705,mediterranean veg,1
6706,rigatoni penne,1
6707,sized onion,1
6708,'light',1
6709,white long grain rice,1
6710,ready-cooked lentils,1
6711,400-450ml almond milk,1
6712,leftover hard cheese,1
6713,leftover blue,1
6714,rich shortcrust pastry,1
6715,about 3 small bunches,1
6716,baby cos lettuce,1
6717,salad cress,1
6718,jarred  black beans,1
6719,cooked chips,1
6720,ready grated horseradish,1
6721,sliced mushrooms,1
6722,citric acid,1
6723,cold black tea,1
6724,sachet  wine yeast,1
6725,campden tablet,1
6726,coriander 1/2,1
6727,juice 1/2 lime remaining,1
6728,vegan butter,1
6729,800g-1,1
6730,soft cheese blinis,1
6731,sweetcorn nibblets,1
6732,1 or 2  avocados,1
6733,microwave coconut rice,1
6734,vegetarian shredded suet,1
6735,red and white cabbage,1
6736,thumb-length piece,1
6737,masala  curry paste,1
6738,peeled cooked tiger prawn,1
6739,fresh white crabmeat,1
6740,french baguettes,1
6741,cooked plain beetroot,1
6742,unsmoked,1
6743,raw baby beetroots,1
6744,150ml/ ¼ pint double cream,1
6745,mixed forest fruits,1
6746,quality fruit jam,1
6747,citrus juice,1
6748,mixed salad leaf,1
6749,mixed frozen berries,1
6750,mixed heritage tomatoes,1
6751,cabernet sauvignon vinegar,1
6752,crisp salad,1
6753,roast chicken pieces,1
6754,rectangular sheets,1
6755,hazelnut milk,1
6756,cocoa nibs,1
6757,padron pepper,1
6758,charred lemon halves,1
6759,echalion shallots,1
6760,salted toasted peanuts,1
6761,raw beetroots,1
6762,lean minced steak,1
6763,dark dairy-free  chocolate,1
6764,tsp fine sea salt,1
6765,mini pumpkins,1
6766,dried apricots,1
6767,halloween decorations,1
6768,good handful mixed salad,1
6769,cooked baby beets,1
6770,pot 0% bio-yogurt,1
6771,soy yogurt,1
6772,baps,1
6773,cooked boneless,1
6774,oregano sprigs leaves,1
6775,several eucalyptus sprigs,1
6776,fresh bay leaves,1
6777,dairy-free  butter,1
6778,1tsp xanthan gum,1
6779,1tsp cream,1
6780,1tsp white wine vinegar,1
6781,cooked sweet potato,1
6782,fresh tomato and chilli sauce,1
6783,freshly picked  thyme leaf,1
6784,a big handful,1
6785,mini chicken breast fillets,1
6786,vegetable stock granules,1
6787,passion fruits pulp,1
6788,fat green mild chilli,1
6789,3large  garlic,1
6790,8medium bone,1
6791,chilli-ginger garnish,1
6792,bitter  beer,1
6793,ready roasted chicken breasts,1
6794,each frozen sweetcorn,1
6795,a bamboo steamer,1
6796,really soft butter,1
6797,pink  food colouring,1
6798,sourdough loaf,1
6799,alpine,1
6800,mixed root veg,1
6801,semi-dred tomato,1
6802,½l strong vegetable stock,1
6803,multigrain wraps,1
6804,1tbsp neutral oil,1
6805,white chia seeds,1
6806,3medium parsnips,1
6807,2sprigs fresh  rosemary,1
6808,2large bay,1
6809,about 140-175g/5-6oz,1
6810,basmati pilaff,1
6811,organic red fruits compote,1
6812,75-100ml amaretto liqueur,1
6813,finely ground  pistachios,1
6814,rich tea biscuit,1
6815,white  malteser,1
6816,mini marshmallow,1
6817,cake crumbs,1
6818,shredded  basil,1
6819,extra-lean pork sausages,1
6820,10 cloves plus extra,1
6821,salmon brown pieces,1
6822,picked and washed  frisée salad,1
6823,ready-cooked brown basmati rice,1
6824,4medium salsify,1
6825,4small red onions,1
6826,pork fillets,1
6827,strong espresso,1
6828,fresh flat leaf  parsley,1
6829,about 300g/11oz mincemeat,1
6830,freshest sushi-grade tuna,1
6831,starfruit,1
6832,guava juice,1
6833,chopped fresh ginger root,1
6834,sweet corn kernels,1
6835,scallions,1
6836,finely chopped curry,1
6837,deggi mirch spice blend,1
6838,amchoor powder,1
6839,skinned lemon sole fillets,1
6840,heaped tbsp tahini,1
6841,juice ½  lime,1
6842,baby potato,1
6843,1tbsp wholegrain mustard,1
6844,leeks well washed and sliced,1
6845,each cinnamon coriander,1
6846,maltesers®,1
6847,skinless white fish,1
6848,142 or 284 ml,1
6849,scoops toffee,1
6850,roughly chopped salted peanuts,1
6851,caramel wafer,1
6852,turkish pepper paste,1
6853,pandan leaf,1
6854,raw cashew nuts,1
6855,curry leaf sprigs leaves,1
6856,ready-made garlic baguettes,1
6857,lighter mature cheddar,1
6858,steamed asparagus,1
6859,skinned  cod fillets,1
6860,leftover chicken legs skin,1
6861,heaped tbsp  dairy-free yogurt,1
6862,tandoori curry paste,1
6863,1large courgette yellow,1
6864,stoned  black olive,1
6865,6tbsp vinaigrette,1
6866,thick  smoked bacon rashers,1
6867,¼kg new potato,1
6868,crabmeat mix,1
6869,baby cherry tomatoes,1
6870,freshly brewed espresso coffee,1
6871,taco seasoning,1
6872,spicy tomato salsa,1
6873,shredded monterey jack,1
6874,mexican crema,1
6875,sliced red,1
6876,pico de gallo,1
6877,85g fresh or frozen peas,1
6878,lean gammon,1
6879,head fennel,1
6880,part-baked white baguettes,1
6881,frozen scampi,1
6882,pint beef stock,1
6883,old-fashioned oats,1
6884,skinless boneless chicken breast fillet,1
6885,cucumber sticks,1
6886,red pepper strips,1
6887,white  sourdough,1
6888,any bruised leaves,1
6889,1½l full-fat milk,1
6890,curly lettuce leaves,1
6891,pink meringues,1
6892,strawberry lace sweets,1
6893,bramble  jelly,1
6894,green and red  food colouring,1
6895,holly-shaped cutter,1
6896,assorted crystallised fruit,1
6897,one piece,1
6898,rounded tbsp apricot jam,1
6899,grand marnier cointreau,1
6900,crystallised fruits,1
6901,herring fillets,1
6902,8 thin slices,1
6903,cow’s milk,1
6904,freshly ground beans,1
6905,box soft amaretti biscuits,1
6906,a few extra oranges,1
6907,1½kg potato,1
6908,skinless  duck breasts,1
6909,minced veal,1
6910,225g dried or fresh egg noodles,1
6911,packet mozzarella cheese,1
6912,mangetout finely shredded,1
6913,2 tsp vegan bouillon powder,1
6914,cooked red and white quinoa,1
6915,a whole cucumber,1
6916,half-handfuls (roughly 320g,1
6917,a sushi mat,1
6918,a bowl,1
6919,vacuum-packed bags  sauerkraut leaves,1
6920,white bread crust,1
6921,polenta soured cream,1
6922,"2  large, skinless chicken breasts",1
6923,half a 690ml jar passata,1
6924,half a 125g ball light mozzarella,1
6925,4-8 wedges,1
6926,meatball,1
6927,200ml-250ml  milk,1
6928,loose leaf  black tea leaves,1
6929,about 500g leftover turkey,1
6930,spicy vegetable traybake,1
6931,cashew nuts,1
6932,almond thins,1
6933,wheat starch,1
6934,few  sprinkles,1
6935,chopped  chocolate,1
6936,strawberry-flavoured laces,1
6937,liquorice allsorts,1
6938,anchovy-stuffed olives,1
6939,about 2 juicy limes,1
6940,natural tortilla chips,1
6941,bread white,1
6942,a   vanilla pod,1
6943,a little mayonnaise,1
6944,few lettuce leaves,1
6945,condensed sweetened milk,1
6946,1oz butter,1
6947,1oz flour,1
6948,1l/ 1.75 pints,1
6949,vegetable  stock,1
6950,larger carrots,1
6951,pint vegetable stock,1
6952,pork and apple sausages,1
6953,1 or 2 clementines,1
6954,carton half-fat crème fraîche,1
6955,140g-175g plain flour,1
6956,couple handfuls lamb's lettuce,1
6957,each almond cashews,1
6958,mint green food colouring paste,1
6959,silver and coloured dragees,1
6960,edible disco white hologram glitter,1
6961,conchiglioni,1
6962,loose leaf jasmine tea,1
6963,thinly sliced chorizo,1
6964,firm peaches,1
6965,a good splash,1
6966,carton  beef stock,1
6967,a little cold water,1
6968,air-dried ham,1
6969,1⁄4 red onion,1
6970,whipped whisky cream,1
6971,all butter shortbread biscuits,1
6972,bite size florets,1
6973,soft wholemeal flatbreads,1
6974,gluten-free fish sauce,1
6975,chopped  celery,1
6976,½l boiling vegetable stock,1
6977,salmon three-quarters,1
6978,mascarpone lite,1
6979,thin slices bayonne ham,1
6980,cauliflower heads,1
6981,egg-free lasagne sheets,1
6982,cauliflower stalk,1
6983,fat green jalapeño chillies,1
6984,ripe yellow peaches,1
6985,1-1.5 kg boneless pork leg,1
6986,a few  thyme sprigs leaves,1
6987,2large banana shallots,1
6988,udon noodle,1
6989,coloured hundreds,1
6990,yellow food colouring paste,1
6991,2small wholewheat tortillas,1
6992,few dill sprigs,1
6993,about 140g mincemeat,1
6994,good-quality tomato pasta sauce,1
6995,cinnamon bark,1
6996,each red and  yellow peppers,1
6997,chicken wing tips,1
6998,boiled white rice,1
6999,ripe  nectarines,1
7000,peach vodka,1
7001,a few  lemon balm,1
7002,baby mushrooms,1
7003,10% fat greek-style yogurt,1
7004,square cake tins,1
7005,cake lifter,1
7006,small or medium  palette knife,1
7007,ruler,1
7008,cloudy  apple juice,1
7009,crystalised ginger,1
7010,extra-virgin rapeseed oil,1
7011,1rounded tbsp,1
7012,each  onion granules,1
7013,each dried  thyme,1
7014,1 cube,1
7015,1.5lbs minced meat,1
7016,chicken oxo cube,1
7017,frozen gyoza dumplings,1
7018,1 large or 2 small fennel bulbs,1
7019,lb 8oz parsnips,1
7020,very ripe nectarines,1
7021,little strands,1
7022,soft-set  strawberry jam,1
7023,each lemon juice,1
7024,conchiglione pasta,1
7025,aperitif wine,1
7026,strip orange zest,1
7027,300g/11oz pack chocolate chip cookie dough,1
7028,each cornflour,1
7029,generous splash worcestershire sauce,1
7030,2 stock cubes,1
7031,blanched almonds 1⁄2,1
7032,brandy butter custard,1
7033,tomato amber,1
7034,french dressing,1
7035,deli veggies,1
7036,wafer-thin smoked ham,1
7037,good-quality lager,1
7038,pizza dough mix,1
7039,salt cod,1
7040,the pickling brine,1
7041,poussin legs,1
7042,chaat masala optional,1
7043,gruyères,1
7044,little butter,1
7045,squeezy mustard,1
7046,few cooked rashers,1
7047,few  gherkins,1
7048,greek-style coconut flavoured yogurt,1
7049,sweet chilli sauce lime wedges,1
7050,black  grapes,1
7051,holly,1
7052,20cm/8 inch round fruitcake,1
7053,just ripe figs,1
7054,a few kumquat,1
7055,a few physalis,1
7056,the almonds,1
7057,tulum,1
7058,splodge tomato purée,1
7059,1 or 2 small garlic bulbs,1
7060,oyster mushroom,1
7061,about 150ml,1
7062,baby  carrots,1
7063,thyme rosemary,1
7064,white writing,1
7065,2tbsp sun-dried tomato purée,1
7066,1tbsp worcestershire sauce,1
7067,baked potatoes,1
7068,250ml whole or semi-skimmed  milk,1
7069,peanut butter cookies,1
7070,thin-cut minute steaks,1
7071,just ripe  bananas,1
7072,sachet korma curry paste,1
7073,good pinches saffron,1
7074,fresh  herb,1
7075,butter really soft,1
7076,hard  nougat,1
7077,steamed milk,1
7078,each  tarragon leaves,1
7079,fresh or frozen  blackberry,1
7080,1small white onion,1
7081,ripe cooking plums,1
7082,groundnut/,1
7083,sized tomatoes,1
7084,full bag,1
7085,a dessert,1
7086,balloons,1
7087,the vine,1
7088,pastrami,1
7089,chips,1
7090,linguine pasta,1
7091,very finely chopped dill,1
7092,2tbsp juniper berries,1
7093,2tbsp pomegranate,1
7094,3tbsp caster sugar,1
7095,natural whole-milk yogurt,1
7096,gluten-free breadcrumb,1
7097,grated dairy and lactose-free cheese,1
7098,175g fresh or frozen cranberry,1
7099,pot fresh vanilla custard,1
7100,about 25 whole cloves,1
7101,ready-diced butternut squash,1
7102,sweet tomatoes,1
7103,5%  beef mince,1
7104,butternut squash skin,1
7105,finely chopped fresh rosemary,1
7106,short bamboo skewers,1
7107,bar  white chocolate,1
7108,crunchy butter biscuit,1
7109,tagine spice blend,1
7110,ready-made crispy onions,1
7111,minute steaks,1
7112,grated vegetarian parmesan-style cheese,1
7113,powdered porcini,1
7114,big jar  cherry compote,1
7115,bought chocolate loaf cake,1
7116,top tier,1
7117,middle tier,1
7118,bottom tier,1
7119,half a 454g jar apricot jam,1
7120,mini tortilla wraps,1
7121,grated vegetarian  cheddar,1
7122,pt white wine,1
7123,a dressed salad,1
7124,chunky breadcrumbs,1
7125,small head savoy cabbage,1
7126,a few fresh thyme sprigs,1
7127,hot grated horseradish,1
7128,hot strong black tea,1
7129,fig hard stalks,1
7130,self-raising wholemeal flour,1
7131,mixed  nuts,1
7132,golden  linseed,1
7133,leftover cooked roast chicken,1
7134,chewing gum,1
7135,mini  sugar blossoms,1
7136,coloured cake board,1
7137,wooden skewer,1
7138,coloured  sandwich flags,1
7139,2 large or 4 small  salmon fillets,1
7140,rib steak,1
7141,good-quality lemon curd,1
7142,fruit cake - 500g/1lb2oz,1
7143,lemon cake - 1kg/2lb4,1
7144,mini cooking chorizo sausages,1
7145,leftover roasted vegetables,1
7146,zest juice,1
7147,pre-made large pancakes,1
7148,finely grated gruyère,1
7149,1-inch cubes,1
7150,crushed ginger,1
7151,ribboned carrot,1
7152,ribboned cucumber,1
7153,chopped chillies,1
7154,about 100g vegetarian,1
7155,oranges segments,1
7156,turkey mini breast fillets,1
7157,romaine lettuce heart,1
7158,vegan pesto,1
7159,mixed rocket,1
7160,extra virgin oilve oil,1
7161,cooked chicken slices,1
7162,few heads,1
7163,the best  custard,1
7164,dowelling rods,1
7165,korean chilli paste,1
7166,plenty greaseproof paper,1
7167,thick 35cm diameter  silver cake drum,1
7168,long serrated knife,1
7169,palette  knife,1
7170,long  roll ing pin,1
7171,strong kitchen scissors,1
7172,ivory ribbon,1
7173,artist's  paintbrush,1
7174,punch parsley,1
7175,wholeweat spaghetti,1
7176,jerk barbecue sauce,1
7177,chopped dates,1
7178,heaped tbsp chunky marmalade,1
7179,a few pinches poppy seeds,1
7180,free-range sausagemeat,1
7181,creamed horseradish sauce,1
7182,mature chedder,1
7183,turkish chilli flakes,1
7184,lean lamb leg meat,1
7185,litres/2 pints,1
7186,2tbsp avocado oil,1
7187,2tbsp garam masala,1
7188,coriander ½,1
7189,mince lamb,1
7190,leftover roast vegetables,1
7191,leftover cooked stuffing sausages,1
7192,braised red cabbage,1
7193,unhomogenised coconut milk,1
7194,buckwheat noodles,1
7195,diced turnip,1
7196,cubed beef,1
7197,skinless chicken legs fat,1
7198,tub top-quality,1
7199,the stem ginger jar,1
7200,1sprig fresh  thyme leaves,1
7201,half a 500g pack puff pastry,1
7202,ripe log,1
7203,tender stem broccoli,1
7204,2tsp fresh ginger,1
7205,beef suet,1
7206,soft  blue cheese gorgonzola,1
7207,kidneys,1
7208,half an 85g bag  watercress,1
7209,1.5-2kg whole sea bream,1
7210,4 large or 8 small soft burger rolls,1
7211,chocolate sweets,1
7212,"½ medium, ripe avocado",1
7213,granola http://www.bbcgoodfood.com/user/824572/recipe/golden-granola,1
7214,lemon half juiced,1
7215,ripe grapefruit,1
7216,dried apple crisps,1
7217,firm white fish fillets,1
7218,8  limes,1
7219,good pinch caster sugar,1
7220,ripe  mangoes,1
7221,birds-eye  chillies,1
7222,the stalks,1
7223,about 400g white caster sugar,1
7224,lean stewing steak,1
7225,small  white cabbage,1
7226,paprika powder,1
7227,good quality fresh custard,1
7228,tub low-fat guacamole,1
7229,tub salsa,1
7230,coriander sliced red chillies,1
7231,hazelnut chocolates,1
7232,chopped roasted hazelnut,1
7233,low-fat  cream cheese,1
7234,a few  tarragon,1
7235,sugar pearls,1
7236,full-fat  cream cheese,1
7237,marshmallow,1
7238,rice krispies,1
7239,seasonal green  lettuce,1
7240,cooked  beetroot fresh,1
7241,300g/10oz thick sirloin steak,1
7242,chocolate stars edible gold spray,1
7243,ripe but firm bananas,1
7244,skinless smoked haddock,1
7245,overripe banana mashed,1
7246,tub half-fat soured cream,1
7247,zest 1 lime cut,1
7248,crispy fried shallots,1
7249,85g-100g golden caster sugar,1
7250,85g/3oz pecan halves,1
7251,good quality pork sausage,1
7252,five spice,1
7253,dressed  bitter,1
7254,very small garlic clove,1
7255,leek cut,1
7256,dijion mustard,1
7257,mascarpone soft cheese,1
7258,any tough stalks,1
7259,cold double cream,1
7260,marinated anchovy,1
7261,heads fennel,1
7262,a little english mustard,1
7263,low-sugar ketchup,1
7264,wooden,1
7265,thai sticky rice,1
7266,unsweetened coconut milk,1
7267,skinless  salmon fillet pin-boned,1
7268,skinless  cod fillet,1
7269,skinless  smoked haddock fillet,1
7270,brisket joint,1
7271,green regal  icing,1
7272,thick sliced ham,1
7273,fruit and,1
7274,125g fresh or frozen baby broad beans,1
7275,mixed baby leaf salad,1
7276,small savoy cabbage,1
7277,tuna fillets,1
7278,granny smiths apples,1
7279,3tbsp flavourless cooking oil,1
7280,fish stock fresh,1
7281,quick-to-cook greens,1
7282,170-200g frozen,1
7283,sweetcorn per person,1
7284,tiny pieces,1
7285,semi-waxy potatoes,1
7286,sliced  red onion,1
7287,stale french stick,1
7288,"handful fresh, chopped coriander",1
7289,red regal icing,1
7290,white regal icing,1
7291,quick-cook barley,1
7292,"100g whole, skin-on almonds",1
7293,packet potato  gnocchi,1
7294,medium-flavoured soft blue cheese,1
7295,cooked thin and crispy,1
7296,shop-bought  lamb meatballs,1
7297,harrisa,1
7298,lamb's livers,1
7299,spicy fennel sausages meat,1
7300,maltagliati pasta,1
7301,chard about 340g,1
7302,white chocolate curls,1
7303,chipolata-sized pigs,1
7304,chopped soft  herbs,1
7305,fine fresh white breadcrumbs,1
7306,taleggio cheese rind,1
7307,"300g fresh, canned",1
7308,1⁄2 red chilli,1
7309,morello,1
7310,braising beef,1
7311,chunky dice,1
7312,black tea,1
7313,200g fresh or frozen raw king  prawns,1
7314,beef broth,1
7315,hamburger buns,1
7316,chile sauce,1
7317,thin-cut seville orange marmalade,1
7318,heaped tbsp almond butter,1
7319,500g-600g undyed smoked haddock fillet,1
7320,1⁄4 tsp chilli flakes,1
7321,coarsley,1
7322,medium-large ripe tomatoes,1
7323,boxed fruity panettone,1
7324,extra stilton,1
7325,fizzy water,1
7326,unroll-and-bake sheet,1
7327,½ cup,1
7328,250g tub mascarpone,1
7329,tsp paprika,1
7330,golden  pineapples,1
7331,lb ground beef,1
7332,sweet smoked  paprika,1
7333,crab,1
7334,diced braising steak,1
7335,a large bunch  flat-leaf parsley,1
7336,5mm dice,1
7337,salt-free chicken,1
7338,few dog biscuits,1
7339,firm dark brown sugar,1
7340,100g/4oz fresh,1
7341,greek  yogurt,1
7342,thick wedges,1
7343,free-range oven-ready turkey,1
7344,baby  cucumber,1
7345,gluten-free dijon mustard,1
7346,black vodka,1
7347,black sanding sugar,1
7348,pineapple wedge and maraschino cherry,1
7349,2 egg whites,1
7350,gluten-free  wholegrain mustard,1
7351,tomato-based pasta sauce,1
7352,1 ready-roasted chicken,1
7353,chopped fresh tomato,1
7354,very large chunks,1
7355,basmati rice naan,1
7356,thick salmon fillet skinned,1
7357,curly  kale,1
7358,steamed waxy new potatoes,1
7359,dry white vermouth,1
7360,chilled  unsalted butter,1
7361,thumbsized piece,1
7362,lapsang souchong tea leaves,1
7363,green tea,1
7364,sweetcorn frozen,1
7365,pouch ready-cooked long-grain and,1
7366,low-fat soured cream,1
7367,packet royal icing sugar,1
7368,iced party ring biscuits,1
7369,chocolate coated biscuit sticks,1
7370,dolly mixture sweets,1
7371,black  food colouring,1
7372,lego firemen,1
7373,skinless firm  white fish fillets,1
7374,maldon sea salt,1
7375,few snipped  dill sprigs,1
7376,1½tbsp finely chopped fresh  root ginger,1
7377,coarse-grain mustard,1
7378,butternut squash peeled and sliced,1
7379,low-fat  greek yogurt,1
7380,cubed chorizo,1
7381,very thinly sliced beef bulgogi meat,1
7382,unpeeled firm but ripe pear,1
7383,roasted crushed sesame seeds,1
7384,generous squeeze juice,1
7385,a few sprigs coriander,1
7386,thick white bloomer slices,1
7387,soft pitted dates,1
7388,400g cans,1
7389,tangerine segments,1
7390,peeled pineapple,1
7391,peeled kiwi fruit,1
7392,1.3-1.5kg/3-3½lb corn-fed chicken,1
7393,finely chopped  spring onions,1
7394,baby rocket salad,1
7395,fingers,1
7396,fat  red chilli,1
7397,½tsp vanilla extract,1
7398,chicken powder,1
7399,250g-300g  greek yogurt,1
7400,radishes fennel,1
7401,pot  cream cheese,1
7402,kiwi fruit cut,1
7403,dry  rosé,1
7404,penne farfalle,1
7405,medium-sized chunks,1
7406,fish  stock,1
7407,icelandic cod fillet,1
7408,fresh chilli remove seeds,1
7409,2 or 3 grindings,1
7410,pink apple,1
7411,wholemeal sourdough bread,1
7412,hemp hearts,1
7413,couscous flavoured,1
7414,sheets medium egg noodles,1
7415,thin bite-sized slices,1
7416,pouch cooked  basmati rice,1
7417,each ground allspice,1
7418,nasi goreng paste,1
7419,wholewheat noodle,1
7420,bengal gram,1
7421,black cumin seeds,1
7422,shredded  mint,1
7423,good-quality pork sausagemeat,1
7424,cooked   ham meat,1
7425,favourite seasonal vegetables,1
7426,wooden chopsticks,1
7427,fresh or roasted fruit,1
7428,1⁄2 tsp vanilla bean paste,1
7429,vegan yogurt,1
7430,cooked salmon,1
7431,large even-sized chunks,1
7432,pepper sauce,1
7433,thai tea,1
7434,2medium parsnips,1
7435,maldon salt,1
7436,ground  ginger,1
7437,mini gingerbread,1
7438,brik pastry,1
7439,keto bread,1
7440,microwave pouch,1
7441,vegetable peeler,1
7442,roasting tin,1
7443,dark chocolate curls,1
7444,long slices rye bread,1
7445,hot smoked peppered mackerel,1
7446,1⁄2 litres low-salt chicken stock,1
7447,low-salt stock cubes,1
7448,good-quality feta,1
7449,spice mix,1
7450,boned leg,1
7451,medium-to-large savoy cabbage,1
7452,diced skinless turkey thigh,1
7453,sugar seasoning,1
7454,550g/ml water,1
7455,smaller pieces,1
7456,omega-3 enriched eggs,1
7457,spare rib cut,1
7458,100g bag watercress,1
7459,haricot,1
7460,a little liquid,1
7461,shop-bought puff pastry,1
7462,soya custard,1
7463,unsweetened apple sauce,1
7464,ready-made gyoza skins,1
7465,a 1½cm piece,1
7466,cooking saké,1
7467,dressed chicory leaves,1
7468,cooked skinless turkey,1
7469,a  pomegranate,1
7470,turkish delight optional,1
7471,a 350g/12,1
7472,head  romaine lettuce,1
7473,thumb size piece,1
7474,1tsp garam masala,1
7475,1tsp cumin,1
7476,approx 150g greek yoghurt,1
7477,red chicory head,1
7478,generous handfuls watercress,1
7479,few  sage,1
7480,chunky skinless cod fillet,1
7481,thinly sliced seed bread,1
7482,chopped  pistachio,1
7483,prepared crab fresh,1
7484,sunflower seed flour,1
7485,gluten-free penne,1
7486,½ml,1
7487,good splash apple juice,1
7488,apple slice,1
7489,citrus-heavy gin,1
7490,full-flavoured tonic,1
7491,dangmyun,1
7492,7tbsp vegetable oil,1
7493,frying steak,1
7494,finely ground white pepper,1
7495,cured meat,1
7496,jumbo  oats,1
7497,a vegetarian hard cheese,1
7498,good grind,1
7499,a few gherkins,1
7500,tsp thyme,1
7501,british raspberries,1
7502,toasted pittas,1
7503,soured cream guacamole,1
7504,a pack puff pastry,1
7505,breadcrumbs fresh,1
7506,2 tsp lemon juice,1
7507,pink edible metallic lustre dust,1
7508,sandwich tins,1
7509,electric whisk,1
7510,palette knife,1
7511,side scraper,1
7512,open star piping nozzle,1
7513,frozen mixed roasted veg,1
7514,dried date,1
7515,sweetened  dried cranberries,1
7516,light brown  sugar,1
7517,strips orange skin,1
7518,free-range chicken thigh skin,1
7519,sachet instant dried yeast,1
7520,skinless salmon fillet cut,1
7521,trimmed,1
7522,fleur de sel sea salt,1
7523,about 650g strawberries,1
7524,175g/6oz cod fillets,1
7525,pork loin skin,1
7526,strips lemon zest,1
7527,basil sprigs,1
7528,2 fresh mint sprigs,1
7529,finely shredded ginger,1
7530,reduced-salt vegetable stock cube,1
7531,buckwheat soba noodles,1
7532,stem ginger syrup,1
7533,mandarins,1
7534,rolled and,1
7535,good quality cider,1
7536,no-salt sweetcorn,1
7537,baby spinach leaf,1
7538,300g/11oz caramel,1
7539,roasted  peanut,1
7540,big scoops vanilla ice cream,1
7541,raw chorizo,1
7542,greek-style,1
7543,mixed  peppercorns,1
7544,tub low-fat soft cheese,1
7545,a few drops arbequina,1
7546,chocolate chips nuts,1
7547,sharp eating apples,1
7548,watermelon liqueur,1
7549,herb passata,1
7550,a salad,1
7551,carrot shaved,1
7552,a bag,1
7553,each hemp,1
7554,each red and green jelly,1
7555,pork spare rib,1
7556,heaped tbsp dark soft brown sugar,1
7557,dark soft  brown sugar,1
7558,tsp mincemeat,1
7559,skinned haddock fillet,1
7560,skinned salmon fillet,1
7561,skinned smoked,1
7562,big scoops chocolate ice cream,1
7563,small new potato,1
7564,pots brown and,1
7565,wholemeal wraps,1
7566,irish whiskey,1
7567,stalk  lemongrass,1
7568,green  bird's-eye chillies,1
7569,chopped coriander stalks,1
7570,level tsp shrimp paste,1
7571,heaped tbsp green curry paste,1
7572,green bird’s-eye chilli,1
7573,oven-ready pheasant legs,1
7574,bacon rasher,1
7575,leek roughly sliced,1
7576,carrot pur&eacute;e,1
7577,good-quality smoked hot dog sausages,1
7578,good quality bbq sauce,1
7579,young wild nettles,1
7580,finely chopped lemon thyme,1
7581,molasses sugar,1
7582,500-600g black  fondant,1
7583,rounded tbsp treacle,1
7584,cucumber three-quarters,1
7585,little splash red,1
7586,"8 small, thick slices brioche",1
7587,about 500g cooked chicken,1
7588,no-added-salt sweetcorn,1
7589,soft white sub rolls,1
7590,a split bagel,1
7591,a large slice,1
7592,thinly sliced garlic clove,1
7593,leftover roasted parsnips,1
7594,cajun spice blend,1
7595,1-1.2kg  bone-in half leg,1
7596,strong green tea,1
7597,batch tomatoes,1
7598,brandy sherry,1
7599,hot veg stock,1
7600,oranges peeled and sliced across,1
7601,ripe figs stalks,1
7602,stalks rosemary leaves,1
7603,ready-made vanilla custard,1
7604,prepared fresh baby  spinach,1
7605,fusilli pasta spirals,1
7606,pot full-fat greek yogurt,1
7607,weak  fish stock,1
7608,heaped tbsp cocoa,1
7609,fresh turmeric,1
7610,sherbet,1
7611,crispy chicken thighs,1
7612,wholemeal  pasta,1
7613,4 tbsp fresh or jar pesto,1
7614,brewed coffee,1
7615,12-hole mini bundt tin,1
7616,chunky white  fish fillets,1
7617,tip pen,1
7618,1tbsp cider vinegar,1
7619,1tbsp mustard,1
7620,cold unsalted  butter,1
7621,mixed pepper,1
7622,green  bean,1
7623,thin coins,1
7624,firm potatoes,1
7625,600-700g celeriac,1
7626,gluten-free  dark chocolate,1
7627,royal gala apples,1
7628,1 yellow pepper cut,1
7629,4 large or 8-12 small flour tortillas,1
7630,starchy potato,1
7631,chopped pumpkin seeds,1
7632,pot double,1
7633,spinach rocket,1
7634,jarred pickle,1
7635,a mild chilli sauce,1
7636,their own juice,1
7637,spiced fruit tea bags,1
7638,very low salt vegetable stock cube,1
7639,yogurt pitta bread,1
7640,2 large or 3 medium leeks,1
7641,tomatillos papery husks,1
7642,mixed green  salad,1
7643,about 6 ice cubes,1
7644,lime slice,1
7645,350-400g gravadlax,1
7646,a few  chive,1
7647,wild and basmati rice,1
7648,25g grated,1
7649,spaghetti linguine,1
7650,lean fat-trimmed fillet steak,1
7651,a tub low-fat soft cheese,1
7652,about 24 basil,1
7653,ready-rolled light puff pastry,1
7654,sweetcorn olives,1
7655,non-iodised salt,1
7656,mixed grain flour,1
7657,each  sesame,1
7658,about 15 coriander roots,1
7659,lime leaves stalks,1
7660,the ginger jar,1
7661,"500g small, raw beetroot",1
7662,large ones,1
7663,new-season carrot,1
7664,450g fresh or frozen  cranberries,1
7665,a few small,1
7666,red card,1
7667,glue stick,1
7668,slightly  salted butter,1
7669,the green part,1
7670,garlic cloves crushed and left,1
7671,chopped sushi ginger,1
7672,vegetarian soft  blue cheese,1
7673,140g/5oz boneless lamb leg,1
7674,punnets cherry tomatoes,1
7675,packet flatleaf parsley,1
7676,slim  spring onions,1
7677,1⁄2 tbsp red wine vinegar,1
7678,firm bananas,1
7679,cabana spicy malagueta marinade,1
7680,8 wedges - wear gloves,1
7681,spelt,1
7682,"2 large, firm  avocados",1
7683,medium-sized chunk ginger,1
7684,banana optional,1
7685,thick slice stale bread crusts,1
7686,field mushroom,1
7687,feta frittata - see 'goes,1
7688,wholegrain rice mix,1
7689,wild salmon fillet skin,1
7690,good-quality black olives,1
7691,zest 1/2 unwaxed lemon,1
7692,baby mozzarella balls,1
7693,liquid molasses,1
7694,rings,1
7695,curly kale tough stalks,1
7696,piri-piri marinade,1
7697,packet plain tortilla chips,1
7698,a few sliced spring onions,1
7699,a good chunk,1
7700,approx 900g/2lb cold cooked rice,1
7701,stoned green olives,1
7702,red  wine vinegar,1
7703,coloured icing pens,1
7704,halved pearl onions,1
7705,baked potato,1
7706,4.5-5.6kg/10-12lb bronze turkey giblets,1
7707,pigs-in-blankets,1
7708,sprinkling thyme,1
7709,each good-quality milk,1
7710,about a dozen,1
7711,sliced mango,1
7712,sugar single cream,1
7713,leftover cinnamon bun focaccia,1
7714,300-350ml warm water,1
7715,15g/½oz freshly grated parmesan,1
7716,boned/skinned salmon fillets,1
7717,inches root ginger,1
7718,frozen chopped  garlic,1
7719,skin-on duck breasts,1
7720,thick half slices,1
7721,cucumber de-seeded and ribboned,1
7722,coarse ground black pepper,1
7723,williams pears,1
7724,toasted buckwheat,1
7725,reserved pear juice,1
7726,perry,1
7727,real,1
7728,vegan cheese,1
7729,drained stem ginger,1
7730,holly sprigs,1
7731,2-egg batches,1
7732,french green beans,1
7733,400-500g chicken mini fillets,1
7734,cooking  oil spray,1
7735,50-60g parmesan,1
7736,non-alcoholic gin,1
7737,malted milk biscuit,1
7738,tubs full fat soft cheese,1
7739,a few lime wedges,1
7740,4 small fresh or dried lime,1
7741,1⁄2 cinnamon stick,1
7742,punnet blueberry,1
7743,pork fillet cut,1
7744,2tsp dijon mustard,1
7745,284ml or 300ml pot soured cream,1
7746,cooked rice potatoes,1
7747,half a  grated zest lemon,1
7748,medium-sized floury  potatoes,1
7749,active yeast,1
7750,herb  oil,1
7751,rough  sea salt,1
7752,roasted beef,1
7753,button chestnut mushroom,1
7754,white  mushroom,1
7755,carton fresh custard,1
7756,lb 1 oz cranberries,1
7757,port wine,1
7758,1small pack parsley,1
7759,frozen unsalted butter,1
7760,a 350g jar stem ginger,1
7761,carrots very finely chopped,1
7762,frozen vegetarian mince,1
7763,good quality milk chocolate,1
7764,very soft,1
7765,chicken about 1.8kg/4,1
7766,low-fat  coconut milk,1
7767,good handful beansprouts,1
7768,cucumber salad,1
7769,shredded ham meat,1
7770,fatty pork mince,1
7771,pickled silverskin onions,1
7772,coarse grain mustard,1
7773,brown card,1
7774,glittery letter stickers,1
7775,damsons,1
7776,hemisphere cake tin,1
7777,bite-sized slices,1
7778,hot mustard,1
7779,shredded iceberg lettuce,1
7780,2 green peppers,1
7781,8 soft corn tortillas,1
7782,bright orange fondant,1
7783,white chocolate sticks,1
7784,cake tins,1
7785,squeezy bottle,1
7786,"25g dried, fine breadcrumbs",1
7787,mini salami,1
7788,giant butter beans,1
7789,about 12 slices,1
7790,italian rustic bread,1
7791,210g cans butter beans,1
7792,good-quality   lemon curd,1
7793,pot half-fat crème fraîche,1
7794,brandy snap baskets,1
7795,heaped tbsp hummus,1
7796,2 small or 1 large celeriac,1
7797,300g/10oz pack,1
7798,sliced oranges,1
7799,young  asparagus,1
7800,spirali,1
7801,few good pinches,1
7802,grey mullet fillets,1
7803,gurnard fillets,1
7804,toasted slices,1
7805,japanese panko crumbs,1
7806,zest 1.5 oranges,1
7807,almond milk chocolate,1
7808,roughly chopped soft herbs,1
7809,roasted red pepper cut,1
7810,cocktail,1
7811,pots custard,1
7812,grated carrots,1
7813,orange blossom essence,1
7814,1glass  dry white wine,1
7815,reblochon cheese,1
7816,round rice paper sheets,1
7817,a handful small basil,1
7818,heaped tbsp  tomato purée,1
7819,baby onion,1
7820,canned pineapple slices,1
7821,garden  pea,1
7822,green  asparagus tips,1
7823,chicken liver pâté,1
7824,chopped chilli,1
7825,some shredded cooked chicken,1
7826,fresh lemon juice,1
7827,leftover chicken fat,1
7828,leftover roasted garlic,1
7829,oatibix,1
7830,4 lemons,1
7831,sausages meat,1
7832,fennel seeds black onion seeds,1
7833,strong coffee cold,1
7834,2heaped tbsp horseradish sauce,1
7835,5heaped tbsp crème fraîche,1
7836,dried  thyme,1
7837,king prawns shells,1
7838,mini rice cakes,1
7839,apricot conserve,1
7840,carrot sticks,1
7841,chopped toffee popcorn,1
7842,the-bone pork chops,1
7843,mini breadsticks,1
7844,baobab powder,1
7845,0.5 a lemon,1
7846,bow-shaped pasta,1
7847,kettle,1
7848,timer,1
7849,spoon,1
7850,sharp serrated knife,1
7851,extra sugar,1
7852,round cutters,1
7853,assorted gel food colourings,1
7854,coloured sugar balls,1
7855,disposable piping bag,1
7856,matching ribbon,1
7857,apple wedges,1
7858,young  broad bean,1
7859,1teacup,1
7860,passata rustica,1
7861,crusty white baps,1
7862,16medium english asparagus spears,1
7863,stoned black olives,1
7864,salted anchovy,1
7865,jar - kilner,1
7866,white  chocolate chip buttons,1
7867,2 bunches,1
7868,2tsp mustard powder,1
7869,2tbsp tahini,1
7870,sparkling wine,1
7871,picked basil,1
7872,whole-leaf kale,1
7873,tamarind chutney,1
7874,sev,1
7875,frozen  butternut squash chunks,1
7876,broccoli stalks,1
7877,ready-to-eat red & white quinoa,1
7878,half a small pack,1
7879,total 0% greek yogurt,1
7880,maris piper potatoes skin,1
7881,small-medium butternut squash,1
7882,edible wafer flowers,1
7883,3tbsp peri-peri sauce,1
7884,herby cumberland sausages,1
7885,boneless pork loin,1
7886,a generous pinch,1
7887,shredded spring greens,1
7888,golden breadcrumbs,1
7889,spinach pasta,1
7890,low fat soft cheese,1
7891,chilled ginger beer,1
7892,italian passata,1
7893,cinnamon syrup,1
7894,cava to top up,1
7895,slightly stale wholemeal crusty bread,1
7896,beef tenderloin,1
7897,good vegetable oil,1
7898,edible green and pink food colourings,1
7899,crystallised violets,1
7900,soft cheeses,1
7901,ready-rolled dorset pastry,1
7902,cooking chorizo casing,1
7903,tomato chutney,1
7904,dulche de leche,1
7905,400-500g icing sugar,1
7906,pink gel,1
7907,kitchen string,1
7908,frozen edamame soya beans,1
7909,butter lettuces,1
7910,chicken thigh skin,1
7911,1 chicken,1
7912,300g/11oz fresh pineapple,1
7913,frylight oil,1
7914,8 small or 4 large slices  ham,1
7915,hot-smoked salmon flakes,1
7916,sprinkle,1
7917,slightly stale white sourdough,1
7918,ripe red pepper,1
7919,kabocha,1
7920,dried or fresh curry,1
7921,warm fish,1
7922,half an english muffin,1
7923,strong  flour,1
7924,breakfast radish,1
7925,medium-hot red chillies,1
7926,quantity balinese spice paste,1
7927,light digestive biscuits,1
7928,100g medium or mild cheddar,1
7929,paprika roasties,1
7930,spoonfuls coriander seed cabbage,1
7931,goat,1
7932,inch cube root ginger,1
7933,scotch bonnet chilli pepper,1
7934,1cm/1/2in-thick rounds,1
7935,200ml/ 7fl,1
7936,each ground cinnamon,1
7937,three peppers,1
7938,brisket,1
7939,500-550ml  golden ale,1
7940,hot  beef stock,1
7941,yellowfin tuna,1
7942,'00'  flour,1
7943,artificial pink food colouring,1
7944,reduced-sugar tomato ketchup,1
7945,mango pickle mayo,1
7946,creamy beans,1
7947,steamed pak choi,1
7948,scotch bonnet  chilli,1
7949,appleton rum,1
7950,discovery,1
7951,small flakes,1
7952,peeled and toasted,1
7953,red thai  curry paste,1
7954,spicy mango,1
7955,chipolata,1
7956,pkt lean minced beef,1
7957,pkt chestnut mushroom,1
7958,pkts long-life long-life bacon brunch potato saute mix,1
7959,steamed  broccoli,1
7960,light halloumi,1
7961,mixed  peppers,1
7962,8 small or 4 large  tortilla wraps,1
7963,mini cocktail  sausages,1
7964,we,1
7965,unpeeled bananas,1
7966,green  tissue paper,1
7967,flowerpot,1
7968,your favourite sauces,1
7969,frozen kunafah,1
7970,pure butter ghee,1
7971,rough chunks,1
7972,shop-bought toffee sauce,1
7973,¼kg plums,1
7974,long 5mm thick slices,1
7975,vine-ripened plum tomatoes,1
7976,dressed green leaves,1
7977,chopped kalamata olives,1
7978,middle eastern flatbread,1
7979,spring onions rice,1
7980,140g/5oz swede,1
7981,100g/4oz onion,1
7982,green  sugar paste,1
7983,curved star point  piping nozzle,1
7984,styrofoam ball,1
7985,trimmed pork shoulder,1
7986,half a 250g/9oz bag baby spinach,1
7987,12 fresh or defrosted frozen raspberries,1
7988,mixed  dried fruit,1
7989,festively shaped ginger biscuits,1
7990,green and red food colouring gel,1
7991,4-5kg raw smoked  ham,1
7992,30-40 whole cloves,1
7993,everything bagel seasoning,1
7994,firm  pears,1
7995,french bâton,1
7996,chunky fish fillets,1
7997,tartare,1
7998,fl oz chicken,1
7999,3tbsp coconut oil,1
8000,¼tsp salt,1
8001,hot-smoked  trout fillets,1
8002,fine matchsticks,1
8003,radish coarsely grated,1
8004,round pieces,1
8005,cooked and peeled prawns,1
8006,mixed  peel,1
8007,good-quality orange marmalade thin,1
8008,sweet vanilla cream,1
8009,flat leaf parsley leaves,1
8010,quantity  smoky chilli sauce,1
8011,the-cobs,1
8012,shop-bought spicy rice,1
8013,ball light mozzarella,1
8014,irish stout,1
8015,gluten-free self-raising flour blend,1
8016,seed & grain  bread flour,1
8017,lean pork escalopes,1
8018,baby romaine lettuces,1
8019,mini cooking chorizo skins,1
8020,chopped fresh chives,1
8021,chopped fresh sage,1
8022,organic clear honey,1
8023,organic  extra-virgin olive oil,1
8024,sachet dried fast-acting yeast,1
8025,packet sliced pancetta,1
8026,heaped tbsp mint,1
8027,green fondant,1
8028,pink and purple food colouring gels,1
8029,double-strength orange cordial,1
8030,2  limes zest,1
8031,caster sugar optional,1
8032,about 24 foil petit four cases,1
8033,mini muffin tins,1
8034,strong bread  flour,1
8035,dark sourdough loaf,1
8036,celery heads,1
8037,390g can or jar artichoke heart,1
8038,½large onion,1
8039,unpeeled sweet potatoes,1
8040,avocado destoned,1
8041,lb 5oz pork shoulder,1
8042,red  cabbage,1
8043,vacuum-packed  chestnuts,1
8044,40g plain or lightly salted popcorn,1
8045,handful fresh or frozen broccoli florets,1
8046,cooled,1
8047,low-salt vegetable,1
8048,combined weight fresh flatleaf parsley,1
8049,"4 medium, firm but ripe mangoes",1
8050,serrano,1
8051,small wedges,1
8052,a little more butter,1
8053,prepared weight sweet potatoes,1
8054,bananas kiwi,1
8055,toasted  breadcrumb,1
8056,day old bread rolls,1
8057,kosher baking powder,1
8058,kosher bicarbonate,1
8059,100-150g  dairy-free dark chocolate,1
8060,tub low-fat cottage cheese,1
8061,pork stock cubes,1
8062,lemon  olive oil,1
8063,half a glass,1
8064,1cm-thick strips,1
8065,sweet potato crisps,1
8066,punnet mustard cress,1
8067,quantity creamy  tomato soup,1
8068,mixed  peppercorn,1
8069,cooked  mixed grains,1
8070,few pickled jalapeno chillies,1
8071,shredded iceberg lettuce steamed basmati rice,1
8072,sirloin steaks,1
8073,wild and brown rice,1
8074,aldi specially selected 100% british beef wagyu ribeye,1
8075,natural low-fat yogurt,1
8076,corned beef cut,1
8077,3 thyme sprigs,1
8078,luxury mixed fruit,1
8079,each whole skinned hazelnut,1
8080,each brazil,1
8081,2tbsp rapeseed oil,1
8082,1tbsp flat-leaf parsley,1
8083,heaped tbsp black peppercorns,1
8084,crumbly goat's cheese,1
8085,thin baguettes,1
8086,spears purple,1
8087,fruit berries,1
8088,boned pork belly skin,1
8089,punnets,1
8090,6 thick slices,1
8091,porcini mushroom powder,1
8092,creamed tomatoes,1
8093,the leaves,1
8094,liquid aminos,1
8095,ears baby corn,1
8096,coriander rice,1
8097,mexican-style chilli cheese slices,1
8098,chunks skinless cod,1
8099,pot thick yogurt,1
8100,12% fat beef mince,1
8101,hummus pickled chillies,1
8102,1 large or 2 small preserved lemons skin,1
8103,lemon 1/2 very thinly sliced,1
8104,3x 200g packs,1
8105,pork leg,1
8106,goat meat,1
8107,gravy browning,1
8108,plantains,1
8109,750g-1kg braising steak,1
8110,treacle sugar,1
8111,1large dill sprig,1
8112,finely chopped sundried tomatoes,1
8113,minced venison,1
8114,1⁄2 tsp  vanilla extract,1
8115,some fresh marjoram,1
8116,savoy cabbage core,1
8117,fat-free live greek yogurt,1
8118,hazelnutes,1
8119,1.7kg/3½-3¾lb p pork belly,1
8120,fresh oregano leaves,1
8121,ready-made salad,1
8122,4short sprigs rosemary,1
8123,ripe blackberry,1
8124,oven-ready quail strings,1
8125,drizzle  clear honey,1
8126,basil oil,1
8127,½ large or 2 small cucumbers,1
8128,green tomatoes,1
8129,about 120cm,1
8130,500-600g venison mince,1
8131,tarragon 2 tbsp finely chopped,1
8132,salsify,1
8133,soft burger buns,1
8134,whole-fruit strawberry jam,1
8135,chunky apple sauce,1
8136,very generous grating,1
8137,half tub crème fraîche,1
8138,long-grain white rice paratha,1
8139,pouch mixed grains,1
8140,about 1.2kg whole,1
8141,raw  prawn,1
8142,30 x 25cm,1
8143,each sunflower seeds,1
8144,grated root ginger,1
8145,a few cornichons,1
8146,wholewheat biscuits,1
8147,mini meringues biscuits,1
8148,all-butter  shortbreads,1
8149,toasted ciabatta,1
8150,soft cheese rye bread,1
8151,2-2½kg piece beef brisket,1
8152,a small sharp knife,1
8153,comice pears,1
8154,25g fresh or frozen broad beans,1
8155,skinless hot-smoked trout fillets,1
8156,christmas sweets,1
8157,stalks marjoram,1
8158,little peppermint essence,1
8159,little rosewater,1
8160,packet white bread,1
8161,ginger purée,1
8162,boneless and skinless chicken breasts,1
8163,peeled tomato,1
8164,thin slices rye sourdough,1
8165,the-vine,1
8166,creme eggs,1
8167,a few fluffy chenille,1
8168,very large or 4 medium peppers,1
8169,2-2.5kg/4lb 8oz-5lb 8oz turkey crown,1
8170,about 10 thin slices,1
8171,bulbs  garlic,1
8172,medium-sweet marsala,1
8173,a 500g block all-butter puff pastry,1
8174,chunky,1
8175,christmas biscuits,1
8176,goat's cheese round,1
8177,soft wholemeal roll,1
8178,cep,1
8179,2 tsp sugar,1
8180,4cm,1
8181,reserved white part,1
8182,1tsp sherry vinegar,1
8183,young goat’s cheese,1
8184,british lamb,1
8185,inner sticks,1
8186,largish carrot,1
8187,shortcrust pastry sheets,1
8188,450g/1lb pork fillet,1
8189,strong white  flour,1
8190,sachet easy blend  yeast,1
8191,425-450ml/¾ pint-16fl,1
8192,"350g dried, ready-to-eat  fig",1
8193,fl oz parmesan,1
8194,juice ½-1 lemon,1
8195,a 250g tub quark,1
8196,light mozzarella,1
8197,350-400g/12-14oz cooked,1
8198,fresh or dried curry leaf,1
8199,1tsp brown sugar,1
8200,red pepper seeds,1
8201,mixed baby veg,1
8202,generous sprigs thyme,1
8203,1 large sprig basil,1
8204,wafer-thin slices,1
8205,white basmati rice,1
8206,frying,1
8207,a large rectangular block,1
8208,mango sorbet,1
8209,tub raspberry sorbet,1
8210,250g pack or 8 rashers,1
8211,metal loaf,1
8212,metal piping nozzle,1
8213,funnel,1
8214,japanese-style mayo,1
8215,pickled gherkin,1
8216,streaky dry-cure bacon,1
8217,5% fat beef mince,1
8218,unsmoked boneless gammon joint,1
8219,baharat spice,1
8220,coarsely chopped flat-leaf parsley,1
8221,4 fat slices,1
8222,zest &#189;  lemon,1
8223,smoked haddock fillets,1
8224,monkfish tail,1
8225,dry-cure rindless smoked streaky bacon,1
8226,wildebeest wild beer,1
8227,good-quality  dark chocolate and cocoa powder,1
8228,pickled long green chillies,1
8229,red lentil fusilli,1
8230,red ipa,1
8231,shards,1
8232,frankfurter hot dogs,1
8233,cold-pressed olive oil,1
8234,fatty beef shin,1
8235,smooth bulgur wheat,1
8236,brown onion,1
8237,salted potato stick crisps,1
8238,½l ginger ale,1
8239,easy blend dried yeast,1
8240,vegetable peelings,1
8241,skinless cod loin,1
8242,seasoned rice vinegar,1
8243,asparagus base,1
8244,50g fresh or frozen edamame beans,1
8245,lean lamb steak,1
8246,wild and  basmati rice,1
8247,12-16 wedges,1
8248,rosé petal pieces,1
8249,strawberry laces edible pearls,1
8250,remaining  rice,1
8251,half a beaten egg,1
8252,chinese,1
8253,skinless chicken pieces,1
8254,part-boned  chicken breasts,1
8255,blood orange liqueur,1
8256,a little sifted cocoa powder,1
8257,pork tenderloin fillet,1
8258,lime pickle mango chutney,1
8259,peppers any colour,1
8260,chopped frozen spinach,1
8261,half a bag,1
8262,grated  vegetarian cheddar,1
8263,any excess fat,1
8264,3cm thick ribbons,1
8265,glass dry white wine,1
8266,all,1
8267,1⁄2 bunch radishes,1
8268,medium-sized golden beetroot,1
8269,instant  noodles,1
8270,wheatgerm,1
8271,dark raisins,1
8272,generous spoonful 0% fat greek-style yogurt,1
8273,fennel bulb fronds,1
8274,good-quality  fish stock,1
8275,70-100g leftover christmas pudding,1
8276,xylitol-free smooth peanut butter,1
8277,roughly chopped thyme,1
8278,porcini white truffle paste,1
8279,packet ready-rolled  puff pastry,1
8280,1.8-2kg/4lb-4lb 8oz chicken,1
8281,1 very overripe banana,1
8282,chianti,1
8283,garlic cloves left whole,1
8284,at least  bramley apples,1
8285,1  lemon optional,1
8286,refined caster sugar,1
8287,scant tsp,1
8288,scant  fine  sea salt,1
8289,italian pork sausages,1
8290,portobellini mushrooms,1
8291,white vegetable shortening,1
8292,jacket,1
8293,few bay,1
8294,flavoursome cheese,1
8295,ready-to-eat prune,1
8296,1small orange zest,1
8297,0%  greek yogurt,1
8298,juicy,1
8299,‘00’,1
8300,pandan leaves knotted,1
8301,white rose petal,1
8302,1rounded tbsp ground cinnamon,1
8303,batch,1
8304,fresh chopped parsley,1
8305,ready-roasted peppers,1
8306,1large red pepper,1
8307,skinless atlantic cod,1
8308,coconut palm sugar,1
8309,a little salt,1
8310,root vegetables,1
8311,cooked rice lime wedges,1
8312,a good beef fillet,1
8313,1&frac12 tbsp olive oil,1
8314,lamb leg chops,1
8315,a cantaloupe  melon,1
8316,sliced pepperoni,1
8317,thin slices cucumber,1
8318,pecan mix,1
8319,1⁄2 apple,1
8320,rounded tbsp ground almonds,1
8321,olive oil drizzle,1
8322,potato wedges,1
8323,red-skin potato,1
8324,hake,1
8325,chopped  chive,1
8326,leftover  ham,1
8327,hot strong black coffee,1
8328,1head baby gem lettuce,1
8329,mini  pitta,1
8330,1/2 lime,1
8331,edible rice paper wrappers,1
8332,bottom half,1
8333,top half,1
8334,mini chocolate footballs,1
8335,white acrylic paint,1
8336,goals,1
8337,cardboard boxes,1
8338,2large banana  shallots,1
8339,about  olive oil,1
8340,coffee bean,1
8341,pear cored and,1
8342,rounded tbsp low-fat natural yogurt,1
8343,pre-cooked lentils,1
8344,1large slice white bread,1
8345,poached eggs lemon wedges,1
8346,white and green parts,1
8347,tomatoes onion,1
8348,mexican-style rice pouch,1
8349,1 lemon juice,1
8350,chopped mixed peel,1
8351,1⁄2 tbsp bourbon,1
8352,just ripe  peaches,1
8353,big garlic,1
8354,baby chestnut mushroom,1
8355,an all-rounder,1
8356,joint middle-cut gammon,1
8357,fine-cut whisky marmalade,1
8358,kale large tough stalks,1
8359,thick slices crusty bread,1
8360,finger-length cucumber chunk,1
8361,skinless haddock fillets,1
8362,red pepper crisps melba toast,1
8363,about 500ml  vegetable oil,1
8364,coconut macaroons,1
8365,pots coconut yogurt,1
8366,half an orange,1
8367,stoned  prunes,1
8368,lemon halves,1
8369,rocket wild,1
8370,antipasti artichokes hearts,1
8371,virgin,1
8372,aduki beans,1
8373,100-140g stilton,1
8374,rounded tbsp apple sauce,1
8375,diced venison,1
8376,bacon lardons pancetta,1
8377,carrot quartered lengthways,1
8378,head red,1
8379,citrus juicer,1
8380,tablespoon,1
8381,salad bowl,1
8382,kitchen scissors,1
8383,spray oil,1
8384,each ground nutmeg,1
8385,about 3 tbsp  plain flour,1
8386,thin-cut minute steak,1
8387,lemon & garlic couscous,1
8388,black  mustard seeds,1
8389,2cm short sprigs,1
8390,brown  anchovy fillets,1
8391,sea bream,1
8392,lemongrass outer leaves,1
8393,chives and coriander,1
8394,macadamia,1
8395,mixed grain,1
8396,red pepper pesto,1
8397,300g/10oz  mackerel,1
8398,1small  orange,1
8399,coriander very roughly chopped,1
8400,ripe yellow-fleshed nectarines,1
8401,smooth cranberry juice,1
8402,elderflower drink,1
8403,heart,1
8404,roughly chopped fresh coriander optional,1
8405,½kg carrots,1
8406,edible black ink pen,1
8407,greek-style oat yogurt,1
8408,very plump  prunes,1
8409,bamboo,1
8410,peeled and sliced kiwi,1
8411,few different  food colourings,1
8412,extra icing,1
8413,spinach mature fresh,1
8414,del maguey vida mezcal,1
8415,rose-flavoured gin,1
8416,3medium egg whites,1
8417,piece fresh turmeric root,1
8418,bulb garlic,1
8419,brown jasmine rice,1
8420,g/8,1
8421,hay,1
8422,butchers,1
8423,lean pork,1
8424,a small pack mint,1
8425,farfalle pasta,1
8426,1 large sprig,1
8427,tropical juice,1
8428,2 even chunks,1
8429,firm cheese,1
8430,cooked and shelled prawns,1
8431,your childrens' favourite fruit eg grapes,1
8432,1 frozen blackberry,1
8433,50-85g/2-3oz golden caster sugar,1
8434,pecorino romano parmesan,1
8435,levain,1
8436,jersey royal new potatoes,1
8437,asparagus woody stalks,1
8438,strong-flavoured vegetable stock,1
8439,waffle,1
8440,peanut butter cups,1
8441,cooked prawns shells,1
8442,pouch microwave  brown rice,1
8443,cheese slices vegan,1
8444,tomato chilli jam,1
8445,a few crunchy  lettuce leaves,1
8446,oven-ready duck,1
8447,microwave brown basmati rice,1
8448,heaped tbsp cajun spice mix,1
8449,ready-to-bake  ciabatta bread,1
8450,5oz butter,1
8451,goat's milk,1
8452,reduced-fat,1
8453,tsp light muscovado sugar,1
8454,750g-1kg/1lb 10oz-2lb 4oz stollen cubed,1
8455,vanilla sponge,1
8456,assam teabags,1
8457,1batch white bread dough,1
8458,thin,1
8459,chopped mixed nuts walnuts,1
8460,celery stick optional,1
8461,12large black olives,1
8462,750g-1kg  brisket,1
8463,chipotle chillies,1
8464,dulce de leche caramel,1
8465,homemade pesto,1
8466,mixed white and milk chocolate chips,1
8467,around 1kg,1
8468,other cookie fillings,1
8469,organic strong white flour,1
8470,rounded tbsp korma paste,1
8471,blood orange dust,1
8472,lamb merguez sausages,1
8473,1tbsp flaked almonds,1
8474,cherry eau de vie,1
8475,¾l chicken stock,1
8476,bamboo shoot,1
8477,any damaged outer leaves,1
8478,brie rind,1
8479,gruyère rind,1
8480,fregola,1
8481,candy beetroot,1
8482,golden beetroot,1
8483,english runner beans,1
8484,carton custard,1
8485,apple core,1
8486,chicken breasts fillets,1
8487,wholemeal bread rolls,1
8488,very small red onion,1
8489,oranges scrubbed,1
8490,6 green cardamom pods,1
8491,peeled cooked  prawn,1
8492,a few  basil leaves,1
8493,ready-cooked vacuum-packed  chestnut,1
8494,melon medley,1
8495,leftover boneless cooked turkey,1
8496,oranges 1 segmented and,1
8497,shop-bought croutons,1
8498,head radicchio leaves,1
8499,½tsp mustard powder,1
8500,tomato pasta,1
8501,a few torn basil leaves,1
8502,shredded chicken,1
8503,low-sodium chicken stock cube,1
8504,cooked green veg,1
8505,rabbit head,1
8506,frozen breaded white fish fillets,1
8507,processed cheese,1
8508,soft white burger buns,1
8509,a few iceberg lettuce leaves,1
8510,plantain,1
8511,500ml-1 litre vegetable oil,1
8512,fibre cereal,1
8513,thin rounds crosswise,1
8514,pot creamy greek-style  yogurt,1
8515,sliced jalapeno chillies,1
8516,dried red  chilli flakes,1
8517,a small chopped  red onion,1
8518,strawberry hulled and halved,1
8519,mini  tortillas,1
8520,chicken sausage,1
8521,boiled azuki beans,1
8522,30-50g  brown,1
8523,about 110g pack pomegranate seeds,1
8524,roughly 130g packs,1
8525,juice 1&frac12;-2  lemon,1
8526,think matchsticks,1
8527,dark chocolate oat biscuits,1
8528,slightly overripe bananas,1
8529,each semi-dried prunes,1
8530,wild & brown  basmati rice,1
8531,sage leaves shredded,1
8532,biltong,1
8533,extra dry vermouth,1
8534,metal pudding basins,1
8535,"three whole,",1
8536,frozen mixed vegetable broad beans,1
8537,kabanos polish sausage,1
8538,strong-flavoured beef stock,1
8539,each frozen pea,1
8540,1&frac12; tbsp oil,1
8541,minced turkey,1
8542,300ml/½ pt chicken stock,1
8543,star anise ground,1
8544,bone-in pork belly skin,1
8545,fat strips,1
8546,big pinch chilli flakes,1
8547,good drizzle extra virgin olive oil,1
8548,low-fat cheddar,1
8549,finely grated  lemon zest,1
8550,finely grated  orange zest,1
8551,chicken leg portions,1
8552,luxury mincemeat,1
8553,tonka bean,1
8554,reduced-fat feta,1
8555,thick-cut rashers,1
8556,sweet aromatic melon flesh,1
8557,2 sprigs thyme,1
8558,1large,1
8559,2tbsp milk,1
8560,satsuma juice,1
8561,leftover chicken carcass,1
8562,good-quality pork chipolatas,1
8563,a rosemary sprig,1
8564,4-5cm piece ginger,1
8565,each hot chilli powder garam masala,1
8566,cooked and peeled small brown shrimp,1
8567,good pinches  cayenne pepper,1
8568,chocolate macaroons,1
8569,agave syrup,1
8570,400g-500g penne,1
8571,piri piri seasoning,1
8572,200-250g sirloin,1
8573,vegetable baking margarine,1
8574,natural yofu,1
8575,zest ½ orange,1
8576,3 oranges,1
8577,very strong coffee powder,1
8578,orange zest finely grated,1
8579,sugar holly decorations,1
8580,live natural yogurt,1
8581,romanesco leaves,1
8582,good-quality  olive oil,1
8583,more crusty bread,1
8584,500g brown meat,1
8585,rashers dry-cured streaky,1
8586,small cornichons,1
8587,oxo's gravy granules,1
8588,a cup full,1
8589,almond liqueur,1
8590,matzah meal,1
8591,1.5-inch cubes,1
8592,leek green and,1
8593,850ml-1 litre/1.5 pints,1
8594,175g/ 6oz frozen sweetcorn,1
8595,fruity red wine,1
8596,60-70% cocoa solids,1
8597,140g-160g white chocolate,1
8598,no pre-cook lasagne,1
8599,finely sliced onions,1
8600,spicy sausage,1
8601,veggie,1
8602,sesame-topped burger buns,1
8603,mild  cheddar,1
8604,pickle relish,1
8605,heaped tbsp light crème fraîche,1
8606,each green beans,1
8607,vine tomato thickly sliced,1
8608,milk chocolate buttons,1
8609,chocolate cigarillos,1
8610,extra-firm tofu cut,1
8611,parmesan-style vegan cheese,1
8612,4tbsp oat milk,1
8613,1tbsp nutritional yeast,1
8614,1tbsp white miso paste,1
8615,thin-cut steak,1
8616,seeds snack packs,1
8617,2kg-2.5kg  leg,1
8618,ready-to-cook udon,1
8619,fresh parmesan,1
8620,salted crisps,1
8621,sustainable white fish skin,1
8622,miso soup paste,1
8623,little sesame,1
8624,cookie dough ice cream,1
8625,lemongrass purée,1
8626,shredded carrot,1
8627,corn husks,1
8628,crema,1
8629,few primroses,1
8630,pkt mozzarella,1
8631,ready-to-eat tropical medley,1
8632,rice  cereal,1
8633,dry breadcrumbs,1
8634,glass,1
8635,mixed seeds crackers,1
8636,clear mint sweets,1
8637,coloured thread,1
8638,dried dates,1
8639,nests,1
8640,bone-in shoulder,1
8641,a sliver,1
8642,a few shreds,1
8643,tub marinated sundried tomato,1
8644,chocolate cream liqueur,1
8645,kinder bueno,1
8646,salted dairy-free plant butter,1
8647,ready-to-eat  falafel,1
8648,baby courgettes finely sliced,1
8649,oxo cube,1
8650,lasagne pasta sheets,1
8651,approx 25g grated blue cheese,1
8652,ciabatta split,1
8653,a 125g ball mozzarella,1
8654,thin rhubarb stalks,1
8655,crystallised edible rose petals,1
8656,tikka or madras paste,1
8657,100g plain or wholemeal flour,1
8658,cold apple juice,1
8659,about 1½ kg preserving sugar,1
8660,milled seed mix,1
8661,crispy bacon rashers,1
8662,sainsbury's taste,1
8663,petal vodka,1
8664,a low-salt stock cube,1
8665,the cluck chicken style,1
8666,shredded  ginger,1
8667,frozen  sweetcorn edamame,1
8668,sea trout portions,1
8669,room-temperature butter,1
8670,good-quality crème fraîche,1
8671,packet frozen petits pois,1
8672,leek green part,1
8673,1medium leek,1
8674,3sticks celery,1
8675,pot fresh  green pesto,1
8676,sesame  breadsticks optional,1
8677,150-200ml white rum,1
8678,rolled pork shoulder,1
8679,la medida espadin mezcal,1
8680,dressed salad,1
8681,wheat-free  tamari,1
8682,leftover cooked vegetables,1
8683,ready-roasted  chicken,1
8684,pork cheeks,1
8685,pot low-fat  yogurt,1
8686,half-fat crème,1
8687,pots low-fat natural yogurt,1
8688,good pinch paprika,1
8689,soft-boiled eggs,1
8690,glug,1
8691,heaped tbsp dark roast crunchy peanut butter,1
8692,about 6 tbsp  raspberry jam,1
8693,1/2 pomegranate,1
8694,2 wedges,1
8695,prawns heads,1
8696,squids,1
8697,ring chorizo,1
8698,frozen mixed beans,1
8699,smallish tomatoes,1
8700,½l boiling  water,1
8701,marigold swiss vegetable  bouillon powder,1
8702,garlic powder onion powder,1
8703,cold yuzu,1
8704,baby red,1
8705,vegan thai red curry paste,1
8706,good pinches thyme,1
8707,light vegetarian suet,1
8708,boneless  chicken breasts skin,1
8709,heaped tbsp  horseradish cream,1
8710,crème fraîche full,1
8711,small lemon,1
8712,each cumin and mustard seeds,1
8713,6 pieces,1
8714,light ale,1
8715,baby marshmallows,1
8716,chocolate fudge bars,1
8717,a few whole cloves,1
8718,aleppo pepper flakes,1
8719,130-150g padron peppers stalks,1
8720,thick-cut smoked,1
8721,eggs - fresh,1
8722,kalamata,1
8723,alpro coconut,1
8724,1tbsp turmeric,1
8725,raw peeled tiger prawns,1
8726,cajun-style spice mix,1
8727,good quality lean minced beef,1
8728,ready-sliced white mushrooms,1
8729,300-350g tub roasted vegetable sauce,1
8730,really good squirts,1
8731,fresh lasagne,1
8732,a whole nutmeg,1
8733,rindless unsmoked fatty pancetta,1
8734,good quality egg yolks,1
8735,maple-cured bacon,1
8736,crown prince pumpkin,1
8737,frozen pollock fillets,1
8738,leafy salad,1
8739,ready-made polenta,1
8740,cream tea bites,1
8741,mini choc ice balls,1
8742,cheat's lamingtons,1
8743,lemon fancies,1
8744,naan bread roti,1
8745,cherry  tomato,1
8746,m&amp;m's® choco eggs,1
8747,few handfuls ice cubes,1
8748,50-100g baked beans,1
8749,mature grated cheddar,1
8750,reduced salt vegetable stock,1
8751,garlic cloves bashed and finely chopped,1
8752,medium-size vine tomatoes,1
8753,kalonji,1
8754,1tbsp cold water,1
8755,egg taglierini,1
8756,vegan ice cream,1
8757,peach slices,1
8758,torch ginger flower,1
8759,vietnamese mint,1
8760,frozen podded edamame beans,1
8761,leftover trout fillets,1
8762,125g/4.5oz log,1
8763,2tsp vanilla paste,1
8764,wheat biscuits,1
8765,canned tuna,1
8766,coconut sugar,1
8767,cooked chicken pieces,1
8768,baby spinach leaves,1
8769,sprinkles sweets,1
8770,medium-cut seville orange  marmalade,1
8771,sweet  cider,1
8772,a few  rosemary sprigs,1
8773,good vanilla ice cream,1
8774,reduced fat coconut milk,1
8775,frozen  king prawns,1
8776,toasted  coconut flakes,1
8777,glass champagne,1
8778,mashed root veg,1
8779,thick slices  bread,1
8780,fine polenta cornmeal,1
8781,each soy sauce,1
8782,shredded leftover turkey,1
8783,pouch microwaveable basmati rice,1
8784,any coarse stalks,1
8785,black  sesame seeds,1
8786,long stem broccoli,1
8787,125-150ml warm water,1
8788,tomato bruschetta topping,1
8789,burger,1
8790,bicarbonate soda,1
8791,loch trout,1
8792,140g/5oz skinless  salmon fillet cut,1
8793,zest 3 clementines,1
8794,1&frac12; tsp lemon juice,1
8795,1&frac12;,1
8796,hummus kalamata,1
8797,flat mushrooms stalks,1
8798,prepared fresh pineapple,1
8799,scoops coconut ice cream,1
8800,sliced coconut,1
8801,a few rosemary and sage sprigs,1
8802,figs dried cranberries,1
8803,vacuum-packed  vine,1
8804,butterflied sardines,1
8805,0.5 pomegranate,1
8806,sliced wholemeal pitta,1
8807,coarse white country bread,1
8808,ripe  apricot,1
8809,chopped baby fennel bulb,1
8810,rum brandy,1
8811,brownie squares,1
8812,quantity shortcrust pastry,1
8813,thick low-fat pork sausages,1
8814,steamed carrots,1
8815,unsweetened  desiccated coconut,1
8816,thin half moon slices,1
8817,lime leaves stem,1
8818,fat butternut squash,1
8819,mixed baby,1
8820,sliced garlic,1
8821,whole  duck,1
8822,duck leg confit,1
8823,2 earl grey tea bags,1
8824,hot milk,1
8825,good dark chocolate,1
8826,cocoa icing sugar,1
8827,level tsp gelatine,1
8828,chopped carrot,1
8829,ready-made stuffed vine,1
8830,100-150ml sparkling water,1
8831,veg crudités,1
8832,black italian olives,1
8833,finger-thick moon-shaped chunks,1
8834,fresh beef gravy,1
8835,garlic passata,1
8836,dark chocolate sauce,1
8837,tropical fruit juice,1
8838,soda  water,1
8839,crab sticks,1
8840,frozen corn cobs,1
8841,thick trout fillets,1
8842,tandoori  curry paste,1
8843,cold lapsang souchong tea,1
8844,– 1 tsp honey,1
8845,outer leaves,1
8846,vegan garlic bread,1
8847,neapolitan pasta sauce,1
8848,pkt fresh stuffed spinach,1
8849,300g/11oz lean steak,1
8850,pots hummus,1
8851,tabbouleh,1
8852,ready-prepared,1
8853,kale large stalks,1
8854,freeze-dried curry,1
8855,half a bottle,1
8856,leftover  roast chicken carcass,1
8857,tatsoi,1
8858,beef stir-fry strips,1
8859,8 tortilla wraps,1
8860,black-eyed peas,1
8861,palm oil and/or vegetable oil,1
8862,strong espresso coffee,1
8863,chopped beetroot,1
8864,duck pâté,1
8865,fig leaves,1
8866,8-10 slices,1
8867,unwaxed lemons zest,1
8868,limoncello ice-cold,1
8869,either parsley mint,1
8870,1⁄2 400g,1
8871,wholewheat giant couscous,1
8872,diced peppers,1
8873,good-quality black olives stones,1
8874,vanilla syrup,1
8875,shots  espresso,1
8876,trickle sesame oil,1
8877,soy milk alternative,1
8878,sunflower oil groundnut oil,1
8879,pineapple finely chopped,1
8880,3 medium egg yolks,1
8881,unrefined icing sugar,1
8882,prepared squid tubes,1
8883,450g/1lb sweet potatoes,1
8884,an  unwaxed lemon,1
8885,an unwaxed lemon,1
8886,organic egg yolks,1
8887,boneless pork loin steaks,1
8888,some cocktail sticks,1
8889,700g/1lb 9oz cherries,1
8890,ground almond,1
8891,two handfuls,1
8892,hot ham cooking liquor,1
8893,mixed soft  herbs,1
8894,200g  fresh or frozen cherries,1
8895,sausage,1
8896,few sundried tomatoes,1
8897,good quality  pesto,1
8898,bundle thyme,1
8899,baby button mushroom,1
8900,portion medium wholemeal noodles,1
8901,pickled pickled ginger,1
8902,½kg,1
8903,salted pretzel,1
8904,pickled jalapeño slices,1
8905,excess salt,1
8906,"1 large, ripe banana",1
8907,milk any kind,1
8908,thin wooden skewers,1
8909,high quality popcorn kernels,1
8910,stoned  date,1
8911,gluten-free flour blend,1
8912,"4 large, skinless",1
8913,no pre-cook dried lasagne sheets,1
8914,1-litre glass kilner jar,1
8915,festive  sprinkles,1
8916,pinto bean,1
8917,good-quality madeira cake,1
8918,marsala sweet sherry,1
8919,frozen summer berries,1
8920,pot full-fat,1
8921,1-litre tubs vanilla ice cream,1
8922,cacao liquor buttons,1
8923,beef sirloin steak,1
8924,shelled prawns,1
8925,some whole leaves,1
8926,good-quality lean beef mince,1
8927,beef stock pot,1
8928,rasher lean dry-cure back bacon,1
8929,green lentil,1
8930,350g jar jalfrezi curry paste,1
8931,boiled  rice,1
8932,organic rye flour,1
8933,ready-to-eat puy lentils,1
8934,mini choc chip cookies,1
8935,ready-grated mozzarella,1
8936,chocolate shaving,1
8937,heaped tbsp cocoa powder,1
8938,pineapple skin,1
8939,green jalapeño,1
8940,cooked  rice noodle,1
8941,roughly chopped dry-roasted  peanut,1
8942,ripe mixed tomatoes,1
8943,boneless salmon fillets,1
8944,strawberry pencil sweets,1
8945,our downloadable chimney case template,1
8946,mini chocolate fingers,1
8947,generous selection,1
8948,mini chocolate roll,1
8949,few edible silver balls,1
8950,template,1
8951,plump medjool dates,1
8952,vegetarian korma,1
8953,frozen mixed vegetable,1
8954,ready-made béarnaise sauce,1
8955,seedless orange,1
8956,fat aubergine,1
8957,iberico ham,1
8958,a whole cooked chicken,1
8959,tubs soft  goat's cheese,1
8960,vine-ripened  tomatoes,1
8961,mixed pulses,1
8962,reduced-fat soured cream,1
8963,four-seed mix,1
8964,even-sized new potatoes,1
8965,bone marrow meat,1
8966,2 baby gem lettuces,1
8967,orange ½,1
8968,smooth almond butter,1
8969,half a cucumber cut,1
8970,50g/2 x 2oz,1
8971,chocolate caramel bars,1
8972,long grain white rice,1
8973,stevia,1
8974,wholegrain bread rolls,1
8975,some blueberries,1
8976,cream-filled profiteroles,1
8977,brandy marsala,1
8978,all excess fat,1
8979,few slices root ginger,1
8980,sliced red pear,1
8981,frozen redcurrants,1
8982,cake pops,1
8983,pink and brown food colouring pastes,1
8984,pink and gold edible glitter,1
8985,1kg-1.5kg boneless pork shoulder joint,1
8986,jarred haricot beans,1
8987,beetroot half grated,1
8988,balti paste,1
8989,mixed asian greens,1
8990,avocado quartered,1
8991,cooked king prawn,1
8992,rum optional,1
8993,4-6 pieces,1
8994,1.5-2kg floury  potatoes,1
8995,elderflower heads,1
8996,cellophane bags,1
8997,easy vanilla cake,1
8998,basic vanilla buttercream mix,1
8999,treat-size pack chocolate buttons,1
9000,chocolate sticks,1
9001,pre-cooked beetroot,1
9002,chunk  cucumber,1
9003,half ready-made aromatic crispy duck,1
9004,12 mini bread rolls,1
9005,ready-washed luxury mixed fruit,1
9006,20 fish fingers,1
9007,ready-made coleslaw,1
9008,scraped vanilla pods,1
9009,about 40% proof,1
9010,christmas cake,1
9011,mexican chillies,1
9012,fish finger,1
9013,ovenproof lolly sticks,1
9014,1tbsp golden caster sugar,1
9015,edible sprinkles,1
9016,generous bunch parsley,1
9017,8 pork sausages,1
9018,3 tbsp brandy,1
9019,6 whole sausages,1
9020,mild green  chillies,1
9021,cooked  rice,1
9022,280-300g block firm  tofu,1
9023,okonomiyaki sauce,1
9024,small red chilli,1
9025,mixed  summer berry,1
9026,about 5 tbsp roast  tomato sauce,1
9027,medium-mature cheddar,1
9028,tomato thickly sliced,1
9029,vine cherry tomatoes,1
9030,about 130g,1
9031,pot 0% bio yogurt,1
9032,brown poster paint,1
9033,table salt,1
9034,zest ½ lime,1
9035,hot peppadew peppers,1
9036,tubs cheese sauce,1
9037,5mm rings,1
9038,sea trout fillets,1
9039,1rack beef short ribs,1
9040,ready-cooked basmati rice,1
9041,long ciabatta rolls,1
9042,shop-bought frozen fries,1
9043,fillet  steaks,1
9044,2large shallots,1
9045,6medium mushrooms,1
9046,green and  pink peppercorn,1
9047,good-quality  beef stock,1
9048,vegetable  crudités,1
9049,houmous tzatziki,1
9050,each sunflower,1
9051,warm vegetable stock,1
9052,lightly salted tortilla chips,1
9053,goat shoulder,1
9054,large stems,1
9055,chunky  marmalade,1
9056,750g/1lb 10oz boned pork shoulder,1
9057,heaped tbsp tamarind paste,1
9058,a few cubes,1
9059,orange clementine,1
9060,mastic crystal,1
9061,really good chocolate ice cream,1
9062,pitta  bread,1
9063,about  cold water,1
9064,1quantity barney's roasted rhubarb,1
9065,sugarsnap peas,1
9066,firm welsh  goat's cheese,1
9067,spice piri-piri sauce,1
9068,tub coleslaw,1
9069,jerk paste,1
9070,1medium red onion,1
9071,vanilla yogurt alternative,1
9072,few mini cornichons,1
9073,cubes  low salt vegetable stock cubes,1
9074,leftover ratatouille,1
9075,cooked crispy bacon,1
9076,boneless chicken thigh,1
9077,mild piri-piri sauce,1
9078,frozen grilled vegetables,1
9079,mexican seasoning,1
9080,fat steak,1
9081,200-300ml gravy,1
9082,thin slice,1
9083,about 350g/12,1
9084,a mixture,1
9085,white and dark chocolate bars,1
9086,tub raita,1
9087,vegan soft cheese,1
9088,fig,1
9089,few small rings  red onion,1
9090,750-850ml veg,1
9091,smoky  barbecue sauce - chipotle,1
9092,fruitcake see goes,1
9093,23 or 25cm round,1
9094,gingerbread trees,1
9095,orange sweet,1
9096,thin coloured ribbon,1
9097,shop-bought harissa,1
9098,ready rolled puff pastry,1
9099,a few  sage,1
9100,beef stewing,1
9101,skinless  pollock fillets,1
9102,icing/fondant sugar,1
9103,prosciutto slices,1
9104,haggis,1
9105,chocolate-covered  caramel,1
9106,mini rolls,1
9107,chuck steak beef shin,1
9108,1large orange,1
9109,one egg yolk,1
9110,full-fat soft cream cheese,1
9111,very finely chopped  shallot,1
9112,chicken fillets,1
9113,sticky white rice,1
9114,lemongrass stalk outer leaves,1
9115,soft  unsalted butter,1
9116,tough leaves,1
9117,malt drink powder,1
9118,1 medium or 2 small leeks,1
9119,4heaped tbsp,1
9120,2 thyme sprigs,1
9121,good white bread,1
9122,olive oil sunflower,1
9123,light muscovado,1
9124,glacé cherries,1
9125,balsamic vinegar white balsamic vinegar,1
9126,tsp mignonette pepper,1
9127,pre-sliced smoked salmon,1
9128,buttered,1
9129,3medium aubergines,1
9130,good-sized scallops,1
9131,crème pâtissière,1
9132,finger-sized chips,1
9133,bavette sirloin,1
9134,fine matzo meal,1
9135,1 large or 2 small ripe bananas,1
9136,apple rings,1
9137,ripe but firm avocados,1
9138,unformed spiced meatball mixture,1
9139,ready-cooked polenta,1
9140,sunblush tomatoes,1
9141,roasted  cumin seeds ground,1
9142,a small bunch mint,1
9143,couple handfuls,1
9144,finely crushed cornflakes,1
9145,dover sole,1
9146,canned lentils,1
9147,stir-fry veg,1
9148,packet filo pastry,1
9149,packet full fat  soft cheese,1
9150,sweetened condensed milk milk,1
9151,8 tbsp juice,1
9152,brisket beef,1
9153,rounded tbsp wholegrain mustard,1
9154,about 10cm  cucumber cut,1
9155,225-350g raspberries,1
9156,head  celeriac,1
9157,cooked artichoke hearts,1
9158,slightly stale country-style  bread,1
9159,fistful parsley sprigs,1
9160,unsmoked boneless gammon,1
9161,heads celery,1
9162,2small shallots,1
9163,finely diced cucumber,1
9164,salmon fillet boned,1
9165,packet cooked brown rice,1
9166,part-baked baguettes,1
9167,50-85g fresh white breadcrumbs,1
9168,polish kabanos,1
9169,dill pickles,1
9170,chives sliced,1
9171,roughly chopped fresh rosemary,1
9172,fresh,1
9173,ready-made tomato sauce,1
9174,300-350g/10oz-12oz beef  steak,1
9175,vine-ripened  tomato,1
9176,6large basil,1
9177,tub garlic,1
9178,spirulina,1
9179,thin skinless salmon,1
9180,leftover  lamb,1
9181,leftover potatoes,1
9182,mixed tomato,1
9183,big knobs,1
9184,light coconut,1
9185,crustless  white bread,1
9186,saffron generous pinch,1
9187,dollops,1
9188,pink and yellow food colouring,1
9189,red writing,1
9190,skinless cod fillet,1
9191,skinless undyed smoked haddock fillets,1
9192,crusty wholemeal bread,1
9193,about 4 tbsp redcurrants,1
9194,continental,1
9195,wholemeal tortilla,1
9196,oven-roasted vegetables,1
9197,ready-to-eat mixed grain pouch,1
9198,¹⁄² 200ml,1
9199,wilted spring greens,1
9200,pouch black rice,1
9201,about 250ml milk,1
9202,strip orange peel,1
9203,about 7 carrots,1
9204,extra-large  cauliflower,1
9205,roastie size,1
9206,just over,1
9207,oven-ready goose,1
9208,generous tbsp crème fraîche,1
9209,6-bone racks,1
9210,brown chicken stock,1
9211,good splash worcestershire sauce,1
9212,food colouring gels,1
9213,white and black,1
9214,a large open star nozzle,1
9215,miso,1
9216,2tsp cocoa powder,1
9217,large finger-sized pieces,1
9218,jamón ibérico,1
9219,tonic,1
9220,skinless mackerel fillets,1
9221,the cob husks,1
9222,packet lean minced beef,1
9223,around 4 ice cubes,1
9224,1unwaxed orange,1
9225,very small salad potato,1
9226,cold cooked  chicken,1
9227,350-450g/12oz-1lb  cherries,1
9228,mixed bag,1
9229,tub natural low fat  fromage frais,1
9230,good bunch  mint,1
9231,150ml medium or sweet sherry,1
9232,firm mandarin,1
9233,a brioche loaf,1
9234,a little soft butter,1
9235,seedless tangerines,1
9236,jalapeño slices,1
9237,ripe granadilla passion fruit pulp,1
9238,crystallised ginger pieces,1
9239,pot vanilla yogurt,1
9240,2 broad strips,1
9241,veal cutlets,1
9242,gluten-free  yeast,1
9243,ready-cooked lasagne sheets,1
9244,gluten-free soy sauce,1
9245,cooked gammon,1
9246,300g/10oz pumpkin,1
9247,yellow curry paste,1
9248,4 clementine,1
9249,salmon bones,1
9250,1 cardamom pod,1
9251,dark cooking chocolate,1
9252,finely grated parmesan optional,1
9253,honey mustard,1
9254,gammon,1
9255,moroccan spice  seasoning,1
9256,black rice,1
9257,zest 1 large lime,1
9258,roasted red pepper sauce,1
9259,vaccum-packed beetroot,1
9260,walnuts halves,1
9261,banana slices,1
9262,streaky smoked bacon,1
9263,curly leaf,1
9264,pickled gherkins,1
9265,slivered,1
9266,leftover cooked pork,1
9267,2 whole  cloves,1
9268,2tsp vanilla bean paste,1
9269,sliver shimmer spray,1
9270,cooked pilau rice,1
9271,100-140g cooked salmon fillet honey-roast salmon,1
9272,skinless and boneless fresh white fish,1
9273,2tbsp caramel sauce,1
9274,85g dried or stale breadcrumbs,1
9275,full fat coconut milk,1
9276,pineapple peel,1
9277,toasted coconut flakes,1
9278,15% fat beef mince,1
9279,fresh  parsley,1
9280,thin smoked pancetta rashers,1
9281,chopped fresh  thyme,1
9282,sundried tomato oil,1
9283,dark greens,1
9284,scallops roe,1
9285,pork belly strips,1
9286,tajín,1
9287,chunky coins,1
9288,broccoli woody,1
9289,each tabasco and worcestershire sauce,1
9290,few torn basil,1
9291,ball mozzarella cheese,1
9292,duck legs skin,1
9293,coconut pieces,1
9294,raw coconut oil,1
9295,hunk crustless,1
9296,1 tsp sea salt,1
9297,square fluted loose-based tart tin,1
9298,good sausages,1
9299,raclette cheese,1
9300,a pack fresh coriander,1
9301,minced chicken,1
9302,2-3cm,1
9303,cooked coconut rice pouch,1
9304,garden peas,1
9305,thickly sliced cooked  ham,1
9306,1tsp cinnamon,1
9307,½tsp nutmeg,1
9308,veal stock,1
9309,2&frac12,1
9310,4-5 kg unsmoked gammon,1
9311,heaped tbsp demerara suagr,1
9312,just-ripe pears,1
9313,skinless sustainable white fish,1
9314,hunza apricots,1
9315,jalapeno,1
9316,rice white wine vinegar,1
9317,12 slices,1
9318,pint semi-skimmed milk,1
9319,few soft thyme,1
9320,turkey slices,1
9321,boneless pork shoulder skin,1
9322,200g fresh or frozen cranberry,1
9323,lean  beef,1
9324,tenderstem broccoli spears,1
9325,chinese  rice wine vinegar,1
9326,dark  soy sauce,1
9327,hot  chilli sauce,1
9328,1 tbsp plus 1 &frac12,1
9329,finely chopped root ginger,1
9330,provamel yofu soya yogurt,1
9331,pecan pieces,1
9332,50g/2oz dairy-free spread,1
9333,provamel soya dream soya cream,1
9334,4cm thick slices,1
9335,boneless trout fillets,1
9336,cauliflower florets,1
9337,hot chilli flakes,1
9338,agar agar flakes,1
9339,cascabel  chillies,1
9340,1can chopped tomatoes,1
9341,edible pink food colouring,1
9342,skin-on chicken drumsticks,1
9343,small bunch tarragon,1
9344,vegetarian blue cheese,1
9345,wholewheat spelt flour,1
9346,80-100ml  olive oil,1
9347,fine oatmeal,1
9348,warm ciabatta,1
9349,kinder chocolate,1
9350,kinder bueno bars,1
9351,baby broad beans,1
9352,greek bio yogurt,1
9353,zest 2 unwaxed lemons,1
9354,a sprinkle,1
9355,800ml whole or plant milk,1
9356,tub  mascarpone cheese,1
9357,falooda sev,1
9358,long ribbons,1
9359,100-150g peas,1
9360,175g/60z white cabbage,1
9361,cooked large peeled prawn,1
9362,cooking chocolate,1
9363,sachet  fajita seasoning,1
9364,pot low-fat soured cream,1
9365,1⁄2 lemons lemons,1
9366,a little softened butter,1
9367,150ml/¼ pint fresh fish stock,1
9368,chocolate sandwich cookies,1
9369,few sugar-coated chocolate beans,1
9370,lean 7-rack,1
9371,pot plain bio yogurt,1
9372,chia,1
9373,yellow and orange artificial food colouring pastes,1
9374,disposable  piping bags,1
9375,butternut squash skinned,1
9376,pot fresh  crab meat,1
9377,sachet fast action dried yeast,1
9378,lightly crushed black peppercorn,1
9379,bok choi leaves,1
9380,1⁄2 lemon zest,1
9381,calvados apple,1
9382,skinless boneless  chicken thighs,1
9383,sweet  paprika,1
9384,red  lentil,1
9385,2tsp cider vinegar,1
9386,crêpes,1
9387,chocolate liqueur,1
9388,ready-roasted red pepper,1
9389,chard remove stalks,1
9390,preserved lemon pith,1
9391,parsley chervil,1
9392,seasonal tomatoes,1
9393,seeds ½ vanilla pod,1
9394,kaffir lime leaves,1
9395,a jug,1
9396,dry chillies,1
9397,baby shallots,1
9398,mixed fresh berries,1
9399,reduced-salt vegetable,1
9400,orange juice fresh,1
9401,few  thyme,1
9402,short-grain brown sushi rice,1
9403,avocado quartered and sliced diagonally,1
9404,wasabi sushi ginger,1
9405,½small pack mint,1
9406,prepared pineapple fingers,1
9407,frozen mediterranean-style vegetables,1
9408,cooked  brown rice,1
9409,shop-bought meringues,1
9410,crispy fried  shallots,1
9411,ancho flakes,1
9412,banana leaf,1
9413,fruit curd,1
9414,yellow ribbon,1
9415,12 pieces,1
9416,fresh tomato & basil  sauce,1
9417,jam fruit curd,1
9418,crisp eating apple,1
9419,jarred anchovy fillets,1
9420,skin-on cod fillets,1
9421,wholemeal flatbread,1
9422,soft dried figs,1
9423,cooked leftover salmon,1
9424,1 tbsp sunflower oil,1
9425,leftover avocado mayo,1
9426,hot strong coffee,1
9427,thick skinless boneless  salmon fillet cut,1
9428,thick skinless boneless  cod loin,1
9429,orange  peppers,1
9430,cooked wholegrain basmati rice,1
9431,black sugarpaste,1
9432,habanero chilli sauce,1
9433,brown sugarpaste,1
9434,generous handful basil,1
9435,pink lady® apple,1
9436,½l chilled lemonade,1
9437,sliced strawberry,1
9438,thin slices ham,1
9439,monterey jack,1
9440,vanilla sponge slices,1
9441,hot strong  earl grey,1
9442,4 thick rings,1
9443,icing flowers,1
9444,vermicelli noodle nests,1
9445,laksa,1
9446,red sugarpaste,1
9447,yellow sugarpaste,1
9448,blue sugarpaste,1
9449,rindless pork shoulder,1
9450,3 large limes,1
9451,your favourite sauce,1
9452,tsp  ground turmeric,1
9453,blood oranges peel,1
9454,eight bamboo skewers,1
9455,indian-style breads,1
9456,thin egg noodle,1
9457,leftover cooked new potato,1
9458,fine  green beans,1
9459,natural-coloured glacé cherry,1
9460,1 tbsp instant espresso powder,1
9461,ice cream cream,1
9462,cake pop sticks,1
9463,boiled,1
9464,thin-cut marmalade,1
9465,fruit - try chopped glacé cherries,1
9466,their pods,1
9467,podded,1
9468,1⁄4 small red cabbage,1
9469,natural probiotic yogurt,1
9470,corn tacos,1
9471,steamed green veg,1
9472,tied,1
9473,boneless  chicken,1
9474,finely ground almonds,1
9475,fabbri amarena cherries,1
9476,powder milk,1
9477,hot chocolate powder,1
9478,a medium sweet pastry case,1
9479,raw shell-on prawns,1
9480,250-300ml rapeseed,1
9481,neutral-flavoured oil,1
9482,skinless  white fish fillets,1
9483,baby  new potato,1
9484,pork loin de-boned,1
9485,reserved pork skin,1
9486,mixed runner,1
9487,pimiento-stuffed green olives,1
9488,1 large or 2 small sweet potato cut,1
9489,soy vinegar,1
9490,a selection,1
9491,urfa chilli,1
9492,green  chilli,1
9493,¼kg piece  pork belly,1
9494,light   olive oil,1
9495,1  large buch dill,1
9496,crunchy taco shells,1
9497,thick crusty bread,1
9498,extra strong mints,1
9499,the berries,1
9500,crystallised orange peel,1
9501,raw shell-on giant tiger prawns,1
9502,1large unwaxed lemon,1
9503,round wholemeal pitta breads,1
9504,avocado flesh,1
9505,white bean,1
9506,stock vegetable,1
9507,punnets good-sized strawberries stalks,1
9508,about 280 g,1
9509,a few salad,1
9510,atchara,1
9511,mixed lettuce,1
9512,heirloom tomato cut,1
9513,small-ish potato,1
9514,leftover mashed potatoes,1
9515,2 large or 3 small sweet potatoes,1
9516,2tbsp plain flour,1
9517,1tsp ground mace,1
9518,unsliced white bread loaf,1
9519,1½l turkey,1
9520,reduced salt and sugar ketchup,1
9521,pork tenderloin visible fat,1
9522,baby sweetcorn & sugar snap peas,1
9523,hamburger rolls,1
9524,about 2.4kg whole or 1.5kg boned saddle,1
9525,shots espresso,1
9526,a medium-sized saucepan,1
9527,lettuce roughly chopped,1
9528,3-4kg gammon,1
9529,½l low-salt veg stock,1
9530,½kg cooking  apples,1
9531,a little desiccated,1
9532,fat-free cottage cheese,1
9533,different coloured  sprinkles,1
9534,chilled beaujolais,1
9535,2scoops chocolate ice creams,1
9536,sliced almonds,1
9537,thick bloomer bread,1
9538,leftover red cabbage,1
9539,leftover cheeseboard cheese,1
9540,gammon steak,1
9541,thick slices bread crusts,1
9542,mixed skinless fish fillets,1
9543,lemongrass stalk tough outer leaves,1
9544,espresso-strength coffee,1
9545,heirloom cherry tomatoes,1
9546,radish sliced,1
9547,preferably 2 large beef cheeks,1
9548,cooked   prawn,1
9549,penny buns,1
9550,vacumn-packed chestnuts,1
9551,turkey breasts,1
9552,roast potatoes carrots,1
9553,any large pieces,1
9554,pizza fillings,1
9555,herby garlic butter,1
9556,reduced-salt tamari,1
9557,multi-coloured radishes,1
9558,boneless pork loin butterflied,1
9559,balsamic vinegar white,1
9560,heaped tbsp  garlic granules,1
9561,mature cheddar parmesan,1
9562,2  orange,1
9563,chopped roasted salted peanuts,1
9564,a small jar,1
9565,generous thumb-size piece fresh  root ginger,1
9566,tandoori masala spice mix,1
9567,unsweetened chestnut purée,1
9568,1/8 stock cube,1
9569,pkt  pasta,1
9570,salted  anchovies,1
9571,finely chopped fresh flat leaf parsley,1
9572,wild salmon,1
9573,brown  lentils,1
9574,vanilla extract bean paste,1
9575,rocket leaf,1
9576,3cm batons,1
9577,pot coconut,1
9578,salt pepper,1
9579,green chilli slices,1
9580,a little dairy-free sunflower spread,1
9581,good-quality cocoa powder,1
9582,ripe avocado flesh,1
9583,turkey trimmings,1
9584,1x2-2.5kg/4lb 8oz-5lb 8oz turkey breast,1
9585,3 whole,1
9586,bone racks,1
9587,baby kalamata olives,1
9588,mixed spring vegetables,1
9589,focaccia roll,1
9590,drizzle balsamic vinegar,1
9591,sliced radish,1
9592,polenta couscous,1
9593,rashers streaky dry-cured bacon,1
9594,fat slices,1
9595,buttered toast,1
9596,avocado peel,1
9597,millet,1
9598,unsweetened fortified almond milk,1
9599,frozen mixed fruit,1
9600,ready-to-roast vegetables,1
9601,pots plant cream,1
9602,dairy-free sunflower spread,1
9603,dairy-free chocolate 70% cocoa,1
9604,gluten-free and vegan sprinkles,1
9605,finger-length piece,1
9606,salted  pork scratchings,1
9607,mixed wild mushroom,1
9608,cooked skinless chicken meat,1
9609,chervil flat-leaf parsley,1
9610,spiced pears,1
9611,lb 5oz  beef fillets,1
9612,pot  dijon mustard,1
9613,tub marinated,1
9614,about 200ml condensed milk,1
9615,frozen butter,1
9616,frozen lard,1
9617,1 large or 2 small onions,1
9618,chopped  basil oregano,1
9619,streaky bacon lardon,1
9620,candy corn gomme,1
9621,frozen shredded coconut,1
9622,finely chopped green chilli,1
9623,reduced-fat mozzarella,1
9624,each toasted black mustard seeds,1
9625,vine,1
9626,3  or 4 garlic,1
9627,each ground turmeric,1
9628,pkt minced chicken,1
9629,2  fresh (,1
9630,tagliatelle rice,1
9631,300ml/½ pt semi-skimmed milk,1
9632,reduced fat crème fraîche,1
9633,grated nutmeg optional,1
9634,strong granary flour,1
9635,strong cheese,1
9636,free-range pork liver - ask your butcher,1
9637,shallot finely choppd,1
9638,mixed fresh  wild mushroom - horn,1
9639,"2 large, ripe bananas",1
9640,cooked north atlantic prawns,1
9641,petit pois,1
9642,crispy onion,1
9643,smoky blended whisky,1
9644,peach iced tea,1
9645,peach slice,1
9646,skinless chicken legs,1
9647,tinned  rhubarb,1
9648,non alcoholic rhubarb,1
9649,nosecco,1
9650,2cm lengths,1
9651,mini,1
9652,pink rhubarb stalks,1
9653,vietnamese spring roll wrappers,1
9654,blob horseradish paste,1
9655,young kale,1
9656,smooth cashew nut butter,1
9657,steamed tenderstem broccoli,1
9658,chilled blood orange juice,1
9659,37½ml lychee liqueur,1
9660,the other eggs,1
9661,300-400g granulated sugar,1
9662,low-sodium beef,1
9663,tamarind,1
9664,red grapefruits,1
9665,multicoloured sugar-coated chocolate buttons sweets,1
9666,just-ripe  pears,1
9667,length fresh  ginger,1
9668,1plump garlic clove,1
9669,equal-sized pieces,1
9670,chopped mixed nuts,1
9671,a 100g pack coriander,1
9672,blue and green food colouring,1
9673,traybake cake,1
9674,black forest frozen fruit mix,1
9675,peeled cooked prawns,1
9676,good-quality corn tortilla chips,1
9677,firm tomatoes,1
9678,1tbsp coarse sea salt,1
9679,2tsp black peppercorn,1
9680,zest 1  lime juice,1
9681,medium-sized carrots,1
9682,turkish inci flour,1
9683,no added sugar  sweetcorn,1
9684,reduced-fat strong  cheddar,1
9685,mince pie rum,1
9686,10 dried or fresh  orange slices,1
9687,round brie,1
9688,green cardamom,1
9689,lean leg,1
9690,gluten-free dark chocolate,1
9691,passion fruit curd,1
9692,ripe passion fruits flesh,1
9693,vegetarian mince,1
9694,weak  chicken stock,1
9695,firm white  fish fillets,1
9696,thin  lemon slices,1
9697,chard stalks,1
9698,korean red pepper flakes,1
9699,2tbsp yellow mustard seed,1
9700,claxton blue cheese,1
9701,medium-sized parsnips,1
9702,a scraping,1
9703,skinless chicken leg joints,1
9704,coarsely  ground black pepper,1
9705,vegan sausages,1
9706,rustic sourdough,1
9707,sliced brioche,1
9708,raw peeled  tiger prawn,1
9709,chopped sundried tomatoes,1
9710,1 little gem,1
9711,cooked  gammon,1
9712,seasonal veg,1
9713,gel food colourings,1
9714,lean fillet steak,1
9715,chopped soft-leaf thyme,1
9716,orange twist,1
9717,about 1 level tsp,1
9718,turkish red pepper paste,1
9719,sliced cooked pork,1
9720,green spring onions,1
9721,chilli powder hot,1
9722,big handfuls  spinach,1
9723,thick pork  sausages,1
9724,1 large or 2 medium potatoes skin,1
9725,2tbsp finely chopped parsley,1
9726,4tbsp freshly grated  parmesan,1
9727,1tbsp finely chopped sundried tomato,1
9728,2tbsp chopped coriander,1
9729,2tbsp horseradish cream,1
9730,coarsely crushed peppercorns,1
9731,2tbsp chives,1
9732,liqueur,1
9733,edible cake decoration,1
9734,crustless slice bread,1
9735,sheet dried nori,1
9736,300g fresh or frozen podded edamame,1
9737,shelled fresh,1
9738,ash goat's cheese log,1
9739,freshly grated  pecorino,1
9740,yellow onion,1
9741,peeled tomatoes,1
9742,half cup sugar,1
9743,quarter cup red wine vinegar,1
9744,scant ½,1
9745,very ripe baby avocado,1
9746,flour tortilla,1
9747,roasted  pork shoulder chops,1
9748,winter celeriac slaw,1
9749,a little  wholegrain mustard,1
9750,frozen chips,1
9751,floury soft white baps,1
9752,butter ketchup,1
9753,red miso,1
9754,175g fresh or  frozen pea,1
9755,big dash,1
9756,hispi cabbage outer leaves,1
9757,medium-thick slices,1
9758,6medium new potatoes,1
9759,ready-made  puff pastry,1
9760,boiled potatoes noodles,1
9761,black seedless grapes,1
9762,medium-large courgette,1
9763,extra firm tofu,1
9764,sprinkles coloured sugar,1
9765,1 large yellow pepper,1
9766,quantity beef,1
9767,soft brown sugar golden caster sugar,1
9768,180-200g  plain flour,1
9769,fine  vermicelli rice noodles,1
9770,powdered egg replacer,1
9771,thick soya yogurt,1
9772,oat biscuits,1
9773,2large onions,1
9774,jelly diamonds,1
9775,chilli jam ketchup,1
9776,tube  choco m&ms minis,1
9777,boneless lamb,1
9778,4plain naan bread,1
9779,very ripe charentais melon,1
9780,pouch stir-fry sauce,1
9781,head white cabbage,1
9782,sheet gelatine,1
9783,3 medium or 2 large orange juice,1
9784,very fresh medium free-range eggs,1
9785,small shallot,1
9786,carton fresh  custard,1
9787,3 juicy  lemons unwaxed,1
9788,good quality  meringues,1
9789,good quality  ice cream cones,1
9790,rounded tbsp cocoa powder,1
9791,tube  orange,1
9792,450nl whole milk,1
9793,good-quality chocolate,1
9794,a few fresh herb sprigs,1
9795,a big ol',1
9796,shredded cabbage,1
9797,mild salsa,1
9798,chipolatas sausages,1
9799,small handful clove,1
9800,good-quality vanilla custard,1
9801,nori sheet,1
9802,gluten-free porridge oats,1
9803,6large just ripe but firm  peaches,1
9804,scant,1
9805,a little cocoa powder,1
9806,robust  leafy greens,1
9807,"400g large, thick rib-eye",1
9808,well-trimmed beef skirt,1
9809,a 25g pack,1
9810,few rosemary sprigs needles,1
9811,8 flour tortillas,1
9812,pre-chopped mango,1
9813,black food colouring,1
9814,half thumb-sized piece ginger,1
9815,cooked roast beef,1
9816,a large pinch,1
9817,1small pack mint leaves,1
9818,1smal pack coriander,1
9819,each mustard seed,1
9820,fine  green beans stalk,1
9821,poppy seed rolls,1
9822,25g/1oz cucumber,1
9823,roasted pepper strips,1
9824,best quality  tomato,1
9825,each of  flatleaf parsley,1
9826,good quality greek  feta cheese,1
9827,jersey full cream milk,1
9828,silver leaf,1
9829,thin lamb chops,1
9830,toasted oats,1
9831,2 tbsp fresh or 2 tsp,1
9832,mixed shelled and blanched nut,1
9833,ground mastic ground,1
9834,tiny splash,1
9835,savoy cabbage leaves,1
9836,mixed candied peel,1
9837,oranges zested and,1
9838,brandy whiskey,1
9839,shredded  suet,1
9840,slow cooker,1
9841,1-litre pudding basin,1
9842,ready-cooked rice,1
9843,½l beef stock,1
9844,1medium fennel bulb stalks,1
9845,fresh  rosemary,1
9846,prime quality  beef fillet,1
9847,about 6 baby  courgettes,1
9848,2large little gem lettuces,1
9849,mahlepi ground,1
9850,¼tsp caster,1
9851,vegetarian cheddar cheese,1
9852,frozen  shortcrust pastry,1
9853,250-300ml/9-11fl oz pimm,1
9854,long  red chilli,1
9855,ripe but firm  avocado,1
9856,maca powder,1
9857,tofu patted,1
9858,wafer-thin ham,1
9859,about 12  dried egg lasagne sheets,1
9860,preserved lemon pulp,1
9861,each  flat-leaf parsley,1
9862,cold vegetable stock,1
9863,chopped fresh oregano,1
9864,thick turkey,1
9865,skinless duck breasts,1
9866,steamed stem broccoli,1
9867,good-quality large pork sausages,1
9868,tubs soft cheese,1
9869,m&amp;m,1
9870,heaped tbsp  capers,1
9871,cheese-flavoured tortilla chip,1
9872,4large flat portobello  mushrooms stalks,1
9873,4slices white bread,1
9874,gorgonzola  cheese,1
9875,prepared young leaf  spinach,1
9876,carton greek yogurt,1
9877,red chilli paste,1
9878,white rice  vinegar,1
9879,80g,1
9880,100g or ¼,1
9881,cheese sauce,1
9882,meaty cumberland sausages,1
9883,sage leaves chopped,1
9884,granary breadcrumbs,1
9885,dark chocolate 70&#37; grated,1
9886,sardine fillets,1
9887,a few tarragon sprigs,1
9888,1 large sweet potato,1
9889,rioja,1
9890,each ground  cumin turmeric,1
9891,turkey bacon,1
9892,4 egg whites,1
9893,each freshly squeezed orange lemon,1
9894,4tbsp nando's peri-bbq sauce,1
9895,packet danish blue cheese,1
9896,½ cup plus 2 tbsp,1
9897,900g-1kg  pink fir apple potatoes,1
9898,6  medium or 9 small tomatoes,1
9899,450-600g  mixed wild mushrooms,1
9900,raclette cheese rind,1
9901,mint green food colouring,1
9902,chipotle hot sauce,1
9903,young jackfruit,1
9904,short tube pasta,1
9905,thai red chillies,1
9906,grain  mustard optional,1
9907,frozen  seafood mix,1
9908,mint essence,1
9909,a cauliflower,1
9910,generous sprinkle,1
9911,half cider,1
9912,generous grindings,1
9913,asparagus soup,1
9914,green  lentils,1
9915,pot reduced-fat greek  yogurt,1
9916,mild red  chilli,1
9917,free range eggs,1
9918,ready to eat egg noodles,1
9919,jacket potatoes rice,1
9920,1large head,1
9921,cooked smoked bacon rashers,1
9922,about 20 skinless,1
9923,red chilli ½,1
9924,cooked large prawn,1
9925,fairly large gherkins big handful dates,1
9926,a swede,1
9927,ready-roasted chicken breasts,1
9928,approx 1.5kg tomatoes,1
9929,crispbreads,1
9930,lean  lamb cutlets fat,1
9931,hot low-sodium vegetable stock,1
9932,closed-cup mushroom,1
9933,marjoram sprig,1
9934,thai sweet chilli dipping sauce,1
9935,lemongrass roughly chopped,1
9936,japanese rice vinegar,1
9937,red thai chillies,1
9938,baby turnips skin,1
9939,cooked peeled prawns,1
9940,mini pitta bread,1
9941,your favourite fillings,1
9942,gluten-free bread,1
9943,zest 2 limes juice,1
9944,fennel bulbs fronds,1
9945,gim,1
9946,heaped tbsp brown sugar,1
9947,unsalted pistachios,1
9948,hot red chillies,1
9949,pandan essence,1
9950,belachan,1
9951,lemongrass white part,1
9952,raw unsalted peanuts,1
9953,brioche crumbs,1
9954,2tbsp dark rum,1
9955,chopped dark chocolate,1
9956,2tbsp apricot jam,1
9957,melted dark chocolate,1
9958,fizzy rainbow belts,1
9959,golden sugar balls,1
9960,beef stewing steak,1
9961,canned  tuna,1
9962,mango curry dinner,1
9963,preserved lemon skin,1
9964,garlic  salt,1
9965,50-70g pickles,1
9966,"2 large, very ripe avocados",1
9967,beef cheeks,1
9968,packet low-fat sausages,1
9969,big handfuls shredded spring greens,1
9970,450g fresh or frozen cranberry,1
9971,wholemeal basmati,1
9972,1⁄2-1 scotch bonnet pepper,1
9973,heaped tbsp onion chutney,1
9974,medium-large  tomatoes,1
9975,full-fat plain bio-yogurt,1
9976,heads chicory white,1
9977,mizuna,1
9978,peri peri sauce,1
9979,ready-made vinaigrette,1
9980,a honeydew  melon,1
9981,smoked venison,1
9982,oat and raisin cookies,1
9983,sliced dill pickles,1
9984,hot dogs,1
9985,dried,1
9986,crystallised stem ginger,1
9987,square piece,1
9988,about 3cm,1
9989,yellow bean,1
9990,pickled mooli,1
9991,150g fresh or frozen peas,1
9992,hot low-salt  vegetable stock,1
9993,cake sprinkles,1
9994,grated  ginger,1
9995,piece  root ginger,1
9996,stir fry rice noodles,1
9997,cooked rice natural yogurt,1
9998,candied lemon peel,1
9999,danmuji,1
10000,seafood sticks,1
10001,a few strips,1
10002,tub passata,1
10003,baby frozen broad beans,1
10004,watercress woody stalks,1
10005,tub cottage cheese,1
10006,noodles,1
10007,thick caramel,1
10008,chilled milk,1
10009,6 pork sausages,1
10010,chunky haddock fillet,1
10011,freshly brewed very strong  coffee,1
10012,leftover  roasted root vegetables,1
10013,pouch  cooked puy lentils,1
10014,wholemeal sourdough,1
10015,glass oloroso sherry,1
10016,half a small red onion,1
10017,1.6-1.8kg boned shoulder,1
10018,saffron yogurt,1
10019,seasonal squashes,1
10020,sugared lemon zest,1
10021,warm  flour tortillas,1
10022,350g/12,1
10023,big pinch saffron,1
10024,round  suits,1
10025,zest 1  orange 25p,1
10026,a few doilies,1
10027,gold card,1
10028,100ml/3½fl oz buttermilk,1
10029,50ml/2fl oz vegetable oil,1
10030,slabs pork loin ribs,1
10031,shiitake,1
10032,massaman curry powder,1
10033,2x 400ml,1
10034,peeled raw tiger prawn,1
10035,the fridge,1
10036,mint mint,1
10037,pre-cooked puy lentils,1
10038,powdered ginger,1
10039,rolled porridge oat,1
10040,mixed garden,1
10041,your chilli sauce,1
10042,long  rosemary sticks,1
10043,fondant,1
10044,orange food colouring,1
10045,maple syrup optional,1
10046,about 140g,1
10047,sun-blushed tomatoes,1
10048,pastry 15cm/6,1
10049,fresh rosemary,1
10050,drained  capers,1
10051,cooked frozen prawns,1
10052,small pack coriander,1
10053,good-quality unsalted butter,1
10054,good-quality sea salt flakes,1
10055,thick seedless raspberry jam,1
10056,2½kg piece boneless pork belly skin,1
10057,macaroon,1
10058,seedless white grape,1
10059,about half a bottle,1
10060,butternut squash sliced,1
10061,fun size bag,1
10062,edible metallic pearlescent white paint,1
10063,silver pearl balls,1
10064,thin paintbrush,1
10065,cake scraper,1
10066,goat's butter,1
10067,soft creamy goat's cheese,1
10068,banana granola,1
10069,sparking water,1
10070,or 1.25kg/2,1
10071,lemon sole double-fillets,1
10072,curd cheese,1
10073,ready-to-eat  dried apricots,1
10074,a few  lemon thyme sprigs,1
10075,quick-cook fine polenta,1
10076,tbsp/60ml extra virgin olive oil,1
10077,silver lustre dust,1
10078,a little artificial pink food colouring,1
10079,crisp buttery  biscuits,1
10080,very soft salted butter,1
10081,6-bone rack,1
10082,warm,1
10083,warm cranberry juice,1
10084,0% fat natural yogurt,1
10085,crushed chillies,1
10086,white and black icing pens,1
10087,papayas,1
10088,very strong cheddar,1
10089,½l gluten-free chicken,1
10090,cooked lentils tomato,1
10091,bird’s-eye chillies,1
10092,extra lean stewing beef,1
10093,6rashers streaky bacon,1
10094,four handfuls grated parmesan,1
10095,even-size potatoes,1
10096,salad spinach,1
10097,single cream vanilla ice cream,1
10098,3-4 chunks,1
10099,anchovy fillet,1
10100,artisan-style baguette,1
10101,small jar,1
10102,grated rind,1
10103,pint double cream,1
10104,each carrot onion,1
10105,ready-made puff pastry,1
10106,japanese,1
10107,glass vermicelli noodles,1
10108,steamed japanese rice,1
10109,shichimi togarashi chilli powder,1
10110,longjing tea leaves,1
10111,2 tsp cold water,1
10112,chopped tomatoes passata,1
10113,young broad beans,1
10114,thick slices bloomer bread,1
10115,boneless pork chops fat,1
10116,wild trout fillets,1
10117,greek yoghurt,1
10118,channa,1
10119,thick slices ginger,1
10120,ripe  apricots,1
10121,ditaloni rigati,1
10122,vegan parmesan,1
10123,chickpea flour,1
10124,plant-based  sausages,1
10125,1 vegan stock cube,1
10126,wood ear fungus,1
10127,bean curd stick,1
10128,chinese celery,1
10129,glass noodles,1
10130,unwaxed organic lemons,1
10131,citric acid powder,1
10132,about 40 fresh elderflowers,1
10133,urad lentils,1
10134,leftover boiled,1
10135,"1 small, ripe pineapple",1
10136,a squeezy tube,1
10137,broccoli leaves,1
10138,pre-blanched,1
10139,medium-sized slices bread,1
10140,cooked smoked ham,1
10141,sachet stir fry sauce,1
10142,no-need-to-cook egg noodles,1
10143,pot  ricotta,1
10144,prawns shells,1
10145,nettle leave,1
10146,british blue cheese,1
10147,ripe  avocado flesh,1
10148,5sprigs thyme,1
10149,2sprigs mint,1
10150,about 250-300g,1
10151,8sprigs rosemary,1
10152,rosemary and thyme leaves,1
10153,portions,1
10154,white sourdough,1
10155,2 passion fruits,1
10156,emmental gruyère,1
10157,1 passion fruit,1
10158,cooked cabbage,1
10159,stem ginger balls,1
10160,big scoops,1
10161,roughly chopped walnuts,1
10162,bunch thyme,1
10163,easy-blend yeast,1
10164,tub vanilla-flavoured custard,1
10165,lemongrass very roughly chopped,1
10166,lychee,1
10167,seedless green  grapes,1
10168,dark coloured jelly beans,1
10169,white  marzipan,1
10170,red piping gel,1
10171,75cl  bottle red wine,1
10172,finely chopped capers,1
10173,700-800ml hot vegetable stock,1
10174,portabella  mushrooms,1
10175,opener,1
10176,best-quality rhubarb,1
10177,organic lemon,1
10178,egg tagliatelle,1
10179,chopped flatleaf parsley,1
10180,pizza dough balls,1
10181,4tbsp honey,1
10182,square baking tin,1
10183,kitchen paper,1
10184,taiwanese black vinegar,1
10185,knife,1
10186,chicory head,1
10187,few raspberries,1
10188,soft  breadcrumbs,1
10189,shelled,1
10190,finely grated pecorino cheese,1
10191,fusilli lunghi,1
10192,sugared almonds,1
10193,quark cheese,1
10194,chocolate cake,1
10195,passion fruits flesh,1
10196,zip-seal freezer bags,1
10197,zip-seal freezer bag,1
10198,potato skin,1
10199,flat cap mushrooms stalks,1
10200,black assam tea leaves,1
10201,lettuce heart,1
10202,280g/10oz  self-raising flour,1
10203,pretty paper,1
10204,combination,1
10205,creamy peanut butter,1
10206,powdered sugar,1
10207,gallon ziplock bags,1
10208,duck breasts fat,1
10209,mushy peas,1
10210,thyme branches,1
10211,¼kg boneless pork leg roasting joint,1
10212,good sprays,1
10213,salmon fillet cut,1
10214,round  piping nozzle,1
10215,sparklers,1
10216,chilled,1
10217,20g/1oz pack,1
10218,thick crème fraîche,1
10219,¼kg potatoes,1
10220,big pork loin chops,1
10221,oranges clementines,1
10222,jam pan,1
10223,kalamata olives stones,1
10224,white wine red wine,1
10225,flaked toasted almond,1
10226,young pea,1
10227,4tbsp chopped fresh mint,1
10228,skinless and boneless  chicken thighs,1
10229,the  turkey neck,1
10230,cook's  blowtorch,1
10231,smalls,1
10232,korma  curry paste,1
10233,round wooden board,1
10234,shop-bought madeira loaf cake,1
10235,greengage,1
10236,trimmings,1
10237,peri-peri seasoning,1
10238,coarse fresh breadcrumb,1
10239,squirts oil spray,1
10240,"8 small, soft   flour tortillas",1
10241,wedge  iceberg lettuce,1
10242,a 190g pack feuilles de brick pastry,1
10243,few pinches cinnamon,1
10244,1 large or 2 small heads,1
10245,thai chilli,1
10246,mixed woody herbs,1
10247,fresh bay,1
10248,tall,1
10249,thick white bread crusts,1
10250,thin-sliced rashers streaky bacon,1
10251,large cucumber,1
10252,organic broccoli,1
10253,medium potato,1
10254,"25g dried, sweetened cranberry",1
10255,malibu rum,1
10256,sliced  pineapple,1
10257,powdered fenugreek,1
10258,powdered paprika,1
10259,waffle ice cream cones,1
10260,up to 6 tbsp sunflower oil,1
10261,cooked rice noodle,1
10262,1⁄2 small bunch dill fronds,1
10263,dry-cured streaky bacon rashers,1
10264,sage sprig,1
10265,mild-flavoured oil,1
10266,unblanched almonds,1
10267,ready-made apple sauce,1
10268,organic sweetcorn,1
10269,organic carrots,1
10270,hobnobs,1
10271,organic full-fat milk,1
10272,pot keta,1
10273,few black  peppercorns,1
10274,2sprigs fresh  thyme,1
10275,fluffy white baps,1
10276,boneless duck breasts,1
10277,warm chicken stock,1
10278,hot-smoked salmon fillets,1
10279,la medida mezcal,1
10280,verdita,1
10281,masala coffee liqueur,1
10282,50ml boiling water,1
10283,shakes,1
10284,lean braising steak,1
10285,organic free-range pork chipolatas,1
10286,organic butter,1
10287,red fruit  compote,1
10288,300-350g/11oz-12oz sirloin steak,1
10289,a 20g bunch dill leaves,1
10290,filled tortellini,1
10291,150-200ml ginger beer,1
10292,each sweet paprika ground cumin,1
10293,teabag,1
10294,vegetarian samosas,1
10295,200-300ml greek yogurt,1
10296,fine sev,1
10297,finely grated pecorino,1
10298,fine sea salt sea salt flakes,1
10299,12 cardamom pods,1
10300,noodle,1
10301,¼kg red cabbage,1
10302,3tbsp red wine vinegar,1
10303,about 1.5-2kg,1
10304,jalapeño chillies,1
10305,about 16 salad,1
10306,mexican lager,1
10307,frozen mixed peas,1
10308,pizza tomato sauce,1
10309,coriander roots,1
10310,thin slices baguettes,1
10311,peppered rice,1
10312,lean lamb neck,1
10313,600g fresh or frozen broad beans,1
10314,chocolate-covered coffee beans,1
10315,750ml/ 1&frac14;pint bottle light red wine,1
10316,a star anise,1
10317,universal dough,1
10318,red and green food colouring paste,1
10319,poppy,1
10320,white chocolate bars,1
10321,courgettes half grated,1
10322,dill two-thirds,1
10323,heaped tbsp  garlic,1
10324,thick slices galangal,1
10325,oven-ready wood pigeons,1
10326,robust herbs,1
10327,garlic cloves bashed but not,1
10328,3 large or 4 medium,1
10329,grated  pecorino,1
10330,frozen chopped french green beans,1
10331,packet mini chicken breast fillets,1
10332,open cup mushrooms stalks,1
10333,400g/ 14 oz piece,1
10334,sweet pickled cucumber,1
10335,mini burger buns,1
10336,rashers crispy bacon,1
10337,a few  basil,1
10338,50% cocoa solids,1
10339,maldon sea salt flakes,1
10340,cooked jacket potatoes,1
10341,strip fresh ginger,1
10342,fresh thyme sprigs leaves,1
10343,ancho chilli flakes,1
10344,skinless firm white fish fillets,1
10345,a large orange,1
10346,mozarella balls,1
10347,pot mascarpone cheese,1
10348,boned and rolled pork shoulder skin,1
10349,1⁄2 tsp caster sugar,1
10350,brussels sprouts trimmed and gently pulled apart,1
10351,sesame seeds crispy onions,1
10352,leeks roughly 300g,1
10353,green whole leaf tea,1
10354,quality pork sausages,1
10355,salsa dip,1
10356,pizza sauce,1
10357,frozen sweetcorn sliced olives,1
10358,800g-1kg brisket boneless,1
10359,6 small or 3 large whole dried chillies,1
10360,sliced  clementine,1
10361,100ml-120ml sweet dessert wine red wine,1
10362,citrus fruits,1
10363,250-300g fresh lasagne sheets,1
10364,ready-cooked pouch coconut rice,1
10365,a 22cm pie dish following pack instructions,1
10366,red-skinned eating apple,1
10367,finely chopped  fresh thyme,1
10368,finely chopped herbs,1
10369,1⁄4 - 1  chilli,1
10370,½l hot chicken stock,1
10371,chinese black rice vinegar cider,1
10372,1 tsp,1
10373,single salmon fillet,1
10374,feta roughly crumbled,1
10375,brandy butter double cream,1
10376,the sundried tomato jar,1
10377,easy-cook long-grain brown rice,1
10378,finely chopped oregano,1
10379,green leafy salad,1
10380,thin rice vermicelli,1
10381,shrimp,1
10382,crème-filled chocolate sandwich cookies,1
10383,pre-cooked beetroots,1
10384,800g-900g skinless firm white  fish fillets,1
10385,a white sourdough,1
10386,a little  vegetable oil,1
10387,200g/7oz butter,1
10388,50ml/2fl oz milk,1
10389,hot  custard,1
10390,good pinch saffron threads,1
10391,risotto,1
10392,crisp croûton,1
10393,red-skinned  potatoes,1
10394,beef fillet steaks,1
10395,parsley coriander,1
10396,edible silver lustre,1
10397,value,1
10398,toasted rye bread,1
10399,very strong coffee- espresso,1
10400,ready-rolled  shortcrust pastry,1
10401,shredded vegetable,1
10402,thick coconut yogurt,1
10403,175g/6oz pork steak,1
10404,pink and caramel  food colouring pastes,1
10405,25-50g acorn flour,1
10406,tub quark,1
10407,vegan,1
10408,pork tenderloin fillets,1
10409,a sharp dressing,1
10410,rib celery,1
10411,fresh mushroom varieties,1
10412,green onions,1
10413,the head,1
10414,watercress cucumber,1
10415,chopped  garlic,1
10416,fresh  red chilli,1
10417,lamb rumps,1
10418,veal escalopes,1
10419,500g/ 1lb 2oz swede,1
10420,275-300g plain flour,1
10421,young runner beans,1
10422,good-quality extra virgin olive oil,1
10423,green tagliatelle,1
10424,streaky pork rashers,1
10425,tubs frozen chicken livers,1
10426,1 beef stock cube,1
10427,soft  corn tortillas,1
10428,trompetti,1
10429,packet  rocket,1
10430,seedless  raspberry jam,1
10431,plump red chilli seeds,1
10432,roughly chopped fresh coriander,1
10433,crumbled goat's cheese,1
10434,'00'  pasta flour,1
10435,scoops ice cream,1
10436,7-inch pastry case,1
10437,pint milk,1
10438,galia melon,1
10439,500g/ 1lb 2oz floury potatoes,1
10440,gluten-free plain white flour,1
10441,canned coconut milk,1
10442,good quality bacon lardons,1
10443,mixed cheese,1
10444,uncooked ham,1
10445,dark miso paste,1
10446,fresh basil leaves,1
10447,about 100g berries,1
10448,chunky 5cm cubes,1
10449,chicken thighs fillets,1
10450,2large pitta,1
10451,mixed  beans,1
10452,4large tomatoes,1
10453,french dressing homemade,1
10454,thick sirloin,1
10455,raw cooking chorizo,1
10456,quick garlic mayonnaise,1
10457,boneless pork loin chops,1
10458,good quality chicken stock,1
10459,2tsp salt,1
10460,the moisture,1
10461,3tbsp chopped fresh root ginger,1
10462,ready-made falafel,1
10463,frozen shelled edamame,1
10464,thin squares,1
10465,1large cauliflower,1
10466,light chicken,1
10467,finely snipped  chives,1
10468,thick greek strained yogurt,1
10469,peeled cherry tomatoes,1
10470,ready-shelled frozen edamame beans,1
10471,very large live mussels,1
10472,thick slice bread,1
10473,cooked leftover chicken,1
10474,little caviar jackets,1
10475,pouch microwave long-grain rice,1
10476,lingonberry,1
10477,dracula's fangs sweets,1
10478,150-200g breadcrumbs,1
10479,bulb,1
10480,cheshire potatoes,1
10481,good-quality butter,1
10482,peeled and cooked jumbo king prawns,1
10483,balsamic pickled onions,1
10484,thick british boneless  lamb leg,1
10485,british  baby plum tomato,1
10486,british  watercress,1
10487,cooked plain rice,1
10488,lean,1
10489,head lollo rosso lettuce,1
10490,long pointy batons,1
10491,leftover cooked chipolatas,1
10492,unpeeled salad,1
10493,little rosemary sprigs,1
10494,1sprig thyme,1
10495,grain  mustard,1
10496,chopped rashers,1
10497,warm soft tortillas,1
10498,mixed rocket spinach,1
10499,vegetable stock concentrate,1
10500,sugar-free peanut butter,1
10501,unwaxed citrus fruit,1
10502,sheets puff,1
10503,few splashes,1
10504,thumb-size pieces,1
10505,frozen raw peeled king prawns,1
10506,caramel chocolates,1
10507,5% fat pork mince,1
10508,1tsp dried oregano,1
10509,a few small ones,1
10510,vanilla-infused sugar,1
10511,¼kg red roseval new potatoes,1
10512,thin half-moons,1
10513,juice ½ small lemon,1
10514,very finely snipped chive,1
10515,rosso vermouth,1
10516,vegetable stir-fry,1
10517,miniature chipolatas,1
10518,400ml/14fl oz,1
10519,freeze-dried lime,1
10520,trout fillet,1
10521,mixed spring  vegetables,1
10522,greek natural yogurt,1
10523,a drop vanilla extract,1
10524,replace yoghurt,1
10525,1tsp dried mixed herbs,1
10526,2tbsp tomato purée,1
10527,rice pudding,1
10528,good-quality apple sauce,1
10529,vegan  vegetable stock,1
10530,loaf white farmhouse bread,1
10531,german-style sausages,1
10532,cooked pork,1
10533,2 large cobs,1
10534,granulated palm,1
10535,crumbled freeze-dried kaffir lime,1
10536,1head radicchio,1
10537,larger,1
10538,mint few leaves,1
10539,pouch cooked basmati rice,1
10540,cooked  puy lentils,1
10541,sliced runner beans,1
10542,frozen vegetable mix,1
10543,couple dashes,1
10544,good-quality oyster sauce,1
10545,pickle spears,1
10546,iceburg lettuce,1
10547,low-sugar tomato ketchup,1
10548,pickle brine,1
10549,half pint milk,1
10550,nut snack mix,1
10551,coarsely crushed black peppercorn,1
10552,hot green chillies,1
10553,skinny fries,1
10554,thick  greek yogurt,1
10555,1cm slices lengthways,1
10556,each vodka,1
10557,wild skinless salmon,1
10558,pot full-fat  greek yogurt,1
10559,pot full-fat crème fraîche,1
10560,strawberry sliced,1
10561,oranges chopped,1
10562,inch piece,1
10563,green bird's eye chillies,1
10564,kasoori methi,1
10565,ancho chillies seeds,1
10566,lamb shoulder bone,1
10567,several sprigs,1
10568,pkt cherry tomatoes,1
10569,free range organic  egg yolks,1
10570,pompadour ice cream fan  wafers,1
10571,just-ripe  mango,1
10572,wedge pink grapefruit,1
10573,short cinnamon stick,1
10574,ready-cooked ham hock,1
10575,good-size onions,1
10576,hazelnut finely chopped,1
10577,optional straw,1
10578,chipotle paste optional,1
10579,2tbsp fajita spice mix,1
10580,1tbsp sugar,1
10581,peeled and coarsely grated apple,1
10582,gluten-free oat,1
10583,pro-biotic live greek yogurt,1
10584,white crab meat,1
10585,cornstarch,1
10586,vegetable stir-fry mix,1
10587,half bunch,1
10588,mixed cooked seafood,1
10589,frozen roast potatoes,1
10590,cooked following pack instructions,1
10591,chilli harissa,1
10592,pickling onions,1
10593,shallots skin,1
10594,a watermelon,1
10595,thick slices brown bread,1
10596,jerk spice blend,1
10597,vindaloo  curry paste,1
10598,mutalo chillies,1
10599,salted tortilla chips,1
10600,refried bean,1
10601,1 tsp sunflower oil,1
10602,1.6-1.8kg  kosher chicken,1
10603,medium-sized,1
10604,a handful flat-leaf parsley,1
10605,chicken schmaltz,1
10606,leafy fronds,1
10607,a few raisins,1
10608,extra chopped fruit,1
10609,pot raisins nuts,1
10610,a 500g pack white bread mix,1
10611,eggs fridge,1
10612,1 large or 2 small cinnamon sticks,1
10613,2.5cm,1
10614,kalamata black olive,1
10615,greek clear honey,1
10616,vegetarian kefalotyri/ pecorino,1
10617,horseradish mash,1
10618,pumpkin winter squash,1
10619,unsalted almond butter,1
10620,pouring,1
10621,heaped tbsp light brown soft sugar,1
10622,radish thinly sliced lengthways,1
10623,lb 5oz beef fillet,1
10624,jeera powder,1
10625,thick matchsticks,1
10626,20–25 whole  black peppercorns,1
10627,strawberry conserve,1
10628,each mint,1
10629,a good grating nutmeg,1
10630,tsp chipotle paste,1
10631,vanilla yogurt,1
10632,skinned hazelnuts ground,1
10633,quantity vanilla,1
10634,lightly beaten  egg white,1
10635,tropical dried fruits,1
10636,silver ball,1
10637,round piping nozzle,1
10638,soft  butter,1
10639,400g cans chopped tomatoes,1
10640,250g tub ricotta,1
10641,vegetarian gruyère -style cheese,1
10642,each sesame oil,1
10643,frozen raw prawn,1
10644,stir-fry pack mixed vegetables,1
10645,sachet oyster sauce,1
10646,each chopped thyme,1
10647,custard cream biscuits,1
10648,generous pinch saffron threads,1
10649,frozen avocado cut,1
10650,pheasant,1
10651,cranberries cherries,1
10652,sachet stir-fry  sauce,1
10653,light   soy sauce,1
10654,good-quality black coffee,1
10655,mixed roots,1
10656,ripe  plum tomatoes,1
10657,individual unpeeled cloves,1
10658,few thyme,1
10659,malted milk,1
10660,butterscotch pudding whip,1
10661,marigold swiss vegetable bouillon powder,1
10662,pasta wheat,1
10663,dry white  vermouth,1
10664,white sauce,1
10665,tub olives,1
10666,runner beans stalks,1
10667,medium-large chicken,1
10668,english muffin,1
10669,peaches halves,1
10670,mixed game meat,1
10671,shredded  little gem lettuce,1
10672,4slices white,1
10673,4thick slices,1
10674,heaped tbsp natural bio yogurt,1
10675,1 small green pepper,1
10676,pink lady,1
10677,sweet red wine,1
10678,chilli pasta sauce,1
10679,quantity blackberry,1
10680,yellow coconut curry sauce,1
10681,ready-cooked lemon basmati rice,1
10682,hot-smoked  salmon fillets,1
10683,ready-roasted  red pepper,1
10684,chopped mixed nut,1
10685,sliced banana,1
10686,fajita spice mix,1
10687,baby cooking  chorizo,1
10688,hash browns,1
10689,green  apple,1
10690,strong roots sweet potato fries,1
10691,pickled gherkin slices,1
10692,1 large or 2 small  iceberg lettuces,1
10693,your favourite bread bread,1
10694,soft ricotta,1
10695,1 lime pinch,1
10696,thin beef steak,1
10697,10% fat  greek yogurt,1
10698,vanilla whey protein,1
10699,yogurt berries,1
10700,30-33cm  puff pastry round sheet,1
10701,125-150ml ginger beer,1
10702,summer fruits,1
10703,biscuit selection,1
10704,quail's eggs,1
10705,thin-cut  sirloin,1
10706,125ml/ 4fl oz,1
10707,good-quality  dark chocolate,1
10708,shichimi togarashi japanese spice blend,1
10709,1bag plain tortilla chips,1
10710,aubergines stalks,1
10711,210g,1
10712,frozen wild salmon,1
10713,about 300g meat,1
10714,very fresh  eggs,1
10715,avruga  caviar,1
10716,homemade lime syrup,1
10717,an edible flower,1
10718,medium-sized 'long'  peppercorns,1
10719,thin  rice noodle,1
10720,pastry flour,1
10721,1tsp caster sugar,1
10722,romadur cheese,1
10723,½tbsp,1
10724,courgettes finely chopped,1
10725,fresh tomato salsa,1
10726,edible golden lustre,1
10727,fast action yeast,1
10728,geranium water,1
10729,geranium flowers,1
10730,milano salami,1
10731,dolce gorgonzola,1
10732,cherries stones,1
10733,crème fraîche optional,1
10734,puffed wheat,1
10735,three-cornered leek,1
10736,finely sliced shallots,1
10737,finely sliced  peppers,1
10738,roughly chopped tomatoes,1
10739,distilled malt vinegar,1
10740,fresh peas,1
10741,really generous grating,1
10742,lean  lamb neck fillet,1
10743,frozen skinless cod fillets,1
10744,flatleaf parsley stalks,1
10745,400g/ 1lb strawberry compote,1
10746,non-stick  baking parchment,1
10747,frozen raw,1
10748,the classic hot cross buns,1
10749,chunky cubes,1
10750,tracklemans,1
10751,150-175g/5-6oz pork tenderloin,1
10752,piece fresh root ginger,1
10753,about 50g flat rice noodles,1
10754,thin egg noodles,1
10755,chilli prawn cracker,1
10756,heaped tbsp coriander purée,1
10757,crushed dried chillies,1
10758,half a  pack chinese egg noodles,1
10759,shop-bought madeira cake,1
10760,a 340g jar morello cherry,1
10761,ready-toasted flaked almonds,1
10762,yellow and red pepper both,1
10763,about 3-4 tbsp coconut milk,1
10764,wholemeal linguine,1
10765,about 100ml/3½ fl,1
10766,middle eastern  flatbreads,1
10767,frozen oven fries,1
10768,mixed grated cheddar,1
10769,low-salt vegetable stock cube,1
10770,steamed couscous,1
10771,sachets,1
10772,3tbsp sunflower oil,1
10773,elderflowers heads,1
10774,few strips lemon peel,1
10775,good-quality vodka,1
10776,matcha green teabag,1
10777,quarters,1
10778,ice creams,1
10779,baby fennel bulbs,1
10780,fresh root  ginger,1
10781,crispy shallots,1
10782,bone-in lamb,1
10783,ginger most finely chopped,1
10784,legs,1
10785,just-boiled  water,1
10786,carrot cucumber,1
10787,a grind,1
10788,holly to decorate,1
10789,each cumin,1
10790,young  grouse legs,1
10791,white country bread,1
10792,cr&egrave;me de cassis,1
10793,1–2  garlic,1
10794,dipping sticks,1
10795,very hot olive oil,1
10796,burrata,1
10797,plump duck breasts skin,1
10798,fresh broad beans,1
10799,fresh pea,1
10800,chopped smoked back bacon,1
10801,rinsed and drained  chickpeas,1
10802,wild blueberry,1
10803,full fat  milk,1
10804,tablet lime jelly,1
10805,greek-style coconut yogurt,1
10806,medium wheat noodles,1
10807,very cold water,1
10808,warm  whole milk,1
10809,peeled garlic,1
10810,450g pack or 6 fat sausage,1
10811,red eating apple,1
10812,1tbsp caster sugar,1
10813,4tbsp polenta,1
10814,half a,1
10815,charred brussels sprouts,1
10816,dessert apple,1
10817,green and brown fondant,1
10818,red and green sanding sugar,1
10819,paper cupcake,1
10820,shop-bought malt loaf,1
10821,sachet dried fast-action yeast,1
10822,beans,1
10823,smooth marmalade,1
10824,cooked and peeled tiger prawns,1
10825,4cm/1½in root ginger,1
10826,bok choy leaves,1
10827,2medium waxy  potatoes,1
10828,vignotte  cheese,1
10829,crushed chilli,1
10830,lucky charms cereal,1
10831,scoops,1
10832,generous squirts,1
10833,mini pink meringue,1
10834,sustainable firm,1
10835,fine fresh  breadcrumb,1
10836,pot half-fat soured cream,1
10837,roughly chopped fresh tarragon,1
10838,thick strip,1
10839,2cm/¾in piece,1
10840,650-700g butternut,1
10841,good-quality dressing,1
10842,mimosa balls,1
10843,crusty white bread roll,1
10844,lean pork tenderloin cut,1
10845,salted almond brittle,1
10846,lamb fillets,1
10847,cep mushroom,1
10848,apricot glaze,1
10849,about 250g assorted chocolate honeycomb,1
10850,orange shred marmalade,1
10851,candied mixed peel,1
10852,thai rice noodle,1
10853,cooked  chicken breasts,1
10854,natural roasted  peanut,1
10855,each fish sauce,1
10856,chopped pieces,1
10857,finely grated rind,1
10858,good handful cherry tomatoes,1
10859,skinless thick fillets,1
10860,roasted aubergine,1
10861,3tbsp tomato purée,1
10862,coconut yoghurt,1
10863,short,1
10864,black cardamom,1
10865,1⁄2 red chilli powder,1
10866,a  small red onion,1
10867,plain  hummus,1
10868,each finely chopped fresh  parsley,1
10869,indian pickle,1
10870,5mm slices lengthways,1
10871,1⁄4 tsp cayenne pepper,1
10872,bread thins,1
10873,gluten-free digestive biscuits,1
10874,2cm-wide chips,1
10875,chickens,1
10876,hollandaise sauce,1
10877,3tbsp vegan butter,1
10878,1tsp cumin seeds,1
10879,rashers rindless streaky bacon,1
10880,2tbsp fresh ginger,1
10881,good-quality,1
10882,medium-hot mustard,1
10883,yorkshire tea bags,1
10884,cook,1
10885,100-200ml  vermouth,1
10886,100-200ml campari,1
10887,beef fillet - ask your butcher,1
10888,mouli  radish,1
10889,fresh  lemon juice,1
10890,very finely chopped fresh parsley,1
10891,200-250g  punnet cherry tomatoes,1
10892,peeled atlantic prawns,1
10893,25-50g/1-2 oz butter,1
10894,2tsp liquid smoke,1
10895,reserved  chilli tops,1
10896,good quality  sausagemeat,1
10897,chicken legs portions,1
10898,roasted garlic,1
10899,softened  butter,1
10900,italian hard cheese,1
10901,690-700g  passata,1
10902,trimmed spring greens,1
10903,mixed beets leaves,1
10904,5mm,1
10905,175-200ml milk,1
10906,freshly made espresso,1
10907,the flesh,1
10908,chipotle tabasco sauce,1
10909,blonde raisin,1
10910,walnut bread,1
10911,tub guacamole,1
10912,unsalted  cashew nuts,1
10913,low-fat  fromage frais,1
10914,8 round slices,1
10915,tomato roughly chopped,1
10916,finger-sized piece cucumber,1
10917,ready-made mint sauce,1
10918,light muscovado sugar light muscovado sugar,1
10919,dry   cider,1
10920,sashimi-grade tuna,1
10921,mild green chilli,1
10922,thin round slices,1
10923,pouch microwave mixed grains,1
10924,natural yoghurt,1
10925,little chopped parsley,1
10926,red mullet fillets,1
10927,tumeric,1
10928,pouch cooked brown basmati rice,1
10929,flour sponge flour,1
10930,warm  milk,1
10931,kale chard,1
10932,compote,1
10933,5-5½ kg oven-ready turkey,1
10934,heaped tbsp mincemeat,1
10935,"large, raw",1
10936,manzanilla  olives,1
10937,plums stones,1
10938,fat-free fromage frais,1
10939,other mixed nuts,1
10940,roughly 1½ cups breadcrumbs,1
10941,strong vegetarian cheddar cheese,1
10942,a medium red onion,1
10943,freshly-ground black pepper,1
10944,fresh seasonal fruit,1
10945,100g fresh or frozen,1
10946,cartons crème fraîche,1
10947,225g fresh or frozen,1
10948,extra  raspberries,1
10949,green teabag,1
10950,st germain elderflower liqueur,1
10951,fruitcake see 'goes,1
10952,three 5-pointed star cutters,1
10953,soft chinese pancakes,1
10954,175g/6oz polenta,1
10955,beef chuck steak,1
10956,200g/7oz ground almond,1
10957,1.8-2kg shoulder,1
10958,cannelloni,1
10959,jaffa cakes,1
10960,raspberry sauce,1
10961,half pint vegetable stock,1
10962,christmas chocolate biscuit cake mix,1
10963,gingerbread biscuit dough,1
10964,quantity  royal,1
10965,quantity royal,1
10966,red and yellow food colouring gels,1
10967,chocolate fondant,1
10968,red sugar pearls,1
10969,boned  shoulder,1
10970,frozen white fish,1
10971,140g/5oz butter,1
10972,gold balls,1
10973,sun-dried chilli paste,1
10974,lentil drained and rinsed,1
10975,crumbly  goat's cheese,1
10976,strong black  teabags,1
10977,orange essence,1
10978,gluten-free sourdough,1
10979,gluten-free spaghetti,1
10980,1½kg ham shank,1
10981,low-fat prawn cocktail,1
10982,iceberg lettuce iceberg lettuce,1
10983,cooked seafood mix,1
10984,cooked beansprouts,1
10985,0% fat greek yoghurt,1
10986,bar white belgian chocolate,1
10987,willie’s cacao venezuelan black 100% carenero cacao,1
10988,shin,1
10989,rosemary and thyme,1
10990,stock whatever,1
10991,frozen  prawn,1
10992,375g pack  shortcrust pastry,1
10993,each fennel seeds,1
10994,12-pack assorted mini bread rolls,1
10995,muña mint,1
10996,medium-large maris piper,1
10997,canned cannellini beans,1
10998,mixed chopped herbs,1
10999,a small thinky sliced red  onion,1
11000,good quality black olives,1
11001,shaved  parmesan,1
11002,lager beer,1
11003,fillet sustainable cod,1
11004,green green chillies,1
11005,5 lemons,1
11006,mild vegetarian curry paste,1
11007,half-moon slices,1
11008,brined green peppercorn,1
11009,36 chunks,1
11010,1large baguette,1
11011,edible green glitter,1
11012,3large courgettes,1
11013,apple cider,1
11014,heaped tbsp english mustard,1
11015,long wooden skewers,1
11016,pre-cooked  basmati rice,1
11017,roasted chicken breasts,1
11018,frozen luxury seafood cocktail,1
11019,morrisons lamb shoulder roast whole fat,1
11020,demerara,1
11021,¼kg leg,1
11022,700g-800g  beef fillet cut,1
11023,crème anglaise,1
11024,chinese  five spice powder,1
11025,little sesame oil,1
11026,smooth  peanut butter,1
11027,a sprinkling,1
11028,sliced bamboo shoots,1
11029,light  mascarpone,1
11030,basmati rice yogurt,1
11031,good-quality vegetable stock,1
11032,chopped chocolate,1
11033,blood oranges,1
11034,silicone bundt moulds,1
11035,good-quality anchovies,1
11036,4large pitta,1
11037,soft mild goat's cheese,1
11038,high-grade matcha,1
11039,plump asparagus,1
11040,preferably jersey royals,1
11041,packet rocket,1
11042,skinless   chicken breasts,1
11043,fine shred  orange marmalade,1
11044,molasses cane sugar,1
11045,pointed green cabbage,1
11046,curry sauce,1
11047,white bread sourdough,1
11048,leek finely diced,1
11049,young nettle leaves,1
11050,orange and green food colouring,1
11051,big flour tortillas,1
11052,warm flatbreads,1
11053,spanish green  olives,1
11054,cooked mixed grains,1
11055,manchego shavings,1
11056,orange wine,1
11057,2-3 cloves,1
11058,1 whole clove,1
11059,creamy mash,1
11060,a mixed pack,1
11061,peaches firm but ripe,1
11062,smoked butter,1
11063,cooked whole beetroot,1
11064,the thick end,1
11065,cheese straws,1
11066,coriander mint,1
11067,paper napkins,1
11068,chopped sundried,1
11069,1bunch mint,1
11070,2.5 pints turkey,1
11071,pork tenderloin cut,1
11072,oregano most leaves,1
11073,red grapefruit juice,1
11074,few capers,1
11075,white bread - stale,1
11076,linguine spaghetti,1
11077,tubs philadelphia lite cheese,1
11078,summer fruit sauce,1
11079,sweet dessert  tartlet cases,1
11080,zest half lemon,1
11081,a few tbsp,1
11082,1sprig fresh  rosemary,1
11083,just ripe,1
11084,1stick fresh  lemongrass,1
11085,10large coriander,1
11086,orange blossom muscat dessert wine,1
11087,pot    double cream,1
11088,oatcake biscuit,1
11089,oranges 1 juiced and 2 segmented,1
11090,chopped rosemary leaves,1
11091,what,1
11092,gula melaka palm sugar,1
11093,lb 12oz potato,1
11094,lemon 1⁄2,1
11095,beef rump,1
11096,ready-cooked rice noodle,1
11097,baby plum tomatoes skin,1
11098,sliced chorizo sausage,1
11099,finely grated fresh parmesan,1
11100,generous pinch ground cardamom,1
11101,1 tbsp fresh lime juice,1
11102,raw  tiger prawn,1
11103,1cm-thick wedges,1
11104,corn slaw,1
11105,huge bunch parsley,1
11106,1 large or 2 small pears,1
11107,harissa sticky onions,1
11108,seeded wholemeal soda bread,1
11109,sweet potatoes skin,1
11110,creole seasoning,1
11111,multipack,1
11112,11⁄2 tbsp sunflower oil,1
11113,baby beets,1
11114,lemongrass stalk woody leaves,1
11115,fifty fifty crab,1
11116,good handful mixed herbs,1
11117,thai fragrant  rice,1
11118,beef topside,1
11119,1tsp paprika,1
11120,pepperonata antipasto,1
11121,about 100g meringue,1
11122,½kg shoulder,1
11123,lincolnshire sausages,1
11124,tahini dressing,1
11125,seedy gremolata,1
11126,some chopped  red onion,1
11127,about 200ml sunflower oil,1
11128,strong wholewheat bread  flour,1
11129,thick slices challah bread,1
11130,125g  fresh or frozen peas,1
11131,big red chilli,1
11132,medium-sized courgettes,1
11133,sliced sourdough,1
11134,chives half snipped,1
11135,tarragon woody stalks,1
11136,dark glacé cherries,1
11137,salmon fillet pin-boned,1
11138,simple syrup,1
11139,pear peeled,1
11140,granary,1
11141,boneless pork,1
11142,avocado sliced into chunks,1
11143,shaved coconut,1
11144,mature double gloucester,1
11145,crunchy apples,1
11146,butternut squash peeled and thinly sliced,1
11147,roasted chopped pecans,1
11148,sun-dried tomato pesto,1
11149,50-60ml milk,1
11150,high-quality dark chocolate,1
11151,leftover cooked pasta,1
11152,instant custard powder,1
11153,sheet  puff,1
11154,pot barley,1
11155,red-skinned pear,1
11156,thin pancetta rashers,1
11157,creamy but sharp blue cheese,1
11158,bone-in ham,1
11159,ham stock,1
11160,50g fresh or frozen cranberries,1
11161,roasted salted cashew,1
11162,some halved cherry tomatoes,1
11163,big spoonfuls hummus,1
11164,chilled double cream,1
11165,cold fizzy water,1
11166,trimmed  spring onion,1
11167,¼kg beef shin,1
11168,thumb-sized chunk ginger,1
11169,fig hard stalk,1
11170,mung bean,1
11171,good-quality chicken,1
11172,shredded spring veg,1
11173,deluxe beetroot-infused smoked scottish salmon,1
11174,finely chopped freshona,1
11175,cold leftover porridge,1
11176,tomato and mascarpone sauce,1
11177,your favourite breakfast food - scrambled egg,1
11178,each other egg,1
11179,ripe dessert  pears,1
11180,eel fillet,1
11181,unsmoked  lardon,1
11182,monkfish fillet,1
11183,sole fillets,1
11184,cooked peeled large prawns,1
11185,1–3  green chillies,1
11186,gros sel,1
11187,reduced fat sausages,1
11188,frozen minted peas,1
11189,mushroom soup,1
11190,8-bone rack  lamb cutlets,1
11191,skinless and boneless salmon fillets,1
11192,firm plums,1
11193,500g fresh or frozen cranberry,1
11194,an avocado,1
11195,2small gherkins,1
11196,finely chopped fresh  parsley,1
11197,dry sprouting mix,1
11198,freshwater rainbow trout,1
11199,crusty granary bread,1
11200,finely chopped chervil,1
11201,balsamic,1
11202,thin sliced white sandwich bread,1
11203,peeled hazelnuts,1
11204,cardamom pods husks,1
11205,conchiglie,1
11206,mixed antipasti vegetables,1
11207,sweet red pepper,1
11208,salami napoli,1
11209,red cabbage core,1
11210,heirloom plum,1
11211,cured meats,1
11212,white and red chicory leaves,1
11213,beef oxo cube,1
11214,4 equal lengths,1
11215,low-salt veg,1
11216,sachet coconut cream,1
11217,5%-fat steak mince,1
11218,cooked baby new potatoes,1
11219,sheets edible rice paper,1
11220,peeled pistachios,1
11221,salted cashews,1
11222,buffalo mozzarella balls,1
11223,300ml/½ pint double cream,1
11224,square dark chocolate,1
11225,jumbo chicken wings,1
11226,onion salt,1
11227,blue cheese dip,1
11228,rounded tsp horseradish sauce,1
11229,frozen broccoli,1
11230,mixed peas,1
11231,boneless sirloin,1
11232,herby  sausages,1
11233,streaky dry-cured  smoked bacon,1
11234,2  thyme sprig,1
11235,skinless boneless  chicken breasts,1
11236,curly  lettuce,1
11237,radicchios,1
11238,chopped onions,1
11239,cooked sliced ham,1
11240,800g-1kg boneless pork shoulder,1
11241,easy vanilla cake mix,1
11242,mixed seafood,1
11243,85g/3oz cranberry sauce,1
11244,wholemeal giant couscous,1
11245,crunchy vegan crackers,1
11246,veg crisps,1
11247,half a white,1
11248,sizzling butter,1
11249,parsley sprig,1
11250,about 160g,1
11251,black pitted olives,1
11252,1cm strips,1
11253,strawberries stalks,1
11254,zest ½  lemon,1
11255,over-ripe bananas,1
11256,crushed pineapple,1
11257,2-3 pieces,1
11258,each garlic,1
11259,vegetarian rennet,1
11260,each garam masala,1
11261,vegan plant-based baking block,1
11262,stock either chicken,1
11263,cooked new potato,1
11264,generous tbsp,1
11265,ready-to-eat stoned dried apricots,1
11266,300g pack soft cheese,1
11267,half red onion,1
11268,organic silken soft tofu,1
11269,arrowroot powder,1
11270,glutinous sweet white rice flour,1
11271,1 fresh or frozen flaky white fish,1
11272,unscented tea lights,1
11273,ribbon about 120cm/48,1
11274,bay leaf sprigs,1
11275,a few fennel tops,1
11276,natural whole yogurt,1
11277,1x classic pancake recipe,1
11278,half  fennel bulb,1
11279,low-sodium vegetable,1
11280,baby ones,1
11281,4 large or 6-8 small chicken thighs,1
11282,chopped kale woody stalks,1
11283,sweet soy sauce,1
11284,spicy chicken,1
11285,shredded lettuce,1
11286,chopped cucumber,1
11287,quartered cherry tomatoes,1
11288,round camembert,1
11289,fresh  salmon,1
11290,croûtons,1
11291,piece skirt,1
11292,white cane spirit,1
11293,toast-sized slices,1
11294,wholemeal bread flour,1
11295,3tbsp coconut yogurt,1
11296,1tsp mustard seeds,1
11297,a 20g pack basil,1
11298,1tsp turmeric,1
11299,pear halves,1
11300,mugfuls,1
11301,couple handfuls watercress,1
11302,8-9 pieces,1
11303,dried mint,1
11304,generous handful  blueberries,1
11305,extra whole ones,1
11306,roughly chopped dill,1
11307,rustic wholemeal bread,1
11308,strawberry purée,1
11309,fennel bulb base,1
11310,vermicelli strands,1
11311,one stock cube,1
11312,egg replacer,1
11313,3tbsp curry paste,1
11314,plum  vine tomatoes,1
11315,cherry vine-ripened tomato,1
11316,6medium-sized vine tomatoes,1
11317,bird's-eye chillis,1
11318,scoops coffee ice cream,1
11319,2 large or 4 small spring onions,1
11320,grated  lemon zest,1
11321,rye bread optional,1
11322,a small sliced  brioche loaf,1
11323,six wedges,1
11324,alcoholic ginger beer,1
11325,squeezy bottles,1
11326,tsp ground pepper,1
11327,edible  gold powder,1
11328,vegan vegetable stock cube,1
11329,vegan italian-style hard cheese,1
11330,a good grating,1
11331,parsnip crisps,1
11332,2tbsp cold-pressed rapeseed oil,1
11333,nam,1
11334,natural juice,1
11335,each - ground cumin and ground cardamom,1
11336,quantity all-butter  pie pastry,1
11337,each spear,1
11338,6slices pancetta,1
11339,4cm-thick slices,1
11340,coarse  black pepper,1
11341,frozen dark sweet cherries,1
11342,conference,1
11343,pork medallions,1
11344,candy cane,1
11345,parchment 1 brown pipe cleaner,1
11346,150ml/¼ pint port,1
11347,the roast chicken,1
11348,fist-sized chunk red cabbage,1
11349,toasted salted  cashew,1
11350,watercress rocket,1
11351,mandarin juice,1
11352,1tbsp finely chopped thyme,1
11353,long dried red chillies,1
11354,snowflake cookie cutter,1
11355,neutral-tasting cooking oil,1
11356,ﬂour,1
11357,lamb burgers,1
11358,sesame seed burger buns,1
11359,1 little gem lettuce,1
11360,vegan block butter,1
11361,salted vegan block butter,1
11362,crème-filled,1
11363,1 large or 2 medium tart,1
11364,minced garlic,1
11365,wonton wrappers,1
11366,cashel blue cheese,1
11367,a few fresh  thyme,1
11368,boneless  ducks breasts,1
11369,tubs fresh  chicken stock,1
11370,4thin slices,1
11371,a box grater,1
11372,pkt fresh ready-rolled puff pastry,1
11373,rounded tbsp custard powder,1
11374,good-quality plum tomatoes,1
11375,4  large or 6 medium peaches,1
11376,sweet white  wine,1
11377,vanilla sticks,1
11378,half a 375g pack sweet dessert  pastry,1
11379,preferably small ones,1
11380,cornish  clotted cream,1
11381,bar dark chilli chocolate,1
11382,pieces,1
11383,mini  paper cases,1
11384,empty  egg boxes,1
11385,dried or fresh lemon verbena,1
11386,raw cider vinegar,1
11387,fizzy,1
11388,lemon verbena,1
11389,baby courgettes thickly sliced,1
11390,gochujang sauce,1
11391,passion fruit liqueur,1
11392,dark chocolate milk chocolate,1
11393,thick hand-cut slices,1
11394,good pinch nutmeg,1
11395,bloomer,1
11396,chilli syrup,1
11397,chipotle chilli flakes,1
11398,210g cans chickpeas,1
11399,lean chicken breasts skin,1
11400,brussels sprouts cut,1
11401,about 200g,1
11402,ready-made toffee,1
11403,about 175g,1
11404,slim chips,1
11405,flat portobello mushrooms,1
11406,half a 250g pack baby sweetcorn,1
11407,cooked fozen prawn,1
11408,cooked edamame,1
11409,frozen grilled vegetable mix,1
11410,good quality pork sausages,1
11411,heads chicory thickly sliced,1
11412,half a 75g bag watercress,1
11413,oven chips,1
11414,very ripe passion fruits,1
11415,black food,1
11416,good handful pretty  salad leaves,1
11417,large butternut,1
11418,450g/1lb minced turkey,1
11419,jelly,1
11420,squirty cream,1
11421,leek well washed and,1
11422,very small  red onion,1
11423,levi roots fiery guava dipping sauce,1
11424,extra-lean minced lamb,1
11425,reduced-salt beef stock,1
11426,0% plain probiotic yogurt,1
11427,green  vegetables,1
11428,boneless skinless chicken breast fillets,1
11429,chopped garlic,1
11430,reduced-salt  vegetable stock cube,1
11431,tarragon sprigs leaves,1
11432,mini bagels,1
11433,crispy cooked bacon,1
11434,125ml whole or semi-skimmed milk,1
11435,few tsps apricot jam,1
11436,raisins chocolate chips,1
11437,300ml/½ pint semi-skimmed milk,1
11438,6 small or medium red onions,1
11439,cheese-filled ravioli,1
11440,naturally brewed soy sauce,1
11441,1tsp italian dried herbs,1
11442,high fibre,1
11443,chilli crisp,1
11444,thick cooked noodles,1
11445,leafy greens,1
11446,chopped nuts toffee pieces,1
11447,2 fresh bay,1
11448,sliced cooked turkey,1
11449,"½ small, ripe avocado",1
11450,carnation caramel cream,1
11451,3cm slices,1
11452,1 fresh or frozen blackberry,1
11453,chocolate crème-filled sandwich biscuits,1
11454,a new bag,1
11455,a few chunks,1
11456,keta salmon caviar,1
11457,celery strings,1
11458,lamb leg steak,1
11459,sliced runner bean,1
11460,pasta shape,1
11461,any vegetables,1
11462,cooked chickpeas,1
11463,heads garlic,1
11464,fresh cheese sauce,1
11465,green veg,1
11466,garlic naan bread,1
11467,chipolata-style vegan sausages,1
11468,ready-rolled dairy-free puff pastry,1
11469,podded pea,1
11470,ready-chopped kale,1
11471,sweet potato noodles,1
11472,roughly leftover roast potato,1
11473,spice,1
11474,vanilla seed paste,1
11475,rindless pork belly,1
11476,pickled carrot,1
11477,1 tsp wasabi paste,1
11478,short vermicelli,1
11479,lettuce cucumber,1
11480,pouch basamati rice,1
11481,green & black's white chocolate,1
11482,a 200 ml/7 fl oz pack coconut cream,1
11483,good-quality ready-made custard,1
11484,sterilised glass bottle,1
11485,thick slices halloumi cheese,1
11486,2slices multigrain bread,1
11487,butterhead lettuce,1
11488,good handful flat leaf parsley sprigs,1
11489,cotija,1
11490,artichoke,1
11491,cookie cutters,1
11492,a few plastic straws,1
11493,icing and  sprinkles,1
11494,chicken around 1.2kg,1
11495,chicken bouillon powder,1
11496,vinegar fresh lemon,1
11497,sichuan peppercorn ground,1
11498,a pestle,1
11499,low-salt dark soy sauce,1
11500,cereal hoops,1
11501,1tbsp red,1
11502,red and green sugar-coated chocolate sweets,1
11503,800ml-1 litre vegetable,1
11504,jalapeños stems removed,1
11505,arab flat  bread,1
11506,roasted garlic clove,1
11507,lemon sole fillets,1
11508,1¼kg beef mince,1
11509,good-quality saffron,1
11510,5% fat minced beef,1
11511,1heaped tbsp,1
11512,good handfuls chopped flat-leaf parsley,1
11513,tenderstem stir-fry mix,1
11514,boneless skinless chicken,1
11515,cucumber & mint raita,1
11516,thick balsamic vinegar,1
11517,cooked broad beans,1
11518,physalis fruits,1
11519,jamaican ginger loaf,1
11520,dark brown  muscovado sugar,1
11521,pink gin,1
11522,rose,1
11523,rock sugar,1
11524,turkish,1
11525,orgeat syrup,1
11526,diced pancetta,1
11527,orange curacao,1
11528,2 whites,1
11529,a round country loaf,1
11530,lemon  sorbet,1
11531,large-ish waxy potatoes,1
11532,500-600ml  milk,1
11533,cacao,1
11534,vegetarian wensleydale,1
11535,butternut squash unpeeled and halved,1
11536,ramen paste,1
11537,nest,1
11538,vegan puff pastry block,1
11539,a nutmeg,1
11540,pared orange zest,1
11541,1ball buffalo mozzarella,1
11542,juice orange,1
11543,best quality extra-virgin olive oil,1
11544,multiseed bagels,1
11545,quality beef mince,1
11546,5cm pieces,1
11547,a lovely pink colour,1
11548,trifle sponges,1
11549,pot vanilla custard,1
11550,pancetta lardons,1
11551,frozen mixed seafood,1
11552,cooked  vermicelli rice noodles,1
11553,bean curd skin,1
11554,king trumpet,1
11555,rehydrated  wood ear mushroom strips,1
11556,shallot peeled and finely sliced,1
11557,romaine lettuce,1
11558,4 tbsp low-salt light soy sauce,1
11559,roasted ground  szechuan peppercorns,1
11560,1 tbsp sea salt flakes,1
11561,leftover roast meat,1
11562,zest,1
11563,semolina fine polenta,1
11564,chocolate bars,1
11565,500g pack bread mix,1
11566,ready-cooked pasta,1
11567,cooking rice wine,1
11568,ready-cooked egg noodles,1
11569,black vinegar,1
11570,finger-sized piece ginger,1
11571,8% fat turkey mince,1
11572,white sourdough bread,1
11573,chocolate chip cookies,1
11574,each about 200g and 2cm,1
11575,finely sliced  chives,1
11576,any bread,1
11577,peanut cookies,1
11578,bar peanut brittle,1
11579,rounded tbsp caster sugar,1
11580,chicken  stock cube,1
11581,chocolate flake bars,1
11582,pale blue fondant,1
11583,pretzel,1
11584,mashed ripe banana,1
11585,another 75g self-raising flour,1
11586,3plump heads,1
11587,each soy sauce fish sauce,1
11588,ready-cooked  king prawns,1
11589,1 small  lemon,1
11590,coarsley ground black  pepper,1
11591,baby  courgettes,1
11592,4large basil,1
11593,pitted,1
11594,organic,1
11595,cooked chicken thigh meat,1
11596,1-2 lemons,1
11597,each block,1
11598,5-pack middle eastern flatbreads,1
11599,scant tbsp,1
11600,cookie extras,1
11601,reblochon rind,1
11602,dark blue fondant,1
11603,fat courgettes,1
11604,11⁄2 tbsp mirin,1
11605,1⁄2 tbsp sake,1
11606,1⁄2 tbsp soy sauce,1
11607,1⁄2 tbsp caster sugar,1
11608,freshly cooked japanese rice,1
11609,mitsuba,1
11610,togarashi seasoning,1
11611,john torode's  vinaigrette,1
11612,diced boneless lean lamb,1
11613,shredded cos,1
11614,100g plus 1 tbsp salted butter,1
11615,1&frac12; tbsp butter,1
11616,raw large unshelled prawn,1
11617,vialone nano,1
11618,fresh flatleaf  parsley optional,1
11619,chocolate chip,1
11620,hot smoked flaked  salmon,1
11621,italian sausage,1
11622,wheat vermicelli pasta,1
11623,each curtido,1
11624,reduced-salt chicken stock cube,1
11625,crème fraîche vanilla ice cream,1
11626,milk chocolate sticks,1
11627,jelly snakes,1
11628,about 150g  cooked chicken,1
11629,lean lamb neck fillet,1
11630,2 large limes,1
11631,red onion rings,1
11632,warm naan bread,1
11633,pearl couscous,1
11634,light greek-style salad cheese,1
11635,175g/6oz,1
11636,pint english  apple juice,1
11637,peach purée,1
11638,jalapeno chilli,1
11639,chicken stock fresh,1
11640,liquid pectin,1
11641,butchers string,1
11642,good handful chopped parsley,1
11643,tasty cheese,1
11644,120-140g plain flour,1
11645,extra-strong vegetarian cheddar,1
11646,40-60g  onion marmalade,1
11647,good-quality raspberry jam,1
11648,thick coconut milk,1
11649,chillies seeds,1
11650,very fresh large eggs,1
11651,1ripe avocado,1
11652,vegetarian-style parmesan,1
11653,botija peruvian,1
11654,orange jam,1
11655,cabernet sauvignon red wine vinegar,1
11656,picked marjoram,1
11657,firm ripe strawberries,1
11658,1 medium lemon,1
11659,coriander roughly torn,1
11660,good sprig,1
11661,chunky slices sourdough bread,1
11662,1.5cm-thick slices,1
11663,lentil noodles,1
11664,600-800g/1lb 5oz-1lb 12oz medium asparagus,1
11665,fine egg noodle,1
11666,avocado peeled and sliced,1
11667,sturdy,1
11668,250g pack cherry tomatoes,1
11669,bunch spring onions,1
11670,10-15ml lime juice,1
11671,advocaat,1
11672,sage leaves torn,1
11673,long thin slices rustic bread,1
11674,duck  eggs,1
11675,streaky bacon rind,1
11676,thumb tip-sized piece,1
11677,madras spice paste,1
11678,chicken ramen,1
11679,full-fat plain yogurt,1
11680,finely chopped  chives,1
11681,1medium courgettes,1
11682,burger rolls,1
11683,pan,1
11684,fish slice,1
11685,up to,1
11686,reduced-salt brown sauce,1
11687,portobellini,1
11688,cooked thin-stemmed  broccoli,1
11689,the inner bunch,1
11690,all visible fat,1
11691,vine-ripened tomato,1
11692,portugese sardine,1
11693,organic watercress,1
11694,chopped strawberries,1
11695,200g/8oz,1
11696,green  peppercorn,1
11697,delamere brie-type  goat's cheese,1
11698,baby courgette,1
11699,whipping cream optional,1
11700,sautéed  potatoes,1
11701,paparika,1
11702,each thyme bay leaf,1
11703,shop-bought fresh custard,1
11704,cooked polenta either,1
11705,thick stalks,1
11706,sun-dried tomato purée,1
11707,loyd grossman tomato,1
11708,150-200g yogurt,1
11709,soft  goat’s cheese,1
11710,butter maple syrup,1
11711,korma curry powder,1
11712,vietnamese fish sauce,1
11713,roughly chopped fresh mint,1
11714,chicory not too,1
11715,chunky long wedges,1
11716,vietnamese  fish sauce,1
11717,sourdough crackers,1
11718,the final cake,1
11719,about 500g pork steaks,1
11720,about 3 rashers,1
11721,a glass,1
11722,about 100-150g mushrooms,1
11723,about 75g double cream,1
11724,egg noodles nests,1
11725,coffee-flavoured liqueur,1
11726,skinless boneless chicken breasts,1
11727,1 large or 2 small oranges,1
11728,50g fresh or frozen cranberry,1
11729,almond nut butter,1
11730,boneless unsmoked  gammon joint,1
11731,trimmed fine green beans,1
11732,frozen skinny french fries,1
11733,plump fresh red chillies,1
11734,very cold butter,1
11735,green pepper seeds,1
11736,each mature cheddar,1
11737,grape,1
11738,dairy-free wholemeal pasta,1
11739,salami slices,1
11740,2  limes juice,1
11741,400-450g  streaky steaks,1
11742,400-450g  pack,1
11743,back bacon chops,1
11744,bouquet garni 'tea bag',1
11745,about 600ml chicken stock,1
11746,about  leftover,1
11747,swiss,1
11748,boneless lamb leg,1
11749,milk rolls,1
11750,drop,1
11751,toasted baguette,1
11752,2heads chicory,1
11753,feather blade  beef,1
11754,rice mix,1
11755,each plain flour,1
11756,1 large or 2 small  naan,1
11757,1 green pepper,1
11758,easy cook basmati rice,1
11759,barbecued flatbreads,1
11760,bagel,1
11761,packet cooked penne,1
11762,strained yogurt,1
11763,red chili,1
11764,1 tsp whole cloves,1
11765,black  cardamom pod seeds,1
11766,salt beef,1
11767,1⁄2-1 tsp ground nutmeg,1
11768,roasting potatoes,1
11769,3cm-thick slices,1
11770,giant  cookies,1
11771,yellow pepper seeds,1
11772,½-1tsp chilli flakes,1
11773,skinless boneless chicken breast,1
11774,ripe purple plum,1
11775,soft amaretti biscuit,1
11776,trappist ale,1
11777,pork loin steak,1
11778,vegan dried lasagne sheets,1
11779,baby gherkins,1
11780,drained mixed olives,1
11781,lemon drop chillies,1
11782,good squeeze lemon juice,1
11783,finely chooped fresh  root ginger,1
11784,freshly ground  black pepper,1
11785,300-400ml orange juice,1
11786,lemongrass finely sliced,1
11787,bird's eye chilli,1
11788,watercress roughly torn,1
11789,5mm slices,1
11790,disaronno liqueur,1
11791,100-150ml soya,1
11792,mini ciabatta,1
11793,½kg sirloin,1
11794,chopped unsalted pistachios,1
11795,physalis,1
11796,47g fromage frais pots,1
11797,mugs,1
11798,gift tags,1
11799,coffee essence,1
11800,coffee walnut cake,1
11801,ham slices,1
11802,crushed,1
11803,vine leaves,1
11804,350ml fruity red wine,1
11805,thick oil,1
11806,parsley sterns,1
11807,light vegetable stock,1
11808,yogurt soured cream,1
11809,chicory trimmed and halved,1
11810,fresh red chilli,1
11811,2tsp ground cumin,1
11812,frozen vegetable gyozas,1
11813,chili rice crackers,1
11814,wasabi peas,1
11815,green and red gel food colourings,1
11816,little cocoa,1
11817,skinless cod loins,1
11818,100g fresh or frozen podded broad beans skins,1
11819,frozen  soya,1
11820,small bunch thyme,1
11821,finely chopped coriander stalks,1
11822,leftover pork,1
11823,ripe melon,1
11824,burrata balls,1
11825,food colourings,1
11826,pumpkin about 1.5-2kg,1
11827,2tsp ground coriander,1
11828,frozen pork,1
11829,veg oil,1
11830,chopped  garlic clove,1
11831,orange and pink food colouring,1
11832,a 400g   can mixed beans,1
11833,chilli ketchup,1
11834,4 tbsp hot water,1
11835,soft  salted butter,1
11836,thinly cut,1
11837,blueberries chocolate chips,1
11838,gelatine leaf,1
11839,about 600g raw beetroot whole,1
11840,about 12 baby  courgettes,1
11841,smallish uncooked and unpeeled beetroot s,1
11842,red-tinged  salad,1
11843,fresh  chervil,1
11844,wok new noodle,1
11845,nut kernals,1
11846,peaches nectarines,1
11847,firm plum tomatoes,1
11848,rounded tbsp green pesto,1
11849,2medium baking potatoes,1
11850,sea trout,1
11851,tub potted shrimp,1
11852,pasta flour,1
11853,326g or 330g,1
11854,3tbsp extra virgin olive oil,1
11855,vegan feta,1
11856,2tbsp fresh mint,1
11857,blanched hazelnuts ground,1
11858,couscous - use wholemeal,1
11859,oranges 2 peeled and thinly sliced,1
11860,crispy fried potatoes,1
11861,white fish loin,1
11862,white bread butter,1
11863,ready-roll,1
11864,dressed  crab,1
11865,tomato cut,1
11866,samphire well washed,1
11867,fat pinch saffron threads,1
11868,chermoula spice mix,1
11869,plant-based coconut yogurt,1
11870,3.5cm pieces,1
11871,elderflower freshly picked,1
11872,red grape juice,1
11873,skin-on sea bass fillets,1
11874,juice ½,1
11875,fingerlength piece ginger,1
11876,heads  pak choi,1
11877,stale baguette,1
11878,white short-grain rice,1
11879,self-raising flour - swap 2 tbsp,1
11880,top,1
11881,finely chopped shallots,1
11882,finely chopped apple flesh,1
11883,roughly crushed white peppercorns,1
11884,uncooked poppadums,1
11885,chicken legs pieces,1
11886,coarse cornmeal,1
11887,70% cocoa dark chocolate,1
11888,8 - 12 cloves,1
11889,wheat dark sourdough bread,1
11890,crab brown and white meat,1
11891,20cm/8inch round fruitcake,1
11892,natural-coloured marzipan,1
11893,2christmas tree cutters,1
11894,silver chocolate buttons,1
11895,wholegrain pearl barley,1
11896,reduced-salt vegetable bouillon powder,1
11897,generous squeeze,1
11898,4 fresh or frozen raspberries,1
11899,coriander most roughly chopped,1
11900,prepared  squid,1
11901,boneless firm white fish,1
11902,sliced chillies,1
11903,light  suet,1
11904,muscovado sugar light,1
11905,70cl bottle red wine,1
11906,220ml-240ml cold milk,1
11907,square butter muslin,1
11908,mugs basmati rice,1
11909,pork steak,1
11910,half a 410g,1
11911,thick cod fillets,1
11912,crunchy biscuit,1
11913,really ripe peaches,1
11914,4.5-6kg/10-13lb turkey giblets,1
11915,stuffing,1
11916,dry  cider,1
11917,skim milk,1
11918,half a quantity shortcrust pastry,1
11919,25g-50g parmesan,1
11920,good-sized butternut squash peeled,1
11921,chilli shrimps,1
11922,lamb shoulder neck,1
11923,few fresh mussels,1
11924,low-sodium beef stock cube,1
11925,tortilla wraps salad,1
11926,ripe apricot,1
11927,cold chicken stock milk,1
11928,vine-ripe tomatoes,1
11929,nest vermicelli,1
11930,baby  courgette,1
11931,half a vanilla pod,1
11932,oranges skin,1
11933,¼kg mix,1
11934,iberico,1
11935,freshly boiled water,1
11936,meat,1
11937,ripe yellow-fleshed peaches,1
11938,good-quality  pork sausages,1
11939,soft pitted date,1
11940,cherry vodka,1
11941,almond yogurt,1
11942,1⅓ - 1.5kg whole chicken,1
11943,flat noodles,1
11944,matchbox-size piece,1
11945,quick-cook turkey breast,1
11946,savoy  cabbages,1
11947,bottled clam juice,1
11948,british garden lettuce,1
11949,your favourite ham,1
11950,finger-sized piece fresh root ginger,1
11951,half boneless leg,1
11952,375g/13oz block dessert pastry,1
11953,truffle paste,1
11954,reserved chicken backbone,1
11955,carrot trimmings,1
11956,wine port,1
11957,mini  chorizo sausages,1
11958,raw shelled  prawns,1
11959,long chunks,1
11960,oyster,1
11961,thumb-sized piece fresh root ginger,1
11962,peeled rind 1 lemon,1
11963,unsalted melted butter,1
11964,psyllium husk,1
11965,4.5-5.6kg/10-12lb turkey,1
11966,2x bunches,1
11967,christmas stuffing,1
11968,300ml/½pint red wine,1
11969,heaped tbsp redcurrant,1
11970,onion squash,1
11971,passoa,1
11972,desiree,1
11973,baharat,1
11974,200ml medium or sweet sherry,1
11975,140g/5oz sirloin steak,1
11976,soft flour tortilla,1
11977,skinned broad bean,1
11978,the other,1
11979,850ml-1 litre/1&#189;-1&#190pts  vegetable stock,1
11980,50g pumpkin seeds,1
11981,soft almond biscuits,1
11982,extra-virgin rapeseed,1
11983,carton clotted cream,1
11984,maldon  sea salt flakes,1
11985,frozen seafood selection,1
11986,dark roasted peanut butter,1
11987,easy bake  yeast,1
11988,"150g softened, unsalted butter",1
11989,ball  burrata,1
11990,stale  sourdough,1
11991,quick-cook brown basmati rice,1
11992,freshly ground beef,1
11993,dressed green salad,1
11994,cooked  chicken breasts skin,1
11995,"210g pack fresh, podded peas",1
11996,chicken stock concentrate,1
11997,animal and bug sweets,1
11998,175g pack or jar  artichoke heart,1
11999,heaped tbsp homemade,1
12000,stalks,1
12001,edible red food colouring,1
12002,toffee yogurt,1
12003,200g fresh or frozen  cranberries,1
12004,½a 397g,1
12005,shortbread biscuits cones,1
12006,3 tbsp cold water,1
12007,camomile flowers,1
12008,leeks outer leaves,1
12009,raw mackerel fillets,1
12010,werthers chewy toffees,1
12011,beefsteak tomato cut,1
12012,marzipan disc,1
12013,fondant icing disc,1
12014,bow,1
12015,green  olives,1
12016,white balsamic,1
12017,preserved lemon brine,1
12018,leeks 5 thinly sliced,1
12019,zest 3 limes,1
12020,chunky cucumber raita,1
12021,warm chapatis,1
12022,generous handful fresh coriander,1
12023,smallish florets,1
12024,thick-cut unsmoked streaky bacon,1
12025,175g/6oz cheese,1
12026,leftover roasted ham,1
12027,manzanilla sherry,1
12028,frozen black forest  fruits,1
12029,pure dairy-free spread,1
12030,doves farm gluten-free  plain flour,1
12031,chicken approx,1
12032,each chopped tarragon,1
12033,2 vanilla pod,1
12034,free-range egg yolks,1
12035,"1 large, ripe mango flesh",1
12036,orange curaçao,1
12037,boneless pork leg,1
12038,almonds skin,1
12039,dill pollen,1
12040,"6 large, ripe passion fruit",1
12041,chestnut button mushrooms,1
12042,rosemary branch,1
12043,about 500g goose,1
12044,fine  french beans,1
12045,gherkins roughly chopped,1
12046,mixed red,1
12047,tube white icing,1
12048,tube black icing,1
12049,soda farls,1
12050,frozen spinach cubes,1
12051,ripe  vine tomatoes,1
12052,really big tomatoes,1
12053,pouch microwave rice,1
12054,1bunch swiss chard,1
12055,rosemary tarragon,1
12056,sugar cube,1
12057,duck leg,1
12058,italian breadsticks celery sticks,1
12059,unsalted roasted peanut,1
12060,ratafia biscuits,1
12061,skinned,1
12062,white vermouth,1
12063,medium-sized pumpkin,1
12064,1tsp vanilla bean paste,1
12065,4tbsp milk,1
12066,purple,1
12067,italian-style sausages,1
12068,sachet/1.5 tsp fast-action yeast,1
12069,a few mint sprigs leaves,1
12070,vacuum-packed whole cooked chestnuts,1
12071,blue shropshire cheese rind,1
12072,pecans ½,1
12073,rounded tbsp pine nuts,1
12074,rounded tbsp raisins,1
12075,a few lovely cherries,1
12076,ice-cold water,1
12077,edible rose,1
12078,butter croissants,1
12079,good-quality flaky sea salt,1
12080,extra mature vegetarian chedder,1
12081,wild  rabbit,1
12082,zest &#189; orange,1
12083,flageolet bean,1
12084,the centre vein,1
12085,chopped  caper,1
12086,head curly endive,1
12087,peeled plum tomato,1
12088,romero pepper,1
12089,oven-ready pheasant,1
12090,good bunch fresh  coriander roughly chopped,1
12091,each  paprika,1
12092,wheat cereal,1
12093,100ml/3½ fl oz lemon juice,1
12094,each honey,1
12095,2 large or 4 small slices,1
12096,sweet white onions,1
12097,leeks ends,1
12098,texas barbecue sauce,1
12099,the riper,1
12100,little drizzle,1
12101,alfalfa sprouts,1
12102,mature english cheddar,1
12103,lightly beaten,1
12104,full cream milk,1
12105,refined  caster sugar,1
12106,whole roses,1
12107,a1 sheet,1
12108,length,1
12109,tape,1
12110,madeira sponge,1
12111,blush,1
12112,pinhead oatmeal,1
12113,boned pork shoulder rind,1
12114,2large potatoes,1
12115,white urad dhal,1
12116,strong grated cheddar,1
12117,each hot smoked paprika,1
12118,sofrito mix,1
12119,chicken elastic,1
12120,low-salt chicken stock cube melts,1
12121,soup pasta,1
12122,a small handful chopped coriander,1
12123,freshly ground cardamom,1
12124,a bottle,1
12125,"6 small, ripe",1
12126,wine  vinegar,1
12127,extra toasted  pecans,1
12128,round tartlet cases,1
12129,6-hole 7cm silicone dome,1
12130,coarsely ground peppercorns,1
12131,curd,1
12132,zest 3 oranges,1
12133,paella,1
12134,pumpkin seeds rocket salad,1
12135,1 small pomegranate,1
12136,4 large or 8 small  chicken thighs skin,1
12137,feathers,1
12138,rye vodka,1
12139,dried rose petals,1
12140,coffee filter paper,1
12141,martini glasses,1
12142,shot measure,1
12143,tall glass,1
12144,cocktail stirrer,1
12145,cocktail strainer,1
12146,cream custard,1
12147,dairy,1
12148,gluten,1
12149,extra-mature  cheddar,1
12150,the microwave,1
12151,yellow and purple  food colouring,1
12152,cold champagne,1
12153,chunky rings,1
12154,einkorn flour,1
12155,pot   double cream,1
12156,dipping sauce,1
12157,vegan mayonnaise,1
12158,cooked wholewheat noodles,1
12159,chopped  vegetables,1
12160,shredded wheat,1
12161,thick salmon fillet,1
12162,full fat,1
12163,½kg potatoes,1
12164,dark green,1
12165,frozen roasted pepper,1
12166,skinless  chicken thigh fillets,1
12167,steamed  rice,1
12168,bone-in chicken thighs skins,1
12169,16 ferrero rocher,1
12170,ready-chopped hazelnuts,1
12171,hot-smoked salmon skin,1
12172,0%  bio-yogurt,1
12173,generous handful kale,1
12174,thinly sliced  turkey breast,1
12175,30cm deep round  cake tins,1
12176,thick 35cm diameter silver cake drum,1
12177,mini  flour tortillas,1
12178,tomato  pasta sauce,1
12179,approx 80g pack sliced salami,1
12180,1tbsp tomato purée,1
12181,turkey breast fillets,1
12182,cape malay,1
12183,four thick slices,1
12184,kiwi fruits,1
12185,rice paper wrappers,1
12186,honey maple syrup,1
12187,all butter puff pastry,1
12188,egg light,1
12189,very thin slices rye bread,1
12190,generous handful spinach,1
12191,wholewheat flour,1
12192,dusky pink  food colouring paste,1
12193,zest 1 and juice,1
12194,flaked almonds spring flowers,1
12195,500g fresh or frozen  gooseberries,1
12196,trimmed broccoli florets,1
12197,vegetarian chicken-style pieces,1
12198,pouch microwaveable brown rice,1
12199,shop-bought madeira sponge,1
12200,3thick slices,1
12201,chocolate orange segments,1
12202,the chocolate orange segments,1
12203,lean back,1
12204,lean lamb fillet,1
12205,each ground cumin paprika,1
12206,1 green pepper cut,1
12207,ray wing,1
12208,nduja sausage,1
12209,3-4cm lengths,1
12210,boneless chicken breasts skin,1
12211,breaded chicken,1
12212,about 2 tbsp black olive paste,1
12213,buttered greens,1
12214,turnip swede,1
12215,waffle cones,1
12216,assorted biscuits,1
12217,sea bass head,1
12218,fermented black beans,1
12219,150ml/¼  pint  fresh orange juice,1
12220,150ml/¼ pint chicken stock,1
12221,chopped fresh  rosemary leaves,1
12222,fresh rosemary sprigs,1
12223,cranberry fresh,1
12224,brandy rum,1
12225,rindless soft  goat's cheese,1
12226,pink  peppercorns,1
12227,1 yellow,1
12228,ivory sugarpaste,1
12229,flower tape,1
12230,1 bag or 6  bramley apples,1
12231,pulses,1
12232,spread,1
12233,mild roquefort,1
12234,skinless medium chicken breast fillets,1
12235,cirio cherry tomatoes,1
12236,supercirio tomato purée,1
12237,cooked and peeled  prawn,1
12238,soft sub,1
12239,finger-length chunk,1
12240,prawn cocktail crisps,1
12241,middle necks,1
12242,the lamb,1
12243,a generous sprig,1
12244,left-over pheasant meat,1
12245,2 tsp milk,1
12246,a little curry paste,1
12247,extra-mature cheddar cheese,1
12248,bite size,1
12249,several little gem lettuce,1
12250,¼ cup water,1
12251,1 bag or 6  eating apples,1
12252,lightly crushed  coriander seeds,1
12253,good-quality white bread,1
12254,4medium bananas,1
12255,brown and black food colouring,1
12256,edible white,1
12257,gingerbread man,1
12258,gingerbread lady cutter,1
12259,a straw,1
12260,vegetarian pesto,1
12261,bite-size,1
12262,1½l vegetable stock,1
12263,glass  white wine,1
12264,2good pinches saffron,1
12265,about 2 large ones,1
12266,tiny squirt tomato purée,1
12267,some chopped spring onion,1
12268,gold food colouring spray,1
12269,half a small red cabbage,1
12270,the butter bean curry,1
12271,the raita,1
12272,nando's garlic peri peri sauce,1
12273,1 low-sodium stock cube,1
12274,500g jar,1
12275,baby capers,1
12276,good quality red wine vinegar,1
12277,aged ricotta,1
12278,each black mustard seeds cumin seeds,1
12279,ginger skin,1
12280,1cm thick slices,1
12281,roasted salted pecans,1
12282,pale blue ribbon,1
12283,darker blue ribbon,1
12284,pink  food colouring spray,1
12285,green chillis,1
12286,no need,1
12287,wholegrain seeded bread,1
12288,iceberg lettuce little gem,1
12289,turkey rashers,1
12290,wholegrain bread,1
12291,rashers  bacon,1
12292,carrot roughy,1
12293,garlic-flavoured oil,1
12294,strong  chicken stock,1
12295,limes wedges,1
12296,shop-bought ginger cake,1
12297,black truffle,1
12298,strong horseradish,1
12299,wholemeal chapatis,1
12300,green chillies seeds,1
12301,indian breads,1
12302,100g fresh or frozen soffritto mix,1
12303,minced chicken turkey,1
12304,1tsp vanilla paste,1
12305,good-quality strawberry jam,1
12306,2 oranges zest,1
12307,moong daal,1
12308,braising steak chuck,1
12309,fine strips,1
12310,a little lime juice,1
12311,maraschino,1
12312,4-6 thick wedges,1
12313,ready-to-use thick udon noodles,1
12314,lime 1⁄2,1
12315,ball light buffalo mozzarella,1
12316,thick  crème fraîche,1
12317,chinkiang black vinegar,1
12318,coconut flavoured greek-style yogurt,1
12319,chicken bone,1
12320,a few  coriander sprigs,1
12321,8 large or 16 small spring roll,1
12322,chopped parsley plust extra,1
12323,urid daal,1
12324,red  chilli flakes,1
12325,spices,1
12326,extra-lean  minced beef,1
12327,sparkling grape juice,1
12328,wholemeal lasagne sheets,1
12329,tubs low-fat cottage cheese,1
12330,thai curry paste red,1
12331,half sachet,1
12332,mini naan bread,1
12333,750g fresh or frozen peas,1
12334,2tbsp  tomato ketchup,1
12335,ciabatta buns,1
12336,shop-bought  crispy onions,1
12337,calabrian chilli paste,1
12338,ready-rolled shortcrust pastry sheet,1
12339,150-200g feta cheese,1
12340,a clip,1
12341,ball fresh buffalo mozzarella,1
12342,edible rice paper,1
12343,fortified wine,1
12344,wild red salmon,1
12345,rice mash,1
12346,2tsp turmeric,1
12347,vegan kebab protein,1
12348,3tbsp flaked almonds,1
12349,preferably a day,1
12350,good handful  dried porcini mushrooms,1
12351,piece pumpkin,1
12352,kataifi pastry,1
12353,few lemon thyme sprigs,1
12354,cos,1
12355,roasted salted cashews,1
12356,1 green bird's-eye chilli,1
12357,organic tomato ketchup,1
12358,100g or 3 good handfuls beansprout,1
12359,british summer  fruits,1
12360,day-old small unsliced farmhouse white loaf,1
12361,2tbsp oil,1
12362,thin cucumber slices,1
12363,sauce,1
12364,skinless haddock loin,1
12365,verjuice,1
12366,seedless grapes,1
12367,spice paste,1
12368,250ml/9fl,1
12369,edible silver lustre dust,1
12370,½l bundt tin,1
12371,star cutter,1
12372,2 large or 4 small  mackerel fillets,1
12373,skinless boneless  salmon fillets,1
12374,sub  rolls,1
12375,quick  cucumber pickle,1
12376,carrot matchsticks,1
12377,metal,1
12378,25cm-long piece,1
12379,low-fat,1
12380,alcohol-free spirit,1
12381,cashew finely chopped,1
12382,kippers,1
12383,thick cut,1
12384,chilled and diced butter,1
12385,caramel-filled chocolates,1
12386,lean boneless  lamb,1
12387,rice bran oil,1
12388,dipping sauces,1
12389,rashers thick-cut bacon,1
12390,day-old  sourdough,1
12391,ripe mixed cherry,1
12392,shallot peeled and finely chopped,1
12393,chunky cranberry sauce,1
12394,coarse breadcrumb,1
12395,bratwurst-style sausages,1
12396,american-style yellow mustard,1
12397,yellow marzipan,1
12398,½a  lemon,1
12399,mini le,1
12400,hot red chilli,1
12401,the angle,1
12402,100ml whole or almond milk,1
12403,lean beef skirt,1
12404,chantenay carrots stalk,1
12405,unsalted peanut,1
12406,soft dairy toffee,1
12407,gingernut biscuits,1
12408,palm nut concentrate,1
12409,okra fingers,1
12410,white rice balls,1
12411,boneless leg,1
12412,new-season carrots,1
12413,pointed cabbages,1
12414,the bacon,1
12415,juicy lemons,1
12416,thick-set greek yogurt,1
12417,flaked roasted almonds,1
12418,garlic 1 crushed,1
12419,the  oil,1
12420,hemp protein powder,1
12421,prepared pomegranate seeds,1
12422,half small red onion,1
12423,condensed mushroom soup,1
12424,mustard - french,1
12425,400g fresh or frozen raspberries,1
12426,sponge cake,1
12427,skinless chicken breast fillet,1
12428,dill yogurt sauce,1
12429,heart lettuce,1
12430,2tbsp chopped  parsley,1
12431,1tbsp lime,1
12432,firm white  fish,1
12433,a little chilli sauce,1
12434,lemon sponge,1
12435,3 large oranges zest,1
12436,satsuma,1
12437,60ml/4 tbsp lemon curd,1
12438,spice jar,1
12439,part-boned and rolled leg,1
12440,250-300ml sparkling water,1
12441,ripe strawberries stalks,1
12442,tub freeze-dried strawberries,1
12443,zest 2  oranges,1
12444,a few sachets,1
12445,prosecco cava,1
12446,bacon streaky,1
12447,chunky slices granary bread,1
12448,mugs milk,1
12449,english breakfast tea bags,1
12450,7-or 8-bone rack,1
12451,mixed summer fruits,1
12452,oatmeal biscuits,1
12453,extra  lime zest,1
12454,broccoli stalk,1
12455,chilled gnocchi,1
12456,exotic mushroom mix,1
12457,flour wraps,1
12458,microwave vegetables,1
12459,buttered  toast,1
12460,1pack mixed olive,1
12461,160g can or jar  tuna,1
12462,pineau,1
12463,herb sprigs,1
12464,toasted brioche,1
12465,chopped  strawberry blueberries,1
12466,blood oranges juiced,1
12467,cooked grains,1
12468,roughly torn ham,1
12469,½l 2&frac34,1
12470,whole nutmeg,1
12471,old bread,1
12472,1litre ham,1
12473,approximately 3.5kg,1
12474,ripe and wrinkly passion fruits,1
12475,brown and tomato sauce,1
12476,half bunch coriander leaves,1
12477,100g fresh or dried breadcrumbs,1
12478,freshly grated coconut,1
12479,250-350g thai rice,1
12480,finely chopped dark chocolate,1
12481,stoned cherry compote,1
12482,1tbsp butter,1
12483,any larger stalks,1
12484,boneless sea bass fillets,1
12485,1 large or 2 small bunches parsley,1
12486,1 tin,1
12487,chocolate brownies,1
12488,carton fresh  chicken stock,1
12489,extra-strong mature cheddar,1
12490,lean mince turkey,1
12491,spray,1
12492,ready-rolled sheet,1
12493,cooked  pork,1
12494,sachet powdered gelatine,1
12495,pickled green jalapeño slices,1
12496,freeze-dried kaffir lime,1
12497,fiery red chillies,1
12498,about 24-30 fried sage,1
12499,best-quality brown,1
12500,1 large brown crab,1
12501,big pinch cayenne pepper,1
12502,few drops brandy,1
12503,the same crab,1
12504,juice 1/2  lemon,1
12505,couscous and natural yogurt,1
12506,fat  leeks,1
12507,little  flour,1
12508,heaped tbsp red pepper salsa,1
12509,normal oats,1
12510,extra-firm  tofu,1
12511,leeks roughly chopped,1
12512,strips gelatine,1
12513,about 160g pack taleggio cheese,1
12514,about 400g pack mixed stir-fry vegetables,1
12515,sheets ready-rolled,1
12516,sachet  black bean sauce,1
12517,organic medium cucumbers,1
12518,reyka vodka,1
12519,coarsely grated,1
12520,sichuan chillies,1
12521,red sichuan,1
12522,green sichuan,1
12523,corn oil,1
12524,hot full-fat milk,1
12525,about two-thirds,1
12526,preferably all butter,1
12527,carrot 1 onion,1
12528,white wine  vinegar,1
12529,dry white  wine,1
12530,chopped fresh  mint,1
12531,¼l chicken stock,1
12532,good handful  fresh basil,1
12533,peppermint candy cane,1
12534,wide rice noodles,1
12535,big bunch   spring onions,1
12536,scotch bonnet chillies,1
12537,300g fresh or frozen raspberries,1
12538,pot reduced-fat greek-style yogurt,1
12539,"4 large, boneless and skinless  chicken thighs",1
12540,melon,1
12541,chicken roughly 1.8kg-2.2kg,1
12542,500-550ml bottle,1
12543,beef extract,1
12544,clear fruit-flavoured boiled sweets,1
12545,red and green food colouring gel,1
12546,ripe  pears,1
12547,crusty white rolls,1
12548,soft ghee,1
12549,2tbsp whole milk,1
12550,2tbsp cocoa powder,1
12551,a small onion,1
12552,box greek,1
12553,a scoop,1
12554,olive & basil focaccia roll,1
12555,baby cucumbers,1
12556,soft brioche buns,1
12557,thick leaves iceberg lettuces,1
12558,thick slices beefsteak tomatoes,1
12559,very thin slices red onions,1
12560,borlotti bean,1
12561,finely grated orange zest,1
12562,prepared cooked crayfish tails,1
12563,a small food processor,1
12564,sunflower oil/olive oil,1
12565,generous grating fresh nutmeg,1
12566,1  small lemon,1
12567,hot smoked trout fillets,1
12568,rosehip jam,1
12569,slightly unripe plums,1
12570,¼tsp bicarbonate,1
12571,leftover dough,1
12572,mint syrup,1
12573,3red-skinned apples,1
12574,freshly chopped mint,1
12575,balsamic vinegar glaze,1
12576,leftover roast cherry tomatoes,1
12577,crisp green salad,1
12578,agave,1
12579,pots devon custard,1
12580,level tbsp ground almonds,1
12581,blanched roasted almonds,1
12582,sheets all-butter puff pastry,1
12583,150-200g  caster sugar,1
12584,small  sage,1
12585,thin baguette,1
12586,the long end,1
12587,blue wensleydale cheese,1
12588,field,1
12589,generous pinch cinnamon,1
12590,sesame oil sriracha,1
12591,short ribs,1
12592,leftover turkey meat,1
12593,chives roughly snipped,1
12594,shiny,1
12595,big jam jar,1
12596,long colourful ribbon,1
12597,sticky label,1
12598,a punnet,1
12599,a large bunch,1
12600,ripe cherry tomatoes,1
12601,rice syrup,1
12602,one lime,1
12603,soft breadcrumbs,1
12604,1.5-2kg/3lb,1
12605,rindless dry cure  bacon,1
12606,goma,1
12607,leftover turkey gravy,1
12608,dry sherry optional,1
12609,morello cherries,1
12610,carton  soya single cream alternative,1
12611,cake boards,1
12612,crisp biscuits,1
12613,spinach leaves,1
12614,good-quality bought mayonnaise,1
12615,cooked turkey breast,1
12616,mixed chicory leaves,1
12617,thumb-sized piece root ginger,1
12618,cooked  couscous,1
12619,plastic drinking straws,1
12620,ready-to-eat dried  apricots,1
12621,reduced fat feta cheese,1
12622,honjozo sake,1
12623,lemon bitters,1
12624,lemon peel twist,1
12625,herbs leaves,1
12626,300-400g boneless,1
12627,400-500ml vegetable oil,1
12628,bar best bitter dark chocolate,1
12629,tub cheese sauce,1
12630,steamed  jersey royal potatoes,1
12631,2  unwaxed lemons,1
12632,few  food colourings,1
12633,8 pieces,1
12634,scotch bonnet pepper cut,1
12635,each podded broad bean,1
12636,ripe papaya,1
12637,trimmed and washed watercress,1
12638,half small pack fresh mint,1
12639,half lime,1
12640,vegan butter alternative,1
12641,sachet fast-action,1
12642,3tbsp apricot jam,1
12643,few  parsley stalks,1
12644,lb 4oz piece british salmon fillet skin,1
12645,few lemon slices,1
12646,3 or 4  garlic clove,1
12647,a few  lemon wedges,1
12648,wild  salmon,1
12649,pink pickled ginger,1
12650,picked  thyme,1
12651,1⁄2 tsp cinnamon,1
12652,1 stock shot,1
12653,chopped spring onion,1
12654,roast chicken carcass,1
12655,finely chopped cloves,1
12656,lean lamb loin fillet all visible fat,1
12657,very large raw shell-on prawns,1
12658,red apple skin,1
12659,organic vanilla bean pod,1
12660,vegan whipped cream,1
12661,head broccoli stalk,1
12662,mixed grain pouch,1
12663,lemon 1/2 thinly sliced,1
12664,top quality,1
12665,celery cut,1
12666,dark sugar,1
12667,crushed/powered  allspice,1
12668,green popping candy,1
12669,dry prosecco,1
12670,sliced  bananas,1
12671,a few sprigs oregano leaves,1
12672,2 cobs,1
12673,jarred chickpeas,1
12674,lemons ½,1
12675,beetroot hummus,1
12676,seeded crackers,1
12677,mini cucumbers,1
12678,1½kg whole chicken,1
12679,heaped tbsp sea salt flakes,1
12680,french breakfast radishes,1
12681,grated horseradish fresh,1
12682,their red skins,1
12683,half a 170g packet dried berries,1
12684,chestnut flour,1
12685,1small pack coriander leaves,1
12686,a small knob,1
12687,warm double cream,1
12688,arabic mixed spice,1
12689,chilled sparkling water,1
12690,packet fresh lasagne sheets,1
12691,oranges finely grated zest,1
12692,raw peeled  tiger prawns,1
12693,italian flatbread,1
12694,unsliced brioche burger bun,1
12695,cinnamon powder,1
12696,ryvita cracker,1
12697,chilli-flavoured chocolate,1
12698,cold full-fat milk,1
12699,rustic loaf,1
12700,pink grapefruit s,1
12701,large prawn,1
12702,brown butter,1
12703,3large skinless boneless chicken breast,1
12704,reserved dill stalks,1
12705,lebanese pittas,1
12706,raw king prawns heads,1
12707,black and orange edible icing pens,1
12708,shop-bought fresh  custard,1
12709,zest 1 medium orange,1
12710,about 1 tbsp orange juice,1
12711,sliced red onions,1
12712,sliced mixed peppers,1
12713,about 6 tbsp  thick lemon curd,1
12714,ready-to-use icing,1
12715,jelly sweets,1
12716,preserved stem ginger,1
12717,atta,1
12718,rounded tbsp mayonnaise,1
12719,skinless cooked chicken breast,1
12720,red pepper stalk,1
12721,mini  pretzel sticks,1
12722,colourful sugar-coated chocolates,1
12723,a couple,1
12724,large potatoes,1
12725,chopped flat-leaf parsley,1
12726,good cumberland sausage,1
12727,vanilla pod spilt,1
12728,arla lactofree cream,1
12729,coriander small handful,1
12730,5% fat steak mince,1
12731,sweetheart cabbage leaves,1
12732,spiral,1
12733,paper lolly sticks,1
12734,ras el hanout spice mix,1
12735,one bunch spring onions,1
12736,a large piece,1
12737,amchoor,1
12738,hake fillet skinned,1
12739,strong crumbly blue cheese,1
12740,marrowbone about 10cm,1
12741,thin herb,1
12742,each ground mace,1
12743,few dots,1
12744,round shallots,1
12745,roasted red pepper pesto,1
12746,blonde white chocolate,1
12747,bright red and green sweets,1
12748,1  unwaxed lemon,1
12749,good lamb,1
12750,jalapeño chillies,1
12751,gelatine sheet,1
12752,beef strips,1
12753,500g pack ciabatta bread mix,1
12754,ready-made mini meatballs,1
12755,thin wholemeal baguette slices,1
12756,mango pieces,1
12757,a thin slice root ginger,1
12758,4 or 5 generous tbsp mayonnaise,1
12759,dill cucumber,1
12760,1 large or 2 small watermelons,1
12761,lemon cheeks,1
12762,5-6kg oven-ready turkey,1
12763,glass red,1
12764,organic egg whites,1
12765,oven-ready quails,1
12766,just-boiled water,1
12767,tubs good-quality vanilla ice cream,1
12768,cadbury's  chocolate flake bars,1
12769,amber  sugar crystals,1
12770,pomegranate cordial,1
12771,tub ricotta cheese,1
12772,2large eggs,1
12773,8small apricots,1
12774,aleppo chilli pepper flakes,1
12775,strozzapreti,1
12776,garlic pasta sauce,1
12777,basil sprig,1
12778,finely chopped tomato,1
12779,chopped small bunch,1
12780,200g fresh or  frozen pea,1
12781,tsp ground cardamom,1
12782,pot full-fat  soft cheese,1
12783,skinless blanched hazelnuts,1
12784,200-300g leftover roast turkey,1
12785,couscous and yogurt,1
12786,scraped vanilla pod,1
12787,english breakfast tea bag,1
12788,runner bean sides,1
12789,stale vegan white bloomer,1
12790,vegan dark chocolate chips,1
12791,chocolate eggs,1
12792,2large ripe avocados,1
12793,palm heart,1
12794,wedge blue cheese,1
12795,speck bacon,1
12796,plum chutney,1
12797,"3 large, ripe  mangoes",1
12798,120g plain or spelt flour,1
12799,dairy-free crème fraîche,1
12800,pot mild,1
12801,bitters optional,1
12802,1tsp ground turmeric,1
12803,2tsp smoked paprika,1
12804,2tbsp hot sauce,1
12805,3tbsp tomato ketchup,1
12806,2tbsp oat milk,1
12807,1tbsp maple syrup,1
12808,2tsp water,1
12809,2tbsp chopped fresh chives,1
12810,2 tsp vanilla paste,1
12811,85g/3oz light muscovado sugar,1
12812,tbsp/30ml milk,1
12813,thumb-sized piece piece ginger,1
12814,green-skinned english apples,1
12815,300-350ml capacity,1
12816,15-20g  pine nuts,1
12817,grana padano cheese,1
12818,2tsp chilli powder,1
12819,3-5cm florets,1
12820,pot mascarpone,1
12821,a ½ lemons,1
12822,a very healthy shake,1
12823,duck leg skin,1
12824,about 2 limes,1
12825,cooked and peeled tiger prawn tails,1
12826,1 or 2 lime cut,1
12827,plump  garlic clove,1
12828,100g fresh or frozen cranberry,1
12829,4  clementine,1
12830,stem ginger cream,1
12831,shots hot espresso,1
12832,your favourite biscuits,1
12833,the ginger syrup,1
12834,crystallised stem ginger pieces,1
12835,mauritian curry powder,1
12836,butternut squash around,1
12837,260ml/9 fl,1
12838,beefsteak,1
12839,1tbsp paprika,1
12840,créme-filled chocolate sandwich cookies,1
12841,red and black icing pens,1
12842,good quality raspberry jam,1
12843,two halves,1
12844,thin fresh chilli,1
12845,raw peeled large prawns,1
12846,southern comfort,1
12847,wkd blue,1
12848,tuna loin,1
12849,marinated anchovies,1
12850,red seedless grape,1
12851,green thai chilli,1
12852,a little vegetable oil,1
12853,a big pinch,1
12854,green vegetable medley,1
12855,tub hollandaise sauce,1
12856,sugar-coated chocolates,1
12857,4 tbsp water,1
12858,halved sugar snap peas,1
12859,semi-dried apricots,1
12860,2-3kg boneless,1
12861,fresh  ginger,1
12862,4small skinless boneless chicken breast fillets,1
12863,2large red peppers,1
12864,crumbly blue cheese,1
12865,ready-cooked chicken thighs,1
12866,1 green  pepper,1
12867,300ml/½pint white wine vinegar,1
12868,sweetened doubled cream,1
12869,mixed seasonal fruit,1
12870,stale white sourdough crusts,1
12871,16 cubes,1
12872,mediterranean tomato rice,1
12873,packet cooked jumbo tiger prawns,1
12874,your favourite fresh salad,1
12875,pot green thai chicken soup,1
12876,about 1kg/2lb 4oz peeled,1
12877,skinned white  fish fillets,1
12878,full-fat  soft cheese,1
12879,dark soy,1
12880,pickled pink ginger,1
12881,fig woody stalks,1
12882,good quality passata,1
12883,3 lime,1
12884,grappa,1
12885,raspberry ripple,1
12886,gingernut  biscuits,1
12887,a handful coriander leaves,1
12888,the edge,1
12889,cocktail skewers,1
12890,cornichon,1
12891,vegan  cheddar,1
12892,1⁄2 tsp mustard seeds,1
12893,1⁄2-1 red chilli,1
12894,strawberry hulled and chopped,1
12895,leaf  gelatine,1
12896,packet gluten-free biscuits,1
12897,manuka honey,1
12898,italian seasoning,1
12899,pizza base,1
12900,basil optional,1
12901,thai yellow curry paste,1
12902,stalks lemongrass,1
12903,mini carrots,1
12904,tubs good quality vanilla ice cream,1
12905,milk chocolate oat biscuits,1
12906,raw medium  beetroot,1
12907,cold coffee,1
12908,baileys ice cream,1
12909,rich  shortcrust pastry,1
12910,ripe banana mashed,1
12911,grated eating apple,1
12912,lemon shortbread biscuits,1
12913,raspberry jam  doughnut,1
12914,thin cake board,1
12915,uncooked hot toddy fruitcake mix,1
12916,chocolate egg moulds,1
12917,good handful walnut halves,1
12918,125g/4&frac12;oz pot low-fat yogurt,1
12919,a large handful chopped coriander,1
12920,jelly worm sweets,1
12921,200-230g puff pastry sheet,1
12922,tapenade,1
12923,best-end lamb chops,1
12924,crushed black pepper,1
12925,green tea matcha powder,1
12926,braeburn apple,1
12927,zest 1 unwaxed  orange,1
12928,zest 1 unwaxed  lemon,1
12929,cooked peeled  chestnut,1
12930,smoky mexican spice mix,1
12931,4 ground,1
12932,bag continental salad,1
12933,ribbon approx,1
12934,half a small pineapple,1
12935,your favourite truffle,1
12936,orange  fruit,1
12937,½ large or 1 small fennel,1
12938,chunk celeriac,1
12939,pickled turkish chillies,1
12940,dry-cured bacon lardons,1
12941,hot buttered toast,1
12942,salt and freshly ground pepper,1
12943,medium-sized ripe mangoes,1
12944,serrano ham,1
12945,a few small  basil,1
12946,egg pasta,1
12947,beef joint,1
12948,beef consommé,1
12949,4tsp apple cider vinegar,1
12950,tomato half cherry,1
12951,2-3 little gem lettuces,1
12952,pot custard,1
12953,chocolate flavour,1
12954,heaped tbsp korma paste,1
12955,roasted  cashew,1
12956,a 20g pack coriander leaves,1
12957,homemade fake blood,1
12958,sweet pickled baby beetroot,1
12959,heaped tbsp mango chutney,1
12960,ready-cooked lime,1
12961,1 large or 2 small sweet potatoes,1
12962,100g plain or gram flour,1
12963,each white and red cabbage,1
12964,3small lemons,1
12965,each fresh  rosemary thyme,1
12966,moderately fat lamb shoulder,1
12967,grained rice,1
12968,200-250ml vegetable oil,1
12969,sized onions,1
12970,granary bread crumbs,1
12971,medium-sized floury  potato,1
12972,low sugar,1
12973,sparkling rhubarb soda,1
12974,2tsp soy sauce,1
12975,1tbsp smooth peanut butter,1
12976,2tsp rice vinegar,1
12977,2tsp sugar,1
12978,strip  lemon zest,1
12979,little florets,1
12980,coconut milk powder,1
12981,tamarind pulp water,1
12982,drumstick leaves,1
12983,ready-made lean lamb meatballs,1
12984,heaped tbsp polenta,1
12985,mixed vine fruits,1
12986,dry cognac,1
12987,lemon rind,1
12988,about 4 tbsp,1
12989,red fruit pastilles,1
12990,walnut whips,1
12991,north atlantic,1
12992,pkt good quality  sausages,1
12993,2large garlic cloves crushed,1
12994,fresh chopped  parsley,1
12995,3mm,1
12996,pot coconut yogurt,1
12997,beets,1
12998,crinkle-cut pickled beetroot,1
12999,hot strong flavoured  chicken stock,1
13000,hot pickled peppers,1
13001,yellow split pea,1
13002,about 3 tbsp sunflower oil,1
13003,mandarin segments,1
13004,radish trimmed and finely sliced,1
13005,toasted rye,1
13006,175g/ 6oz butter,1
13007,175g/ 6oz caster sugar,1
13008,pkt  pappardelle,1
13009,2 cubes,1
13010,juniper berry,1
13011,75-125g smooth strawberry jam,1
13012,1large red chilli,1
13013,marinated feta,1
13014,tub beetroot,1
13015,pouch cooked mixed grains,1
13016,½l vegetable  stock,1
13017,carton 50% fat crème fraîche,1
13018,thick slices   bread,1
13019,thick-cut ham,1
13020,50g fresh blackberries,1
13021,butter cold and cubed,1
13022,1  large  orange,1
13023,ceylon teabags,1
13024,chocolate chips blueberries,1
13025,unsmoked  bacon,1
13026,lamb's  liver,1
13027,175g/ 6oz self-raising flour,1
13028,medium-large portobello mushrooms,1
13029,jumbo chocolate buttons,1
13030,80g fresh or frozen baby spinach,1
13031,cooked rice rice,1
13032,cacao nibs,1
13033,curry leaf,1
13034,packets chocolate cream-filled sandwich cookies,1
13035,roasted pumpkin seed,1
13036,boiled new  potatoes,1
13037,dry marsala,1
13038,finely chopped candied peel,1
13039,cannoli moulds,1
13040,roast beef,1
13041,lidl extra mature cheddar,1
13042,peach jam,1
13043,thick double cream,1
13044,strong vegetable stock,1
13045,good lemon curd,1
13046,cooked rice grains,1
13047,1small cauliflower,1
13048,just-ripe avocado,1
13049,green jalapeño chilli,1
13050,heaped tbsp cranberry sauce,1
13051,spring onion green parts,1
13052,1 inch slices,1
13053,butternut squash unpeeled,1
13054,boiled long grain rice,1
13055,2-3 lemons,1
13056,quantity tomato sauce,1
13057,even-sized medium potatoes,1
13058,thin asparagus spears,1
13059,fillet hot-smoked salmon,1
13060,½pack watercress,1
13061,brown shrimp,1
13062,boneless pork shoulder joint skin,1
13063,a lemony green salad,1
13064,sliced radishes,1
13065,long hot chillies,1
13066,couscous cooked following pack instructions,1
13067,1 large   lime,1
13068,all purpose flour,1
13069,easy-bake dried yeast,1
13070,whipped  double cream,1
13071,pistachio cream spread,1
13072,1½ tbsp instant coffee granules,1
13073,savoiardi sponge fingers,1
13074,regular,1
13075,peanut brittle bar,1
13076,the best ones,1
13077,spanish  onion,1
13078,white  breadcrumbs,1
13079,a large  chicken,1
13080,juice half a  lemon,1
13081,pandan,1
13082,chargrilled artichokes,1
13083,ibérico ham,1
13084,a handful fresh herbs,1
13085,150-200g mushrooms,1
13086,a good-quality loaf,1
13087,3 thick discs,1
13088,0.5 lime,1
13089,agar-agar flakes,1
13090,crinkly passion fruits,1
13091,honey-roasted peanuts,1
13092,few rosemary,1
13093,rashers dry-cured streaky bacon,1
13094,portobello mushrooms stalks,1
13095,ready rolled shortcrust pastry,1
13096,each white wine vinegar,1
13097,good-quality thick marmalade,1
13098,frozen cranberry,1
13099,good-quality fresh vanilla custard,1
13100,frozen  cranberry,1
13101,15-20% fat beef mince,1
13102,cider malt,1
13103,maltesers chocolate mini bunnies,1
13104,pot plain bio-yogurt,1
13105,baked banana chips,1
13106,salted crackers,1
13107,2squares dark chocolate,1
13108,peeled and chopped swede,1
13109,really ripe  mangoes,1
13110,really ripe passion fruits,1
13111,assorted vegetable sticks,1
13112,finely chopped fresh thyme,1
13113,full-fat natural bio yogurt,1
13114,mixed red fruit,1
13115,seedless blackcurrant jam,1
13116,seedless raspberry,1
13117,broken spaghetti,1
13118,chopped pitted black olives,1
13119,chopped capers,1
13120,fatty  pork,1
13121,very large knob fresh  root ginger,1
13122,2small pears,1
13123,squares,1
13124,pouch cooked wholegrain pilau rice,1
13125,kale leaves,1
13126,sultanas raisins,1
13127,freshly-grated nutmeg,1
13128,50-80ml capacity,1
13129,golden caster,1
13130,edible flowers glitter,1
13131,a small handful parsley,1
13132,few handfuls plain flour,1
13133,each mini burger buns,1
13134,3g cloves,1
13135,shop-bought pizza dough,1
13136,canned pizza sauce,1
13137,red thai,1
13138,chopped dried apricots,1
13139,about 175g panettone,1
13140,about 50g unsalted butter,1
13141,baby leaf spring,1
13142,mixed greens,1
13143,cooked egg noodle,1
13144,moong dhal,1
13145,medium-sized tomato cut,1
13146,chocolate-covered honeycomb bar,1
13147,175-200ml  whole milk,1
13148,chilli con,1
13149,green pepper cut,1
13150,vegetable gravy granules,1
13151,preserved lemon centre,1
13152,good quality mayo,1
13153,butterbeans,1
13154,chopped herbs lemon slices,1
13155,thai jasmine rice,1
13156,finger-width strips,1
13157,thyme spig,1
13158,"1 large, very ripe banana",1
13159,chunk butternut squash,1
13160,250g medium or short grain rice,1
13161,shaped pasta,1
13162,a few drops vanilla extract,1
13163,avocado peeled and stoned,1
13164,rare roast beef,1
13165,dry-roasted peanut,1
13166,raw peeled pumpkin,1
13167,1 large or 2 small cauliflower,1
13168,about 20 large prawns,1
13169,each  thyme,1
13170,about 100g/4,1
13171,soft unsalted butter,1
13172,baby scallops,1
13173,oyster mushrooms,1
13174,pork roasting joint,1
13175,2plump kippers,1
13176,2-3 cardamom pods,1
13177,pork loin medallions,1
13178,piquillo,1
13179,chilled dessert pastry,1
13180,your favourite filling,1
13181,cucumber raita,1
13182,light fruitcake,1
13183,light brown,1
13184,cake drum,1
13185,a wide  rolling pin,1
13186,a large smooth surface,1
13187,toothpicks,1
13188,a paintbrush,1
13189,a small sieve,1
13190,a 15cm cake box,1
13191,a 30cm cake box,1
13192,baby-themed biscuit cutters,1
13193,chopped pancetta,1
13194,unroasted cashew nuts,1
13195,generous lemons wedges,1
13196,800g/1lb 12oz pumpkin flesh,1
13197,each ground cumin ground coriander,1
13198,zingy lemon cake,1
13199,cured sausage,1
13200,roughly olive oil,1
13201,box tunworth,1
13202,pure coconut,1
13203,natural/organic vegetable,1
13204,1&frac12; tsp salt,1
13205,1&frac12; tsp garam masala,1
13206,tubs low-fat plain yogurt,1
13207,1⁄2 orange clementine,1
13208,good-quality  braising steak,1
13209,skinless chicken thighs bone,1
13210,lean top-quality  minced beef,1
13211,good-quality sausages skins,1
13212,wheat-free pitta bread pockets,1
13213,pot ready-made chilled custard,1
13214,shop-bought chocolate brownies,1
13215,skinned white  urad dal,1
13216,yellow mung dal,1
13217,trimmed french beans,1
13218,tenderstem,1
13219,crème,1
13220,50g-75g panko breadcrumbs,1
13221,merguez sausage,1
13222,good  white bread,1
13223,half a lemon zest,1
13224,pasta microwave jacket potato,1
13225,pork belly piece,1
13226,heads chicory red,1
13227,roughly 1cm cubes,1
13228,black teabags,1
13229,pickled beef brisket,1
13230,1 large  orange,1
13231,finger-length piece fresh root  ginger,1
13232,sugar snap  peas,1
13233,dairy free dark chocolate,1
13234,dairy free vanilla ice cream,1
13235,vegan biscuits soya,1
13236,pouch cooked  puy lentils,1
13237,fillet,1
13238,1medium egg,1
13239,1large avocado,1
13240,marron glacé,1
13241,chestnut syrup,1
13242,pot single,1
13243,raw  beetroot stalks,1
13244,british feather blade beef,1
13245,naan bread basmati rice,1
13246,mini lamb,1
13247,chopped feta,1
13248,sachet  dry active yeast,1
13249,parmesan pecorino,1
13250,kale spinach,1
13251,very ripe avocados,1
13252,sushi grade tuna steak,1
13253,good quality  sausages,1
13254,1heaped tbsp wholegrain mustard,1
13255,smallish vine tomatoes,1
13256,dry cure  streaky bacon,1
13257,smaller chunks,1
13258,firm  plums stones,1
13259,their-best  soft herbs,1
13260,toasted buttered sourdough,1
13261,300g/11oz golden caster sugar,1
13262,450g/1lb butter,1
13263,tbsp/15ml vanilla bean paste,1
13264,450g/1lb self-raising flour,1
13265,tbsp/60ml whole milk,1
13266,200g/7oz rainbow sprinkles,1
13267,softened butter,1
13268,450g/1lb icing sugar,1
13269,tbsp/15ml vanilla paste,1
13270,plenty,1
13271,orange and lemon slices,1
13272,1.5-2kg unsmoked boneless,1
13273,4 whole cloves plus extra,1
13274,any past-their-best greens,1
13275,mixed fresh,1
13276,4medium eggs,1
13277,canned pitted cherries,1
13278,frozen cooked shelled  mussels,1
13279,ripe  brie rind,1
13280,black/white sesame seeds,1
13281,peppered mackerel,1
13282,provencal black olives,1
13283,leftover chilli,1
13284,leftover jalapeño relish,1
13285,light digestive biscuit,1
13286,pot extra-thick double cream,1
13287,more lemon,1
13288,skinless haddock fillet,1
13289,scotch whiskey,1
13290,strips lemons zest,1
13291,a sharp knife,1
13292,thick tuna,1
13293,chilled lemonade,1
13294,each of  mint,1
13295,grated raw beetroot,1
13296,1tbsp chilli sauce,1
13297,thin slices crispy pancetta,1
13298,mint chocolate chip ice cream,1
13299,chocolate ice cream,1
13300,dark mint chocolate,1
13301,bubbly mint chocolate mint chocolate sticks,1
13302,25-50g blue cheese,1
13303,soft ready-to-eat dried apricots,1
13304,each caraway,1
13305,2small fresh  red chillies,1
13306,hemp,1
13307,pinch ground  cloves,1
13308,good-quality  white bread crusts,1
13309,punnet  blackberry,1
13310,herby green  salad,1
13311,orange  marmalade,1
13312,1tbsp rice wine vinegar,1
13313,2tbsp soft brown sugar,1
13314,cartons buttermilk,1
13315,leftover cooked rice,1
13316,dairy and wheat-free worcestershire sauce,1
13317,creole,1
13318,1small lemon,1
13319,each medium carrots,1
13320,each turnip celeriac,1
13321,tinned haricot beans,1
13322,cayenne powder,1
13323,vegetarian feta mashed,1
13324,raw beef meatball,1
13325,rosemary focaccia loaf,1
13326,few slices  chorizo,1
13327,espresso coffee,1
13328,a few parsley sprigs,1
13329,good-quality apple juice,1
13330,300g fresh or frozen cranberries,1
13331,piece fresh  root ginger,1
13332,up to 3-4 tbsp,1
13333,brown soft sugar,1
13334,yellow  mustard seeds,1
13335,thick-cut pork chops,1
13336,spicy rice,1
13337,150g-250g  caster sugar,1
13338,wide-mouthed,1
13339,streaky rindless bacon,1
13340,finely,1
13341,100g or 200g chocolate chips,1
13342,1tbsp curry,1
13343,1tsp chinese five-spice,1
13344,2tsp vegetable bouillon powder,1
13345,½kg chicken,1
13346,a whole piece,1
13347,225g/8oz  caster sugar,1
13348,225g/8oz  butter,1
13349,miniature new potatoes,1
13350,rye sourdough bread,1
13351,full-bodied  red wine,1
13352,rounded tbsp dijon,1
13353,italian cured belly pork,1
13354,ripe plum,1
13355,pot natural full-fat yogurt,1
13356,garlic cream cheese,1
13357,100-140g/4-5oz butter cut,1
13358,hot full-fat  milk,1
13359,freshly brewed strong black coffee,1
13360,wholemeal & seed tortillas,1
13361,vegetable stock boiling,1
13362,the slant,1
13363,baby mixed vegetables,1
13364,red romano pepper,1
13365,turkish kaşar peyniri,1
13366,stewing beef,1
13367,british pork loin,1
13368,8sprigs fresh  oregano,1
13369,oranges 1 halved,1
13370,roughly chopped dill fronds,1
13371,large jar roasted red peppers,1
13372,orange whisky  marmalade,1
13373,frozen shelled edamame beans,1
13374,courgettes ends,1
13375,flaked coconut,1
13376,sesame burger buns,1
13377,vegetarian  brie,1
13378,garlic baguette,1
13379,sweet pastry cases,1
13380,meringues and thai basil,1
13381,metallic sprinkles,1
13382,paella paste,1
13383,thumb sized knob,1
13384,lean  pork fillet,1
13385,mature  gruyère,1
13386,well-aged parmesan,1
13387,ripe  brie,1
13388,600ml/1pint,1
13389,6large egg yolks,1
13390,chopped  tomato,1
13391,568ml/19 fl,1
13392,"dried, stoned date",1
13393,chopped  candied peel,1
13394,thin shreds,1
13395,4-5kg/9-11lb raw smoked ham,1
13396,90g/3oz soft brown sugar,1
13397,tub  low-fat fromage frais,1
13398,chicken carcasses,1
13399,romano peppers,1
13400,mini plain tortilla wraps,1
13401,punnets  blueberries,1
13402,450g/1lb jar dulce de leche caramel toffee,1
13403,new,1
13404,thick creamy yogurt,1
13405,about 400g dried pasta sheets,1
13406,1large orange zest,1
13407,coarse sea salt flakes optional,1
13408,generous handful green olives,1
13409,green  peppercorns,1
13410,bone-in rindless pork belly,1
13411,teriyaki marinade,1
13412,lidl panettone classico,1
13413,trimmed leek,1
13414,brussels sprouts trimmed and shredded,1
13415,chives parsley,1
13416,natural yogurt ice cream,1
13417,butternut squash chunkily,1
13418,little  icing sugar,1
13419,duck breast fillets,1
13420,wok noodles,1
13421,all-butter puff pastry block,1
13422,1.5-1.8kg unsmoked boneless gammon joint,1
13423,few tsp,1
13424,skin-on  chicken thighs,1
13425,carton long-life vanilla-flavoured sweetened soya milk alternative,1
13426,woodchips,1
13427,day old white bread,1
13428,pot mild natural  yogurt,1
13429,blackberry compote,1
13430,reposado tequila,1
13431,peychaud’s bitters,1
13432,sage leaf,1
13433,ready-prepared   melon medley,1
13434,strong wholewheat flour,1
13435,blade,1
13436,1⁄2 star anise,1
13437,medium-sized vine-ripened tomatoes,1
13438,garlic-infused olive oil,1
13439,coriander half finely chopped,1
13440,nam pla fish sauce,1
13441,diced pork shoulder,1
13442,thin-stemmed forced rhubarb,1
13443,dairy-free coconut  yogurt,1
13444,sweet gem lettuce,1
13445,good stock,1
13446,generous handful thyme,1
13447,skinless fillet,1
13448,vermut arlini,1
13449,chicken portions,1
13450,soft cheese room temperature,1
13451,sliced aubergine,1
13452,crumbled feta cheese,1
13453,stale  bread,1
13454,2large orange  sweet potatoes,1
13455,plump  sausages,1
13456,onion  marmalade,1
13457,your favourite liqueur,1
13458,chakki,1
13459,chilled water,1
13460,confit duck legs,1
13461,tiny pinch saffron,1
13462,chicken goujons,1
13463,katsu curry sauce,1
13464,extra lemon,1
13465,avocado skinned,1
13466,chevre,1
13467,fajita,1
13468,candy-striped beetroot,1
13469,1large bunch basil,1
13470,1large bunch parsley,1
13471,yellow fondant,1
13472,frozen pepper,1
13473,medium-sized scotch bonnet chillies,1
13474,unripe papaya,1
13475,sweetcorn cob,1
13476,long shreds,1
13477,oranges very thinly sliced,1
13478,cooked garlic,1
13479,full fat milk,1
13480,cm-piece ginger,1
13481,organic passata,1
13482,giant,1
13483,150g pack thinly sliced smoked salmon,1
13484,little caster sugar,1
13485,turkey giblets,1
13486,"150g fresh, podded peas",1
13487,thickly cut ham,1
13488,full-cream  jersey milk,1
13489,1⁄2  small bunch,1
13490,16medium chestnut mushrooms,1
13491,green  pesto,1
13492,rounded tbsp pesto,1
13493,skinless chicken quarters,1
13494,small head purple cabbage,1
13495,pot vegan cream alternative,1
13496,sundried  tomatoes,1
13497,chopped  pistachios,1
13498,sugar strands,1
13499,each white and dark chocolate,1
13500,skewers wooden chopsticks,1
13501,plant-based butter block,1
13502,generous shaving,1
13503,2large peppers,1
13504,couple pinches  sea salt,1
13505,3plump green  chillies,1
13506,whole almond,1
13507,wedge  savoy cabbage,1
13508,warm corn tortillas,1
13509,self-raising,1
13510,sheets leaf  gelatine,1
13511,carton fromage frais,1
13512,1-1.3kg brined kosher salt beef,1
13513,waxy red potatoes,1
13514,blue and pink food colouring,1
13515,5-5.5kg oven-ready turkey neck,1
13516,quantity sausage,1
13517,a few bay,1
13518,dry white,1
13519,12large chicken thighs bone,1
13520,3fat garlic,1
13521,really good quality pork chops,1
13522,about 300g/11oz baby,1
13523,raw peeled frozen jumbo prawn,1
13524,100ml whole or semi-skimmed milk,1
13525,vegan vegetable bouillon powder,1
13526,vital wheat,1
13527,vegan puff pastry,1
13528,fruitcake,1
13529,good loose-leaf earl grey tea,1
13530,decent gin,1
13531,2 large or 4 small ripe  figs,1
13532,basil-infused  oil,1
13533,8slices prosciutto,1
13534,16medium-sized basil,1
13535,seasoned  rice vinegar,1
13536,stir-fry  oil,1
13537,1large skinless boneless chicken breast fillet cut,1
13538,skinless hazelnuts,1
13539,finely chopped rosemary leaves,1
13540,chilli sausages,1
13541,chipotle  chilli,1
13542,lean  lamb mince,1
13543,hoki fillet,1
13544,garlic cloves left whole but,1
13545,bovril,1
13546,finely grated parmesan cheese,1
13547,fresh mozzarella,1
13548,lb 8oz piece,1
13549,strong-flavoured chicken,1
13550,dried apricot,1
13551,coarse  breadcrumb,1
13552,mild cooking chorizo,1
13553,thai red,1
13554,skinless boneless chicken thigh,1
13555,chinese dried egg noodles,1
13556,ball good-quality buffalo mozzarella,1
13557,good balsamic vinegar,1
13558,1bulb fennel,1
13559,poire william liqueur,1
13560,soft lettuce leaves,1
13561,full-fat garlic,1
13562,halved,1
13563,gold edible lustre,1
13564,head soft  lettuce core,1
13565,cold  vegetable stock,1
13566,½ large or 1  small preserved lemon skin,1
13567,chopped mint coriander,1
13568,1 large or 2 small  celeriac,1
13569,dairy-free soft cheese,1
13570,dairy-free puff pastry,1
13571,a vanilla pod seeds,1
13572,small handful small or micro basil,1
13573,the skin,1
13574,poached eggs,1
13575,about 40 baby spinach,1
13576,coriander torn,1
13577,red glacé cherry,1
13578,round cake,1
13579,a few squares,1
13580,sliced bread,1
13581,pomegranates juice,1
13582,good handfuls kale stalks,1
13583,free range chicken,1
13584,red-skinned potato,1
13585,long thin baguette,1
13586,4cm/1½in piece ginger,1
13587,a paste,1
13588,caramel flavouring,1
13589,1tbsp ground flaxseed,1
13590,3tbsp golden syrup,1
13591,1tbsp ground ginger,1
13592,2tsp ground cinnamon,1
13593,bird's eye chillies,1
13594,roughly chopped oregano,1
13595,desiree potato,1
13596,2cm thick slices,1
13597,3-bone rib,1
13598,hot creamed horseradish,1
13599,cake release spray,1
13600,frozen raw whole prawns,1
13601,heaped tbsp honey,1
13602,1&frac12;tsp fajita seasoning,1
13603,100ml/3½ fl oz hot chicken stock,1
13604,each ground cinnamon allspice,1
13605,dried wholewheat noodles,1
13606,a few stems,1
13607,5tbsp plain flour,1
13608,2tbsp sunflower,1
13609,2tbsp honey,1
13610,2tbsp soy sauce,1
13611,2tsp sesame seeds,1
13612,2tsp sesame oil,1
13613,dry-cured,1
13614,free-range chicken thighs,1
13615,2 rosemary sprigs,1
13616,pork skin,1
13617,inch long pieces,1
13618,about 36  wonton wrappers,1
13619,shop-bought  blinis,1
13620,edible stars,1
13621,120-140g cornflour,1
13622,good-quality ready made  custard,1
13623,irish st gall cheese mature cheddar,1
13624,sachet piri-piri spice mix,1
13625,london dry gin,1
13626,white wine-based aperitif,1
13627,pitted  black olives,1
13628,petits pois,1
13629,ripe vine,1
13630,flaked almonds coriander,1
13631,250g fresh or frozen raspberries,1
13632,warm vegetable,1
13633,courgette flowers stamen,1
13634,chopped dill fronds,1
13635,grated  root ginger,1
13636,mini chicken breasts,1
13637,good splashes,1
13638,purple gel,1
13639,small shell moulds,1
13640,red mullet scaled and cleaned,1
13641,1small red onion,1
13642,poached,1
13643,winter,1
13644,mini poppadoms,1
13645,sweet chutney,1
13646,floury  baking potatoes,1
13647,grated hot horseradish,1
13648,mixed crispy salad,1
13649,heads purple,1
13650,delicious apples,1
13651,thick yogurt,1
13652,2½cm piece ginger,1
13653,1⁄4 lemon,1
13654,edible pearls,1
13655,few dill,1
13656,closed cup white mushrooms,1
13657,any middle eastern,1
13658,good-quality  roast ham,1
13659,approx 30g grated cheddar cheese,1
13660,edible gold,1
13661,warm apricot jam,1
13662,ready-rolled marzipan round,1
13663,gold wrapping ribbon,1
13664,ivy,1
13665,peeled  prawn,1
13666,few chunks,1
13667,few good squeezes,1
13668,big dollop,1
13669,mead,1
13670,thumb-sized piece fresh ginger,1
13671,100g fresh or frozen  cranberry,1
13672,little olive oil,1
13673,red glacé cherries,1
13674,zest 1 blood orange,1
13675,beef burgers,1
13676,granny smith,1
13677,strong  blue cheese,1
13678,caramel ice cream,1
13679,good-quality pork belly skin,1
13680,white  onion,1
13681,korean  soy bean paste,1
13682,roasted sesame oil,1
13683,handfuls fresh cherries,1
13684,freshly cracked black pepper,1
13685,5-6kg oven-ready turkey neck,1
13686,quantity vegan gravy base,1
13687,blueberries raspberries,1
13688,roughly a 500g/1lb 2oz tub,1
13689,good-quality fresh vegetarian pesto,1
13690,2-2½ kg piece beef brisket,1
13691,dried ground,1
13692,a few handfuls mixed leaf salad,1
13693,hot veg,1
13694,rindless streaky bacon rashers,1
13695,2 parsley stalks,1
13696,bran flakes,1
13697,cumberland sausages skins,1
13698,boneless pork shoulder rind,1
13699,desirée  potatoes,1
13700,just-ripe peaches,1
13701,few tarragon sprigs,1
13702,rye bread loaf,1
13703,sage sprigs leaves,1
13704,sheets ready-rolled puff pastry,1
13705,150-200ml  milk,1
13706,baby lettuce leaves,1
13707,zest ¼ orange,1
13708,thick slices rustic  bread,1
13709,ball vegetarian mozzarella,1
13710,roughly 3cm cubes,1
13711,skinless boneless white fish fillets,1
13712,ready-to-eat caesar,1
13713,crushed  amaretti biscuits,1
13714,tsp bicarbonate,1
13715,a small handful coriander leaves,1
13716,6slices italian  salami,1
13717,provolone,1
13718,fillet undyed smoked haddock,1
13719,cooked plain new potatoes,1
13720,frozen green beans,1
13721,mixed peppercorns,1
13722,about 350g,1
13723,big handful mint,1
13724,about 6 tbsp,1
13725,250-300g/9-10oz soft cheese,1
13726,chopped fresh herbs - mixture,1
13727,boiled new potato,1
13728,tiny raw  broad bean young radishes,1
13729,slices,1
13730,1 tbsp juice,1
13731,pedro ximénez sherry,1
13732,chopped medjool dates,1
13733,gluten-free  pork sausages,1
13734,chopped salted pistachios,1
13735,ready-made chocolate loaf,1
13736,edible glitter chocolate truffles,1
13737,pretzel pieces,1
13738,morel,1
13739,6 large chunks,1
13740,frozen wild red shrimp,1
13741,a few rosemary sprigs,1
13742,seasonal greens,1
13743,pot probiotic yogurt,1
13744,1 tbsp rice wine,1
13745,long flat loaves,1
13746,beef sirloin joint,1
13747,reduced sugar raspberry jam,1
13748,good drizzle  honey,1
13749,just-ripe avocados,1
13750,red and green  grapes,1
13751,cubed feta,1
13752,very small,1
13753,cookie dough,1
13754,nice bread,1
13755,about 700g maris piper potatoes,1
13756,sharp green  apples,1
13757,red-skinned pears,1
13758,semi-dried tomato pieces,1
13759,ready-rolled shortcrust,1
13760,white crème de cacao,1
13761,crunchy dark roast peanut butter,1
13762,wheat-free pasta,1
13763,mixed pepper antipasto,1
13764,50g/2oz pomegranate seeds,1
13765,few knobs,1
13766,frozen soy bean,1
13767,raw large peeled  prawn,1
13768,milld curry powder,1
13769,almond essence,1
13770,japanese  rice vinegar,1
13771,ground cardamom,1
13772,aleppo pepper,1
13773,spanish paprika,1
13774,mini wooden skewers,1
13775,organic peanut butter,1
13776,1cm-thick slices,1
13777,low-fat live yogurt,1
13778,tomato pizza sauce,1
13779,2small cooking chorizo,1
13780,fromage blanc,1
13781,shaved  coconut,1
13782,½kg boneless shoulder,1
13783,roasted and freshly ground,1
13784,chinese five spice powder,1
13785,tubs  low-fat crème fraîche,1
13786,85-100g demerara sugar,1
13787,sweet miso paste,1
13788,custard cream,1
13789,quantity thick royal,1
13790,about 2 large handfuls,1
13791,vegan cream alternative,1
13792,meaty chipolatas sausages,1
13793,dessert  apple core,1
13794,chives and crusty bread,1
13795,milk chocolate fingers,1
13796,sugar coated chocolates,1
13797,bendy straw,1
13798,paper bag,1
13799,unsweetened peanut butter,1
13800,chanteney carrots,1
13801,thin red ribbon,1
13802,white self-raising flour,1
13803,sachet  fast action yeast,1
13804,ground coffee,1
13805,milk vodka,1
13806,vegan  vegetable spread,1
13807,0% fat probiotic yogurt,1
13808,curry spice,1
13809,sliced kiwi fruit,1
13810,a few flaked,1
13811,pumpkins,1
13812,flavourless vegetable oil,1
13813,sweet vegan shortcrust pastry,1
13814,1tsp fresh nutmeg,1
13815,3tsp cinnamon,1
13816,4tbsp cornflour,1
13817,oat almond,1
13818,1tbsp icing sugar,1
13819,classic tomato salsa,1
13820,ripe beef tomatoes,1
13821,each turmeric,1
13822,pot yogurt,1
13823,4sheets filo pastry,1
13824,rope-grown mussel,1
13825,soft wholemeal rolls,1
